InvoiceNo,StockCode,Description,Quantity,InvoiceDate,UnitPrice,CustomerID,Country
INV-536365,PROD-007,Ergonomic Office Chair,4,01-01-2025 11:44,199,CUST-1110,France
INV-536365,PROD-005,Bluetooth Headphones,4,01-01-2025 11:44,59.99,CUST-1110,France
INV-536365,PROD-002,Mechanical Keyboard,4,01-01-2025 11:44,85,CUST-1110,France
INV-536366,PROD-004,27-inch Monitor,1,01-01-2025 12:34,249.99,CUST-1127,United Kingdom
INV-536367,PROD-002,Mechanical Keyboard,2,01-01-2025 15:57,85,CUST-1198,France
INV-536367,PROD-003,USB-C Hub,1,01-01-2025 15:57,35,CUST-1198,France
INV-536367,PROD-008,Laptop Stand,3,01-01-2025 15:57,29.99,CUST-1198,France
INV-536368,PROD-006,Desk Mat,18,01-01-2025 16:21,15.5,CUST-1035,Germany
INV-536369,PROD-006,Desk Mat,1,01-01-2025 16:55,15.5,CUST-1172,United Kingdom
INV-536369,PROD-007,Ergonomic Office Chair,3,01-01-2025 16:55,199,CUST-1172,United Kingdom
INV-536370,PROD-002,Mechanical Keyboard,7,01-01-2025 17:33,85,CUST-1090,United Kingdom
INV-536370,PROD-003,USB-C Hub,14,01-01-2025 17:33,35,CUST-1090,United Kingdom
INV-536370,PROD-006,Desk Mat,7,01-01-2025 17:33,15.5,CUST-1090,United Kingdom
INV-536370,PROD-001,Wireless Mouse,14,01-01-2025 17:33,25,CUST-1090,United Kingdom
INV-536371,PROD-007,Ergonomic Office Chair,1,02-01-2025 09:47,199,CUST-1113,Germany
INV-536371,PROD-008,Laptop Stand,1,02-01-2025 09:47,29.99,CUST-1113,Germany
INV-536371,PROD-002,Mechanical Keyboard,1,02-01-2025 09:47,85,CUST-1113,Germany
INV-536372,PROD-007,Ergonomic Office Chair,1,02-01-2025 10:27,199,CUST-1113,France
INV-536372,PROD-006,Desk Mat,3,02-01-2025 10:27,15.5,CUST-1113,France
INV-536372,PROD-004,27-inch Monitor,1,02-01-2025 10:27,249.99,CUST-1113,France
INV-536372,PROD-002,Mechanical Keyboard,1,02-01-2025 10:27,85,CUST-1113,France
INV-536373,PROD-005,Bluetooth Headphones,2,02-01-2025 10:40,59.99,CUST-1011,United Kingdom
INV-536374,PROD-001,Wireless Mouse,3,02-01-2025 12:47,25,CUST-1101,United Kingdom
INV-536374,PROD-008,Laptop Stand,2,02-01-2025 12:47,29.99,CUST-1101,United Kingdom
INV-536374,PROD-004,27-inch Monitor,3,02-01-2025 12:47,249.99,CUST-1101,United Kingdom
INV-536375,PROD-001,Wireless Mouse,2,02-01-2025 14:02,25,CUST-1117,United Kingdom
INV-536376,PROD-007,Ergonomic Office Chair,2,02-01-2025 16:13,199,CUST-1143,Germany
INV-536376,PROD-008,Laptop Stand,2,02-01-2025 16:13,29.99,CUST-1143,Germany
INV-536377,PROD-008,Laptop Stand,1,02-01-2025 17:15,29.99,CUST-1156,United Kingdom
INV-536378,PROD-005,Bluetooth Headphones,8,02-01-2025 17:55,59.99,CUST-1060,United Kingdom
INV-536378,PROD-006,Desk Mat,8,02-01-2025 17:55,15.5,CUST-1060,United Kingdom
INV-536379,PROD-001,Wireless Mouse,3,03-01-2025 12:15,25,CUST-1008,United Kingdom
INV-536379,PROD-006,Desk Mat,3,03-01-2025 12:15,15.5,CUST-1008,United Kingdom
INV-536380,PROD-007,Ergonomic Office Chair,3,03-01-2025 12:24,199,CUST-1062,United Kingdom
INV-536381,PROD-003,USB-C Hub,3,03-01-2025 14:21,35,CUST-1101,United Kingdom
INV-536381,PROD-004,27-inch Monitor,3,03-01-2025 14:21,249.99,CUST-1101,United Kingdom
INV-536381,PROD-001,Wireless Mouse,1,03-01-2025 14:21,25,CUST-1101,United Kingdom
INV-536381,PROD-005,Bluetooth Headphones,3,03-01-2025 14:21,59.99,CUST-1101,United Kingdom
INV-536382,PROD-004,27-inch Monitor,3,03-01-2025 14:43,249.99,CUST-1018,Germany
INV-536382,PROD-008,Laptop Stand,2,03-01-2025 14:43,29.99,CUST-1018,Germany
INV-536383,PROD-008,Laptop Stand,1,03-01-2025 16:05,29.99,CUST-1169,France
INV-536383,PROD-002,Mechanical Keyboard,2,03-01-2025 16:05,85,CUST-1169,France
INV-536383,PROD-003,USB-C Hub,3,03-01-2025 16:05,35,CUST-1169,France
INV-536383,PROD-005,Bluetooth Headphones,1,03-01-2025 16:05,59.99,CUST-1169,France
INV-536384,PROD-003,USB-C Hub,3,03-01-2025 16:28,35,CUST-1126,Germany
INV-536384,PROD-004,27-inch Monitor,1,03-01-2025 16:28,249.99,CUST-1126,Germany
INV-536384,PROD-008,Laptop Stand,2,03-01-2025 16:28,29.99,CUST-1126,Germany
INV-536385,PROD-007,Ergonomic Office Chair,3,03-01-2025 16:36,199,CUST-1014,United Kingdom
INV-536386,PROD-007,Ergonomic Office Chair,2,03-01-2025 17:23,199,CUST-1141,France
INV-536386,PROD-001,Wireless Mouse,3,03-01-2025 17:23,25,CUST-1141,France
INV-536387,PROD-003,USB-C Hub,1,04-01-2025 09:34,35,CUST-1029,France
INV-536387,PROD-004,27-inch Monitor,1,04-01-2025 09:34,249.99,CUST-1029,France
INV-536388,PROD-008,Laptop Stand,1,04-01-2025 10:22,29.99,CUST-1022,France
INV-536388,PROD-001,Wireless Mouse,3,04-01-2025 10:22,25,CUST-1022,France
INV-536388,PROD-006,Desk Mat,2,04-01-2025 10:22,15.5,CUST-1022,France
INV-536388,PROD-003,USB-C Hub,3,04-01-2025 10:22,35,CUST-1022,France
INV-536389,PROD-006,Desk Mat,1,04-01-2025 10:41,15.5,CUST-1103,France
INV-536389,PROD-003,USB-C Hub,3,04-01-2025 10:41,35,CUST-1103,France
INV-536389,PROD-005,Bluetooth Headphones,1,04-01-2025 10:41,59.99,CUST-1103,France
INV-536390,PROD-001,Wireless Mouse,3,04-01-2025 13:36,25,CUST-1180,United Kingdom
INV-536390,PROD-004,27-inch Monitor,3,04-01-2025 13:36,249.99,CUST-1180,United Kingdom
INV-536391,PROD-001,Wireless Mouse,1,04-01-2025 13:59,25,CUST-1007,United Kingdom
INV-536391,PROD-003,USB-C Hub,3,04-01-2025 13:59,35,CUST-1007,United Kingdom
INV-536391,PROD-008,Laptop Stand,2,04-01-2025 13:59,29.99,CUST-1007,United Kingdom
INV-536391,PROD-002,Mechanical Keyboard,3,04-01-2025 13:59,85,CUST-1007,United Kingdom
INV-536392,PROD-001,Wireless Mouse,4,04-01-2025 14:53,25,CUST-1075,United Kingdom
INV-536392,PROD-007,Ergonomic Office Chair,8,04-01-2025 14:53,199,CUST-1075,United Kingdom
INV-536392,PROD-008,Laptop Stand,8,04-01-2025 14:53,29.99,CUST-1075,United Kingdom
INV-536392,PROD-006,Desk Mat,4,04-01-2025 14:53,15.5,CUST-1075,United Kingdom
INV-536393,PROD-007,Ergonomic Office Chair,2,04-01-2025 15:05,199,CUST-1108,United Kingdom
INV-536393,PROD-002,Mechanical Keyboard,3,04-01-2025 15:05,85,CUST-1108,United Kingdom
INV-536393,PROD-004,27-inch Monitor,1,04-01-2025 15:05,249.99,CUST-1108,United Kingdom
INV-536393,PROD-005,Bluetooth Headphones,2,04-01-2025 15:05,59.99,CUST-1108,United Kingdom
INV-536394,PROD-003,USB-C Hub,3,04-01-2025 16:15,35,CUST-1069,United Kingdom
INV-536394,PROD-007,Ergonomic Office Chair,1,04-01-2025 16:15,199,CUST-1069,United Kingdom
INV-536394,PROD-005,Bluetooth Headphones,2,04-01-2025 16:15,59.99,CUST-1069,United Kingdom
INV-536394,PROD-006,Desk Mat,3,04-01-2025 16:15,15.5,CUST-1069,United Kingdom
INV-536395,PROD-007,Ergonomic Office Chair,14,04-01-2025 17:51,199,CUST-1150,United Kingdom
INV-536396,PROD-005,Bluetooth Headphones,15,05-01-2025 09:53,59.99,CUST-1010,France
INV-536396,PROD-006,Desk Mat,15,05-01-2025 09:53,15.5,CUST-1010,France
INV-536397,PROD-003,USB-C Hub,3,05-01-2025 10:21,35,CUST-1085,United Kingdom
INV-536398,PROD-001,Wireless Mouse,1,05-01-2025 11:33,25,CUST-1031,United Kingdom
INV-536399,PROD-008,Laptop Stand,2,05-01-2025 15:13,29.99,CUST-1001,United Kingdom
INV-536399,PROD-005,Bluetooth Headphones,1,05-01-2025 15:13,59.99,CUST-1001,United Kingdom
INV-536399,PROD-004,27-inch Monitor,2,05-01-2025 15:13,249.99,CUST-1001,United Kingdom
INV-536399,PROD-002,Mechanical Keyboard,3,05-01-2025 15:13,85,CUST-1001,United Kingdom
INV-536400,PROD-004,27-inch Monitor,3,05-01-2025 15:55,249.99,CUST-1109,United Kingdom
INV-536401,PROD-006,Desk Mat,3,06-01-2025 16:47,15.5,CUST-1154,France
INV-536401,PROD-005,Bluetooth Headphones,2,06-01-2025 16:47,59.99,CUST-1154,France
INV-536401,PROD-008,Laptop Stand,1,06-01-2025 16:47,29.99,CUST-1154,France
INV-536401,PROD-007,Ergonomic Office Chair,2,06-01-2025 16:47,199,CUST-1154,France
INV-536402,PROD-004,27-inch Monitor,18,07-01-2025 09:05,249.99,CUST-1180,United Kingdom
INV-536402,PROD-007,Ergonomic Office Chair,12,07-01-2025 09:05,199,CUST-1180,United Kingdom
INV-536403,PROD-006,Desk Mat,1,07-01-2025 09:08,15.5,CUST-1068,Germany
INV-536403,PROD-007,Ergonomic Office Chair,3,07-01-2025 09:08,199,CUST-1068,Germany
INV-536404,PROD-005,Bluetooth Headphones,10,07-01-2025 09:38,59.99,CUST-1195,France
INV-536404,PROD-001,Wireless Mouse,10,07-01-2025 09:38,25,CUST-1195,France
INV-536404,PROD-004,27-inch Monitor,15,07-01-2025 09:38,249.99,CUST-1195,France
INV-536404,PROD-002,Mechanical Keyboard,5,07-01-2025 09:38,85,CUST-1195,France
INV-536405,PROD-001,Wireless Mouse,3,07-01-2025 09:56,25,CUST-1043,United Kingdom
INV-536406,PROD-007,Ergonomic Office Chair,18,07-01-2025 11:38,199,CUST-1020,France
INV-536406,PROD-006,Desk Mat,12,07-01-2025 11:38,15.5,CUST-1020,France
INV-536406,PROD-004,27-inch Monitor,18,07-01-2025 11:38,249.99,CUST-1020,France
INV-536407,PROD-006,Desk Mat,12,07-01-2025 12:13,15.5,CUST-1080,United Kingdom
INV-536407,PROD-001,Wireless Mouse,18,07-01-2025 12:13,25,CUST-1080,United Kingdom
INV-536407,PROD-002,Mechanical Keyboard,18,07-01-2025 12:13,85,CUST-1080,United Kingdom
INV-536408,PROD-008,Laptop Stand,12,07-01-2025 12:36,29.99,CUST-1165,United Kingdom
INV-536409,PROD-005,Bluetooth Headphones,9,07-01-2025 12:56,59.99,CUST-1055,Germany
INV-536409,PROD-002,Mechanical Keyboard,6,07-01-2025 12:56,85,CUST-1055,Germany
INV-536409,PROD-003,USB-C Hub,6,07-01-2025 12:56,35,CUST-1055,Germany
INV-536410,PROD-002,Mechanical Keyboard,3,07-01-2025 16:05,85,CUST-1106,United Kingdom
INV-536410,PROD-005,Bluetooth Headphones,3,07-01-2025 16:05,59.99,CUST-1106,United Kingdom
INV-536410,PROD-007,Ergonomic Office Chair,2,07-01-2025 16:05,199,CUST-1106,United Kingdom
INV-536411,PROD-002,Mechanical Keyboard,2,08-01-2025 09:34,85,CUST-1001,France
INV-536411,PROD-005,Bluetooth Headphones,2,08-01-2025 09:34,59.99,CUST-1001,France
INV-536411,PROD-007,Ergonomic Office Chair,2,08-01-2025 09:34,199,CUST-1001,France
INV-536412,PROD-003,USB-C Hub,1,08-01-2025 10:20,35,CUST-1119,United Kingdom
INV-536412,PROD-002,Mechanical Keyboard,3,08-01-2025 10:20,85,CUST-1119,United Kingdom
INV-536413,PROD-003,USB-C Hub,2,08-01-2025 10:43,35,CUST-1037,France
INV-536413,PROD-001,Wireless Mouse,1,08-01-2025 10:43,25,CUST-1037,France
INV-536413,PROD-002,Mechanical Keyboard,1,08-01-2025 10:43,85,CUST-1037,France
INV-536413,PROD-008,Laptop Stand,2,08-01-2025 10:43,29.99,CUST-1037,France
INV-536414,PROD-003,USB-C Hub,3,08-01-2025 10:51,35,CUST-1053,United Kingdom
INV-536414,PROD-005,Bluetooth Headphones,2,08-01-2025 10:51,59.99,CUST-1053,United Kingdom
INV-536414,PROD-006,Desk Mat,1,08-01-2025 10:51,15.5,CUST-1053,United Kingdom
INV-536414,PROD-001,Wireless Mouse,1,08-01-2025 10:51,25,CUST-1053,United Kingdom
INV-536415,PROD-004,27-inch Monitor,3,08-01-2025 11:46,249.99,CUST-1036,France
INV-536415,PROD-003,USB-C Hub,1,08-01-2025 11:46,35,CUST-1036,France
INV-536415,PROD-002,Mechanical Keyboard,1,08-01-2025 11:46,85,CUST-1036,France
INV-536415,PROD-008,Laptop Stand,3,08-01-2025 11:46,29.99,CUST-1036,France
INV-536416,PROD-007,Ergonomic Office Chair,3,08-01-2025 12:09,199,CUST-1091,France
INV-536417,PROD-007,Ergonomic Office Chair,1,08-01-2025 12:28,199,CUST-1112,United Kingdom
INV-536417,PROD-002,Mechanical Keyboard,3,08-01-2025 12:28,85,CUST-1112,United Kingdom
INV-536417,PROD-008,Laptop Stand,3,08-01-2025 12:28,29.99,CUST-1112,United Kingdom
INV-536418,PROD-006,Desk Mat,2,08-01-2025 12:47,15.5,CUST-1079,France
INV-536419,PROD-006,Desk Mat,12,08-01-2025 13:12,15.5,CUST-1010,United Kingdom
INV-536420,PROD-004,27-inch Monitor,1,08-01-2025 13:31,249.99,CUST-1129,Germany
INV-536420,PROD-002,Mechanical Keyboard,1,08-01-2025 13:31,85,CUST-1129,Germany
INV-536421,PROD-003,USB-C Hub,7,08-01-2025 14:49,35,CUST-1015,United Kingdom
INV-536422,PROD-006,Desk Mat,5,08-01-2025 15:46,15.5,CUST-1065,Germany
INV-536423,PROD-005,Bluetooth Headphones,1,09-01-2025 09:32,59.99,CUST-1191,United Kingdom
INV-536423,PROD-001,Wireless Mouse,2,09-01-2025 09:32,25,CUST-1191,United Kingdom
INV-536424,PROD-006,Desk Mat,2,09-01-2025 11:51,15.5,CUST-1144,United Kingdom
INV-536424,PROD-008,Laptop Stand,1,09-01-2025 11:51,29.99,CUST-1144,United Kingdom
INV-536424,PROD-007,Ergonomic Office Chair,2,09-01-2025 11:51,199,CUST-1144,United Kingdom
INV-536424,PROD-003,USB-C Hub,3,09-01-2025 11:51,35,CUST-1144,United Kingdom
INV-536425,PROD-007,Ergonomic Office Chair,3,09-01-2025 12:49,199,CUST-1148,United Kingdom
INV-536425,PROD-002,Mechanical Keyboard,2,09-01-2025 12:49,85,CUST-1148,United Kingdom
INV-536425,PROD-008,Laptop Stand,2,09-01-2025 12:49,29.99,CUST-1148,United Kingdom
INV-536426,PROD-001,Wireless Mouse,21,09-01-2025 13:17,25,CUST-1195,United Kingdom
INV-536426,PROD-006,Desk Mat,21,09-01-2025 13:17,15.5,CUST-1195,United Kingdom
INV-536426,PROD-003,USB-C Hub,14,09-01-2025 13:17,35,CUST-1195,United Kingdom
INV-536426,PROD-007,Ergonomic Office Chair,21,09-01-2025 13:17,199,CUST-1195,United Kingdom
INV-536427,PROD-002,Mechanical Keyboard,12,09-01-2025 13:56,85,CUST-1195,United Kingdom
INV-536428,PROD-006,Desk Mat,3,10-01-2025 09:16,15.5,CUST-1169,United Kingdom
INV-536429,PROD-004,27-inch Monitor,1,10-01-2025 10:16,249.99,CUST-1002,France
INV-536430,PROD-007,Ergonomic Office Chair,3,10-01-2025 10:57,199,CUST-1097,Germany
INV-536430,PROD-002,Mechanical Keyboard,2,10-01-2025 10:57,85,CUST-1097,Germany
INV-536431,PROD-006,Desk Mat,2,10-01-2025 11:37,15.5,CUST-1008,France
INV-536431,PROD-005,Bluetooth Headphones,2,10-01-2025 11:37,59.99,CUST-1008,France
INV-536431,PROD-002,Mechanical Keyboard,2,10-01-2025 11:37,85,CUST-1008,France
INV-536432,PROD-003,USB-C Hub,1,10-01-2025 13:45,35,CUST-1098,United Kingdom
INV-536433,PROD-004,27-inch Monitor,2,10-01-2025 14:26,249.99,CUST-1138,Germany
INV-536434,PROD-008,Laptop Stand,2,10-01-2025 14:37,29.99,CUST-1092,United Kingdom
INV-536434,PROD-004,27-inch Monitor,1,10-01-2025 14:37,249.99,CUST-1092,United Kingdom
INV-536435,PROD-001,Wireless Mouse,2,10-01-2025 14:56,25,CUST-1139,United Kingdom
INV-536436,PROD-007,Ergonomic Office Chair,1,10-01-2025 15:59,199,CUST-1129,United Kingdom
INV-536437,PROD-001,Wireless Mouse,2,10-01-2025 16:29,25,CUST-1194,United Kingdom
INV-536437,PROD-003,USB-C Hub,2,10-01-2025 16:29,35,CUST-1194,United Kingdom
INV-536437,PROD-002,Mechanical Keyboard,2,10-01-2025 16:29,85,CUST-1194,United Kingdom
INV-536437,PROD-007,Ergonomic Office Chair,3,10-01-2025 16:29,199,CUST-1194,United Kingdom
INV-536438,PROD-005,Bluetooth Headphones,1,11-01-2025 10:02,59.99,CUST-1148,Germany
INV-536438,PROD-002,Mechanical Keyboard,2,11-01-2025 10:02,85,CUST-1148,Germany
INV-536439,PROD-008,Laptop Stand,3,11-01-2025 11:57,29.99,CUST-1069,France
INV-536439,PROD-003,USB-C Hub,1,11-01-2025 11:57,35,CUST-1069,France
INV-536440,PROD-008,Laptop Stand,2,11-01-2025 13:07,29.99,CUST-1182,United Kingdom
INV-536440,PROD-006,Desk Mat,2,11-01-2025 13:07,15.5,CUST-1182,United Kingdom
INV-536440,PROD-004,27-inch Monitor,2,11-01-2025 13:07,249.99,CUST-1182,United Kingdom
INV-536440,PROD-007,Ergonomic Office Chair,1,11-01-2025 13:07,199,CUST-1182,United Kingdom
INV-536441,PROD-005,Bluetooth Headphones,2,11-01-2025 13:22,59.99,CUST-1132,France
INV-536441,PROD-003,USB-C Hub,3,11-01-2025 13:22,35,CUST-1132,France
INV-536441,PROD-008,Laptop Stand,1,11-01-2025 13:22,29.99,CUST-1132,France
INV-536441,PROD-006,Desk Mat,1,11-01-2025 13:22,15.5,CUST-1132,France
INV-536442,PROD-003,USB-C Hub,3,11-01-2025 13:37,35,CUST-1031,United Kingdom
INV-536443,PROD-008,Laptop Stand,1,11-01-2025 14:14,29.99,CUST-1088,United Kingdom
INV-536443,PROD-002,Mechanical Keyboard,2,11-01-2025 14:14,85,CUST-1088,United Kingdom
INV-536443,PROD-004,27-inch Monitor,3,11-01-2025 14:14,249.99,CUST-1088,United Kingdom
INV-536443,PROD-001,Wireless Mouse,3,11-01-2025 14:14,25,CUST-1088,United Kingdom
INV-536444,PROD-006,Desk Mat,3,11-01-2025 15:33,15.5,CUST-1194,United Kingdom
INV-536444,PROD-007,Ergonomic Office Chair,3,11-01-2025 15:33,199,CUST-1194,United Kingdom
INV-536444,PROD-003,USB-C Hub,1,11-01-2025 15:33,35,CUST-1194,United Kingdom
INV-536444,PROD-008,Laptop Stand,2,11-01-2025 15:33,29.99,CUST-1194,United Kingdom
INV-536445,PROD-002,Mechanical Keyboard,1,11-01-2025 15:54,85,CUST-1028,United Kingdom
INV-536445,PROD-001,Wireless Mouse,2,11-01-2025 15:54,25,CUST-1028,United Kingdom
INV-536445,PROD-003,USB-C Hub,3,11-01-2025 15:54,35,CUST-1028,United Kingdom
INV-536446,PROD-007,Ergonomic Office Chair,1,11-01-2025 16:07,199,CUST-1012,United Kingdom
INV-536446,PROD-008,Laptop Stand,1,11-01-2025 16:07,29.99,CUST-1012,United Kingdom
INV-536447,PROD-003,USB-C Hub,2,11-01-2025 17:11,35,CUST-1024,United Kingdom
INV-536447,PROD-008,Laptop Stand,3,11-01-2025 17:11,29.99,CUST-1024,United Kingdom
INV-536447,PROD-005,Bluetooth Headphones,3,11-01-2025 17:11,59.99,CUST-1024,United Kingdom
INV-536448,PROD-002,Mechanical Keyboard,12,11-01-2025 17:49,85,CUST-1025,United Kingdom
INV-536449,PROD-006,Desk Mat,8,12-01-2025 09:09,15.5,CUST-1130,United Kingdom
INV-536449,PROD-007,Ergonomic Office Chair,4,12-01-2025 09:09,199,CUST-1130,United Kingdom
INV-536449,PROD-002,Mechanical Keyboard,8,12-01-2025 09:09,85,CUST-1130,United Kingdom
INV-536450,PROD-001,Wireless Mouse,3,12-01-2025 09:41,25,CUST-1042,United Kingdom
INV-536450,PROD-007,Ergonomic Office Chair,2,12-01-2025 09:41,199,CUST-1042,United Kingdom
INV-536451,PROD-003,USB-C Hub,7,12-01-2025 11:41,35,CUST-1195,United Kingdom
INV-536451,PROD-001,Wireless Mouse,7,12-01-2025 11:41,25,CUST-1195,United Kingdom
INV-536452,PROD-008,Laptop Stand,3,12-01-2025 11:48,29.99,CUST-1016,France
INV-536452,PROD-003,USB-C Hub,1,12-01-2025 11:48,35,CUST-1016,France
INV-536453,PROD-002,Mechanical Keyboard,3,12-01-2025 11:56,85,CUST-1172,United Kingdom
INV-536453,PROD-005,Bluetooth Headphones,3,12-01-2025 11:56,59.99,CUST-1172,United Kingdom
INV-536453,PROD-004,27-inch Monitor,3,12-01-2025 11:56,249.99,CUST-1172,United Kingdom
INV-536454,PROD-007,Ergonomic Office Chair,3,12-01-2025 13:53,199,CUST-1009,Germany
INV-536454,PROD-005,Bluetooth Headphones,2,12-01-2025 13:53,59.99,CUST-1009,Germany
INV-536454,PROD-001,Wireless Mouse,2,12-01-2025 13:53,25,CUST-1009,Germany
INV-536454,PROD-003,USB-C Hub,2,12-01-2025 13:53,35,CUST-1009,Germany
INV-536455,PROD-006,Desk Mat,12,12-01-2025 15:16,15.5,CUST-1155,United Kingdom
INV-536455,PROD-004,27-inch Monitor,12,12-01-2025 15:16,249.99,CUST-1155,United Kingdom
INV-536455,PROD-002,Mechanical Keyboard,12,12-01-2025 15:16,85,CUST-1155,United Kingdom
INV-536455,PROD-005,Bluetooth Headphones,6,12-01-2025 15:16,59.99,CUST-1155,United Kingdom
INV-536456,PROD-003,USB-C Hub,2,12-01-2025 16:01,35,CUST-1183,Germany
INV-536457,PROD-003,USB-C Hub,2,12-01-2025 16:04,35,CUST-1096,United Kingdom
INV-536457,PROD-007,Ergonomic Office Chair,1,12-01-2025 16:04,199,CUST-1096,United Kingdom
INV-536457,PROD-006,Desk Mat,2,12-01-2025 16:04,15.5,CUST-1096,United Kingdom
INV-536458,PROD-005,Bluetooth Headphones,2,12-01-2025 16:18,59.99,CUST-1047,France
INV-536458,PROD-008,Laptop Stand,1,12-01-2025 16:18,29.99,CUST-1047,France
INV-536459,PROD-004,27-inch Monitor,12,12-01-2025 17:16,249.99,CUST-1050,Germany
INV-536459,PROD-005,Bluetooth Headphones,18,12-01-2025 17:16,59.99,CUST-1050,Germany
INV-536459,PROD-001,Wireless Mouse,12,12-01-2025 17:16,25,CUST-1050,Germany
INV-536459,PROD-003,USB-C Hub,12,12-01-2025 17:16,35,CUST-1050,Germany
INV-536460,PROD-002,Mechanical Keyboard,2,12-01-2025 17:44,85,CUST-1087,United Kingdom
INV-536461,PROD-008,Laptop Stand,2,13-01-2025 10:01,29.99,CUST-1029,France
INV-536461,PROD-005,Bluetooth Headphones,2,13-01-2025 10:01,59.99,CUST-1029,France
INV-536462,PROD-004,27-inch Monitor,12,13-01-2025 10:36,249.99,CUST-1105,France
INV-536463,PROD-006,Desk Mat,7,13-01-2025 13:25,15.5,CUST-1065,United Kingdom
INV-536463,PROD-007,Ergonomic Office Chair,21,13-01-2025 13:25,199,CUST-1065,United Kingdom
INV-536463,PROD-008,Laptop Stand,14,13-01-2025 13:25,29.99,CUST-1065,United Kingdom
INV-536463,PROD-003,USB-C Hub,21,13-01-2025 13:25,35,CUST-1065,United Kingdom
INV-536464,PROD-003,USB-C Hub,3,13-01-2025 13:25,35,CUST-1071,United Kingdom
INV-536464,PROD-006,Desk Mat,3,13-01-2025 13:25,15.5,CUST-1071,United Kingdom
INV-536464,PROD-004,27-inch Monitor,3,13-01-2025 13:25,249.99,CUST-1071,United Kingdom
INV-536464,PROD-005,Bluetooth Headphones,1,13-01-2025 13:25,59.99,CUST-1071,United Kingdom
INV-536465,PROD-004,27-inch Monitor,4,13-01-2025 15:56,249.99,CUST-1050,Germany
INV-536466,PROD-004,27-inch Monitor,3,13-01-2025 16:46,249.99,CUST-1194,Germany
INV-536466,PROD-002,Mechanical Keyboard,3,13-01-2025 16:46,85,CUST-1194,Germany
INV-536467,PROD-005,Bluetooth Headphones,3,13-01-2025 17:56,59.99,CUST-1132,United Kingdom
INV-536467,PROD-002,Mechanical Keyboard,1,13-01-2025 17:56,85,CUST-1132,United Kingdom
INV-536468,PROD-004,27-inch Monitor,1,14-01-2025 09:32,249.99,CUST-1029,United Kingdom
INV-536468,PROD-001,Wireless Mouse,3,14-01-2025 09:32,25,CUST-1029,United Kingdom
INV-536469,PROD-004,27-inch Monitor,2,14-01-2025 10:54,249.99,CUST-1172,France
INV-536469,PROD-008,Laptop Stand,2,14-01-2025 10:54,29.99,CUST-1172,France
INV-536470,PROD-007,Ergonomic Office Chair,6,14-01-2025 10:57,199,CUST-1060,United Kingdom
INV-536470,PROD-008,Laptop Stand,6,14-01-2025 10:57,29.99,CUST-1060,United Kingdom
INV-536470,PROD-004,27-inch Monitor,6,14-01-2025 10:57,249.99,CUST-1060,United Kingdom
INV-536471,PROD-007,Ergonomic Office Chair,2,14-01-2025 15:36,199,CUST-1092,France
INV-536471,PROD-005,Bluetooth Headphones,3,14-01-2025 15:36,59.99,CUST-1092,France
INV-536471,PROD-008,Laptop Stand,2,14-01-2025 15:36,29.99,CUST-1092,France
INV-536472,PROD-005,Bluetooth Headphones,1,14-01-2025 16:38,59.99,CUST-1111,United Kingdom
INV-536473,PROD-006,Desk Mat,2,14-01-2025 16:50,15.5,CUST-1154,United Kingdom
INV-536473,PROD-005,Bluetooth Headphones,2,14-01-2025 16:50,59.99,CUST-1154,United Kingdom
INV-536474,PROD-007,Ergonomic Office Chair,7,15-01-2025 09:06,199,CUST-1195,United Kingdom
INV-536474,PROD-002,Mechanical Keyboard,21,15-01-2025 09:06,85,CUST-1195,United Kingdom
INV-536474,PROD-006,Desk Mat,7,15-01-2025 09:06,15.5,CUST-1195,United Kingdom
INV-536474,PROD-008,Laptop Stand,21,15-01-2025 09:06,29.99,CUST-1195,United Kingdom
INV-536475,PROD-008,Laptop Stand,3,15-01-2025 09:45,29.99,CUST-1032,United Kingdom
INV-536475,PROD-001,Wireless Mouse,2,15-01-2025 09:45,25,CUST-1032,United Kingdom
INV-536476,PROD-008,Laptop Stand,1,15-01-2025 10:34,29.99,CUST-1166,United Kingdom
INV-536476,PROD-003,USB-C Hub,3,15-01-2025 10:34,35,CUST-1166,United Kingdom
INV-536476,PROD-002,Mechanical Keyboard,2,15-01-2025 10:34,85,CUST-1166,United Kingdom
INV-536477,PROD-004,27-inch Monitor,2,15-01-2025 11:47,249.99,CUST-1171,France
INV-536477,PROD-007,Ergonomic Office Chair,3,15-01-2025 11:47,199,CUST-1171,France
INV-536478,PROD-004,27-inch Monitor,3,15-01-2025 13:12,249.99,CUST-1148,United Kingdom
INV-536479,PROD-002,Mechanical Keyboard,1,15-01-2025 13:27,85,CUST-1029,Germany
INV-536479,PROD-006,Desk Mat,2,15-01-2025 13:27,15.5,CUST-1029,Germany
INV-536479,PROD-003,USB-C Hub,2,15-01-2025 13:27,35,CUST-1029,Germany
INV-536480,PROD-003,USB-C Hub,2,15-01-2025 13:43,35,CUST-1141,United Kingdom
INV-536480,PROD-005,Bluetooth Headphones,2,15-01-2025 13:43,59.99,CUST-1141,United Kingdom
INV-536480,PROD-008,Laptop Stand,1,15-01-2025 13:43,29.99,CUST-1141,United Kingdom
INV-536480,PROD-007,Ergonomic Office Chair,1,15-01-2025 13:43,199,CUST-1141,United Kingdom
INV-536481,PROD-003,USB-C Hub,3,15-01-2025 16:04,35,CUST-1184,France
INV-536481,PROD-004,27-inch Monitor,3,15-01-2025 16:04,249.99,CUST-1184,France
INV-536482,PROD-007,Ergonomic Office Chair,6,15-01-2025 17:54,199,CUST-1115,France
INV-536483,PROD-006,Desk Mat,21,16-01-2025 09:31,15.5,CUST-1005,United Kingdom
INV-536483,PROD-007,Ergonomic Office Chair,14,16-01-2025 09:31,199,CUST-1005,United Kingdom
INV-536484,PROD-008,Laptop Stand,3,16-01-2025 10:54,29.99,CUST-1161,United Kingdom
INV-536485,PROD-002,Mechanical Keyboard,1,16-01-2025 11:33,85,CUST-1078,Germany
INV-536485,PROD-001,Wireless Mouse,3,16-01-2025 11:33,25,CUST-1078,Germany
INV-536486,PROD-004,27-inch Monitor,1,16-01-2025 11:46,249.99,CUST-1157,United Kingdom
INV-536486,PROD-002,Mechanical Keyboard,2,16-01-2025 11:46,85,CUST-1157,United Kingdom
INV-536487,PROD-001,Wireless Mouse,3,16-01-2025 14:39,25,CUST-1181,United Kingdom
INV-536487,PROD-005,Bluetooth Headphones,2,16-01-2025 14:39,59.99,CUST-1181,United Kingdom
INV-536487,PROD-006,Desk Mat,2,16-01-2025 14:39,15.5,CUST-1181,United Kingdom
INV-536487,PROD-007,Ergonomic Office Chair,1,16-01-2025 14:39,199,CUST-1181,United Kingdom
INV-536488,PROD-002,Mechanical Keyboard,1,16-01-2025 15:06,85,CUST-1097,United Kingdom
INV-536489,PROD-008,Laptop Stand,2,16-01-2025 15:12,29.99,CUST-1029,France
INV-536489,PROD-006,Desk Mat,1,16-01-2025 15:12,15.5,CUST-1029,France
INV-536489,PROD-004,27-inch Monitor,3,16-01-2025 15:12,249.99,CUST-1029,France
INV-536489,PROD-005,Bluetooth Headphones,3,16-01-2025 15:12,59.99,CUST-1029,France
INV-536490,PROD-005,Bluetooth Headphones,3,17-01-2025 09:46,59.99,CUST-1127,Germany
INV-536490,PROD-006,Desk Mat,3,17-01-2025 09:46,15.5,CUST-1127,Germany
INV-536490,PROD-004,27-inch Monitor,3,17-01-2025 09:46,249.99,CUST-1127,Germany
INV-536490,PROD-007,Ergonomic Office Chair,2,17-01-2025 09:46,199,CUST-1127,Germany
INV-536491,PROD-001,Wireless Mouse,1,17-01-2025 09:53,25,CUST-1008,United Kingdom
INV-536491,PROD-002,Mechanical Keyboard,1,17-01-2025 09:53,85,CUST-1008,United Kingdom
INV-536491,PROD-003,USB-C Hub,1,17-01-2025 09:53,35,CUST-1008,United Kingdom
INV-536491,PROD-008,Laptop Stand,2,17-01-2025 09:53,29.99,CUST-1008,United Kingdom
INV-536492,PROD-003,USB-C Hub,1,17-01-2025 13:07,35,CUST-1093,France
INV-536492,PROD-008,Laptop Stand,3,17-01-2025 13:07,29.99,CUST-1093,France
INV-536492,PROD-007,Ergonomic Office Chair,1,17-01-2025 13:07,199,CUST-1093,France
INV-536492,PROD-006,Desk Mat,1,17-01-2025 13:07,15.5,CUST-1093,France
INV-536493,PROD-006,Desk Mat,2,17-01-2025 14:16,15.5,CUST-1192,United Kingdom
INV-536494,PROD-002,Mechanical Keyboard,3,17-01-2025 16:27,85,CUST-1139,United Kingdom
INV-536494,PROD-003,USB-C Hub,1,17-01-2025 16:27,35,CUST-1139,United Kingdom
INV-536494,PROD-005,Bluetooth Headphones,2,17-01-2025 16:27,59.99,CUST-1139,United Kingdom
INV-536494,PROD-008,Laptop Stand,1,17-01-2025 16:27,29.99,CUST-1139,United Kingdom
INV-536495,PROD-008,Laptop Stand,18,17-01-2025 17:37,29.99,CUST-1070,Germany
INV-536495,PROD-005,Bluetooth Headphones,12,17-01-2025 17:37,59.99,CUST-1070,Germany
INV-536496,PROD-005,Bluetooth Headphones,3,17-01-2025 17:54,59.99,CUST-1049,United Kingdom
INV-536497,PROD-007,Ergonomic Office Chair,2,18-01-2025 09:33,199,CUST-1191,United Kingdom
INV-536497,PROD-006,Desk Mat,3,18-01-2025 09:33,15.5,CUST-1191,United Kingdom
INV-536497,PROD-008,Laptop Stand,1,18-01-2025 09:33,29.99,CUST-1191,United Kingdom
INV-536497,PROD-003,USB-C Hub,2,18-01-2025 09:33,35,CUST-1191,United Kingdom
INV-536498,PROD-001,Wireless Mouse,2,18-01-2025 09:36,25,CUST-1002,United Kingdom
INV-536499,PROD-003,USB-C Hub,2,18-01-2025 12:44,35,CUST-1044,United Kingdom
INV-536499,PROD-006,Desk Mat,1,18-01-2025 12:44,15.5,CUST-1044,United Kingdom
INV-536499,PROD-005,Bluetooth Headphones,2,18-01-2025 12:44,59.99,CUST-1044,United Kingdom
INV-536499,PROD-007,Ergonomic Office Chair,1,18-01-2025 12:44,199,CUST-1044,United Kingdom
INV-536500,PROD-006,Desk Mat,2,18-01-2025 13:12,15.5,CUST-1033,United Kingdom
INV-536501,PROD-002,Mechanical Keyboard,3,18-01-2025 14:12,85,CUST-1013,United Kingdom
INV-536502,PROD-003,USB-C Hub,3,18-01-2025 15:38,35,CUST-1048,Germany
INV-536502,PROD-005,Bluetooth Headphones,2,18-01-2025 15:38,59.99,CUST-1048,Germany
INV-536502,PROD-006,Desk Mat,3,18-01-2025 15:38,15.5,CUST-1048,Germany
INV-536503,PROD-007,Ergonomic Office Chair,3,18-01-2025 16:27,199,CUST-1187,United Kingdom
INV-536503,PROD-001,Wireless Mouse,2,18-01-2025 16:27,25,CUST-1187,United Kingdom
INV-536503,PROD-003,USB-C Hub,1,18-01-2025 16:27,35,CUST-1187,United Kingdom
INV-536504,PROD-003,USB-C Hub,1,18-01-2025 17:47,35,CUST-1136,France
INV-536505,PROD-001,Wireless Mouse,2,19-01-2025 12:29,25,CUST-1192,United Kingdom
INV-536506,PROD-005,Bluetooth Headphones,1,19-01-2025 12:59,59.99,CUST-1152,United Kingdom
INV-536506,PROD-007,Ergonomic Office Chair,2,19-01-2025 12:59,199,CUST-1152,United Kingdom
INV-536507,PROD-005,Bluetooth Headphones,3,19-01-2025 13:51,59.99,CUST-1134,United Kingdom
INV-536507,PROD-003,USB-C Hub,2,19-01-2025 13:51,35,CUST-1134,United Kingdom
INV-536507,PROD-007,Ergonomic Office Chair,1,19-01-2025 13:51,199,CUST-1134,United Kingdom
INV-536508,PROD-001,Wireless Mouse,10,19-01-2025 15:02,25,CUST-1090,France
INV-536508,PROD-003,USB-C Hub,15,19-01-2025 15:02,35,CUST-1090,France
INV-536508,PROD-007,Ergonomic Office Chair,10,19-01-2025 15:02,199,CUST-1090,France
INV-536508,PROD-006,Desk Mat,5,19-01-2025 15:02,15.5,CUST-1090,France
INV-536509,PROD-006,Desk Mat,1,20-01-2025 09:07,15.5,CUST-1173,Germany
INV-536509,PROD-003,USB-C Hub,3,20-01-2025 09:07,35,CUST-1173,Germany
INV-536510,PROD-008,Laptop Stand,2,20-01-2025 09:15,29.99,CUST-1114,United Kingdom
INV-536510,PROD-007,Ergonomic Office Chair,1,20-01-2025 09:15,199,CUST-1114,United Kingdom
INV-536511,PROD-005,Bluetooth Headphones,3,20-01-2025 09:53,59.99,CUST-1087,United Kingdom
INV-536511,PROD-003,USB-C Hub,2,20-01-2025 09:53,35,CUST-1087,United Kingdom
INV-536512,PROD-007,Ergonomic Office Chair,2,20-01-2025 09:58,199,CUST-1099,United Kingdom
INV-536513,PROD-002,Mechanical Keyboard,1,20-01-2025 10:48,85,CUST-1018,United Kingdom
INV-536513,PROD-003,USB-C Hub,2,20-01-2025 10:48,35,CUST-1018,United Kingdom
INV-536513,PROD-006,Desk Mat,3,20-01-2025 10:48,15.5,CUST-1018,United Kingdom
INV-536513,PROD-004,27-inch Monitor,3,20-01-2025 10:48,249.99,CUST-1018,United Kingdom
INV-536514,PROD-005,Bluetooth Headphones,1,20-01-2025 15:59,59.99,CUST-1176,United Kingdom
INV-536514,PROD-007,Ergonomic Office Chair,1,20-01-2025 15:59,199,CUST-1176,United Kingdom
INV-536514,PROD-003,USB-C Hub,3,20-01-2025 15:59,35,CUST-1176,United Kingdom
INV-536514,PROD-008,Laptop Stand,2,20-01-2025 15:59,29.99,CUST-1176,United Kingdom
INV-536515,PROD-004,27-inch Monitor,6,20-01-2025 16:01,249.99,CUST-1180,Germany
INV-536515,PROD-006,Desk Mat,12,20-01-2025 16:01,15.5,CUST-1180,Germany
INV-536515,PROD-003,USB-C Hub,6,20-01-2025 16:01,35,CUST-1180,Germany
INV-536516,PROD-006,Desk Mat,2,20-01-2025 16:49,15.5,CUST-1108,United Kingdom
INV-536516,PROD-002,Mechanical Keyboard,2,20-01-2025 16:49,85,CUST-1108,United Kingdom
INV-536516,PROD-001,Wireless Mouse,2,20-01-2025 16:49,25,CUST-1108,United Kingdom
INV-536516,PROD-003,USB-C Hub,2,20-01-2025 16:49,35,CUST-1108,United Kingdom
INV-536517,PROD-001,Wireless Mouse,2,20-01-2025 16:53,25,CUST-1132,United Kingdom
INV-536518,PROD-005,Bluetooth Headphones,6,21-01-2025 11:12,59.99,CUST-1100,United Kingdom
INV-536518,PROD-008,Laptop Stand,18,21-01-2025 11:12,29.99,CUST-1100,United Kingdom
INV-536518,PROD-007,Ergonomic Office Chair,6,21-01-2025 11:12,199,CUST-1100,United Kingdom
INV-536518,PROD-001,Wireless Mouse,12,21-01-2025 11:12,25,CUST-1100,United Kingdom
INV-536519,PROD-001,Wireless Mouse,1,21-01-2025 11:17,25,CUST-1191,United Kingdom
INV-536520,PROD-003,USB-C Hub,3,21-01-2025 11:20,35,CUST-1001,Germany
INV-536521,PROD-004,27-inch Monitor,2,21-01-2025 12:49,249.99,CUST-1107,United Kingdom
INV-536521,PROD-006,Desk Mat,3,21-01-2025 12:49,15.5,CUST-1107,United Kingdom
INV-536522,PROD-001,Wireless Mouse,2,21-01-2025 13:26,25,CUST-1106,Germany
INV-536522,PROD-002,Mechanical Keyboard,3,21-01-2025 13:26,85,CUST-1106,Germany
INV-536523,PROD-004,27-inch Monitor,2,21-01-2025 13:39,249.99,CUST-1004,United Kingdom
INV-536524,PROD-007,Ergonomic Office Chair,1,21-01-2025 15:11,199,CUST-1087,United Kingdom
INV-536524,PROD-003,USB-C Hub,2,21-01-2025 15:11,35,CUST-1087,United Kingdom
INV-536524,PROD-002,Mechanical Keyboard,1,21-01-2025 15:11,85,CUST-1087,United Kingdom
INV-536525,PROD-003,USB-C Hub,21,21-01-2025 15:30,35,CUST-1155,United Kingdom
INV-536526,PROD-002,Mechanical Keyboard,2,21-01-2025 15:42,85,CUST-1108,France
INV-536526,PROD-004,27-inch Monitor,1,21-01-2025 15:42,249.99,CUST-1108,France
INV-536526,PROD-005,Bluetooth Headphones,2,21-01-2025 15:42,59.99,CUST-1108,France
INV-536527,PROD-004,27-inch Monitor,2,21-01-2025 16:45,249.99,CUST-1071,Germany
INV-536527,PROD-006,Desk Mat,2,21-01-2025 16:45,15.5,CUST-1071,Germany
INV-536527,PROD-008,Laptop Stand,3,21-01-2025 16:45,29.99,CUST-1071,Germany
INV-536528,PROD-006,Desk Mat,3,22-01-2025 10:45,15.5,CUST-1091,United Kingdom
INV-536528,PROD-008,Laptop Stand,3,22-01-2025 10:45,29.99,CUST-1091,United Kingdom
INV-536528,PROD-001,Wireless Mouse,3,22-01-2025 10:45,25,CUST-1091,United Kingdom
INV-536528,PROD-005,Bluetooth Headphones,2,22-01-2025 10:45,59.99,CUST-1091,United Kingdom
INV-536529,PROD-007,Ergonomic Office Chair,1,22-01-2025 12:55,199,CUST-1173,United Kingdom
INV-536529,PROD-006,Desk Mat,2,22-01-2025 12:55,15.5,CUST-1173,United Kingdom
INV-536529,PROD-002,Mechanical Keyboard,3,22-01-2025 12:55,85,CUST-1173,United Kingdom
INV-536529,PROD-004,27-inch Monitor,3,22-01-2025 12:55,249.99,CUST-1173,United Kingdom
INV-536530,PROD-003,USB-C Hub,1,22-01-2025 15:02,35,CUST-1171,United Kingdom
INV-536531,PROD-005,Bluetooth Headphones,2,22-01-2025 15:38,59.99,CUST-1166,United Kingdom
INV-536531,PROD-008,Laptop Stand,1,22-01-2025 15:38,29.99,CUST-1166,United Kingdom
INV-536531,PROD-004,27-inch Monitor,3,22-01-2025 15:38,249.99,CUST-1166,United Kingdom
INV-536531,PROD-007,Ergonomic Office Chair,3,22-01-2025 15:38,199,CUST-1166,United Kingdom
INV-536532,PROD-002,Mechanical Keyboard,3,22-01-2025 15:39,85,CUST-1174,France
INV-536532,PROD-006,Desk Mat,1,22-01-2025 15:39,15.5,CUST-1174,France
INV-536532,PROD-008,Laptop Stand,2,22-01-2025 15:39,29.99,CUST-1174,France
INV-536532,PROD-007,Ergonomic Office Chair,2,22-01-2025 15:39,199,CUST-1174,France
INV-536533,PROD-007,Ergonomic Office Chair,2,22-01-2025 16:48,199,CUST-1169,France
INV-536534,PROD-006,Desk Mat,2,23-01-2025 12:13,15.5,CUST-1072,France
INV-536534,PROD-004,27-inch Monitor,1,23-01-2025 12:13,249.99,CUST-1072,France
INV-536534,PROD-001,Wireless Mouse,2,23-01-2025 12:13,25,CUST-1072,France
INV-536534,PROD-008,Laptop Stand,3,23-01-2025 12:13,29.99,CUST-1072,France
INV-536535,PROD-008,Laptop Stand,15,23-01-2025 13:20,29.99,CUST-1175,United Kingdom
INV-536536,PROD-005,Bluetooth Headphones,1,23-01-2025 13:52,59.99,CUST-1181,France
INV-536536,PROD-006,Desk Mat,3,23-01-2025 13:52,15.5,CUST-1181,France
INV-536536,PROD-004,27-inch Monitor,3,23-01-2025 13:52,249.99,CUST-1181,France
INV-536536,PROD-008,Laptop Stand,3,23-01-2025 13:52,29.99,CUST-1181,France
INV-536537,PROD-005,Bluetooth Headphones,3,23-01-2025 15:58,59.99,CUST-1130,France
INV-536537,PROD-002,Mechanical Keyboard,9,23-01-2025 15:58,85,CUST-1130,France
INV-536538,PROD-003,USB-C Hub,1,23-01-2025 16:56,35,CUST-1127,Germany
INV-536538,PROD-006,Desk Mat,2,23-01-2025 16:56,15.5,CUST-1127,Germany
INV-536539,PROD-006,Desk Mat,2,23-01-2025 17:44,15.5,CUST-1119,France
INV-536539,PROD-003,USB-C Hub,3,23-01-2025 17:44,35,CUST-1119,France
INV-536539,PROD-004,27-inch Monitor,3,23-01-2025 17:44,249.99,CUST-1119,France
INV-536539,PROD-008,Laptop Stand,1,23-01-2025 17:44,29.99,CUST-1119,France
INV-536540,PROD-004,27-inch Monitor,3,24-01-2025 12:02,249.99,CUST-1024,United Kingdom
INV-536540,PROD-007,Ergonomic Office Chair,3,24-01-2025 12:02,199,CUST-1024,United Kingdom
INV-536540,PROD-008,Laptop Stand,3,24-01-2025 12:02,29.99,CUST-1024,United Kingdom
INV-536541,PROD-003,USB-C Hub,1,24-01-2025 12:12,35,CUST-1009,United Kingdom
INV-536542,PROD-008,Laptop Stand,12,24-01-2025 12:15,29.99,CUST-1035,United Kingdom
INV-536542,PROD-007,Ergonomic Office Chair,12,24-01-2025 12:15,199,CUST-1035,United Kingdom
INV-536542,PROD-004,27-inch Monitor,12,24-01-2025 12:15,249.99,CUST-1035,United Kingdom
INV-536543,PROD-005,Bluetooth Headphones,1,24-01-2025 12:36,59.99,CUST-1189,Germany
INV-536543,PROD-003,USB-C Hub,1,24-01-2025 12:36,35,CUST-1189,Germany
INV-536543,PROD-007,Ergonomic Office Chair,2,24-01-2025 12:36,199,CUST-1189,Germany
INV-536543,PROD-008,Laptop Stand,2,24-01-2025 12:36,29.99,CUST-1189,Germany
INV-536544,PROD-004,27-inch Monitor,1,24-01-2025 12:43,249.99,CUST-1106,United Kingdom
INV-536544,PROD-001,Wireless Mouse,1,24-01-2025 12:43,25,CUST-1106,United Kingdom
INV-536544,PROD-003,USB-C Hub,2,24-01-2025 12:43,35,CUST-1106,United Kingdom
INV-536544,PROD-006,Desk Mat,2,24-01-2025 12:43,15.5,CUST-1106,United Kingdom
INV-536545,PROD-003,USB-C Hub,3,24-01-2025 14:15,35,CUST-1148,United Kingdom
INV-536545,PROD-005,Bluetooth Headphones,1,24-01-2025 14:15,59.99,CUST-1148,United Kingdom
INV-536545,PROD-002,Mechanical Keyboard,2,24-01-2025 14:15,85,CUST-1148,United Kingdom
INV-536546,PROD-006,Desk Mat,1,24-01-2025 14:26,15.5,CUST-1186,United Kingdom
INV-536546,PROD-001,Wireless Mouse,1,24-01-2025 14:26,25,CUST-1186,United Kingdom
INV-536546,PROD-003,USB-C Hub,3,24-01-2025 14:26,35,CUST-1186,United Kingdom
INV-536546,PROD-002,Mechanical Keyboard,1,24-01-2025 14:26,85,CUST-1186,United Kingdom
INV-536547,PROD-008,Laptop Stand,3,24-01-2025 15:12,29.99,CUST-1197,France
INV-536547,PROD-001,Wireless Mouse,1,24-01-2025 15:12,25,CUST-1197,France
INV-536547,PROD-005,Bluetooth Headphones,2,24-01-2025 15:12,59.99,CUST-1197,France
INV-536548,PROD-005,Bluetooth Headphones,1,24-01-2025 15:18,59.99,CUST-1113,United Kingdom
INV-536548,PROD-007,Ergonomic Office Chair,1,24-01-2025 15:18,199,CUST-1113,United Kingdom
INV-536548,PROD-003,USB-C Hub,2,24-01-2025 15:18,35,CUST-1113,United Kingdom
INV-536548,PROD-004,27-inch Monitor,2,24-01-2025 15:18,249.99,CUST-1113,United Kingdom
INV-536549,PROD-001,Wireless Mouse,2,24-01-2025 15:41,25,CUST-1148,France
INV-536549,PROD-004,27-inch Monitor,3,24-01-2025 15:41,249.99,CUST-1148,France
INV-536549,PROD-007,Ergonomic Office Chair,3,24-01-2025 15:41,199,CUST-1148,France
INV-536550,PROD-002,Mechanical Keyboard,3,24-01-2025 17:15,85,CUST-1192,Germany
INV-536550,PROD-007,Ergonomic Office Chair,1,24-01-2025 17:15,199,CUST-1192,Germany
INV-536551,PROD-006,Desk Mat,1,25-01-2025 09:36,15.5,CUST-1038,United Kingdom
INV-536552,PROD-002,Mechanical Keyboard,3,25-01-2025 09:48,85,CUST-1158,France
INV-536552,PROD-001,Wireless Mouse,2,25-01-2025 09:48,25,CUST-1158,France
INV-536552,PROD-008,Laptop Stand,3,25-01-2025 09:48,29.99,CUST-1158,France
INV-536553,PROD-006,Desk Mat,1,25-01-2025 10:12,15.5,CUST-1171,United Kingdom
INV-536553,PROD-005,Bluetooth Headphones,3,25-01-2025 10:12,59.99,CUST-1171,United Kingdom
INV-536553,PROD-001,Wireless Mouse,3,25-01-2025 10:12,25,CUST-1171,United Kingdom
INV-536554,PROD-006,Desk Mat,3,25-01-2025 10:40,15.5,CUST-1194,United Kingdom
INV-536554,PROD-002,Mechanical Keyboard,3,25-01-2025 10:40,85,CUST-1194,United Kingdom
INV-536554,PROD-001,Wireless Mouse,2,25-01-2025 10:40,25,CUST-1194,United Kingdom
INV-536555,PROD-002,Mechanical Keyboard,2,25-01-2025 11:10,85,CUST-1026,France
INV-536555,PROD-003,USB-C Hub,3,25-01-2025 11:10,35,CUST-1026,France
INV-536556,PROD-007,Ergonomic Office Chair,1,25-01-2025 12:43,199,CUST-1169,France
INV-536556,PROD-004,27-inch Monitor,2,25-01-2025 12:43,249.99,CUST-1169,France
INV-536556,PROD-008,Laptop Stand,1,25-01-2025 12:43,29.99,CUST-1169,France
INV-536557,PROD-007,Ergonomic Office Chair,3,25-01-2025 12:44,199,CUST-1196,Germany
INV-536558,PROD-002,Mechanical Keyboard,2,25-01-2025 13:00,85,CUST-1036,France
INV-536558,PROD-005,Bluetooth Headphones,1,25-01-2025 13:00,59.99,CUST-1036,France
INV-536558,PROD-007,Ergonomic Office Chair,1,25-01-2025 13:00,199,CUST-1036,France
INV-536559,PROD-001,Wireless Mouse,5,25-01-2025 13:33,25,CUST-1180,France
INV-536559,PROD-007,Ergonomic Office Chair,15,25-01-2025 13:33,199,CUST-1180,France
INV-536559,PROD-006,Desk Mat,5,25-01-2025 13:33,15.5,CUST-1180,France
INV-536560,PROD-004,27-inch Monitor,1,25-01-2025 13:47,249.99,CUST-1074,United Kingdom
INV-536560,PROD-006,Desk Mat,1,25-01-2025 13:47,15.5,CUST-1074,United Kingdom
INV-536560,PROD-008,Laptop Stand,1,25-01-2025 13:47,29.99,CUST-1074,United Kingdom
INV-536560,PROD-001,Wireless Mouse,2,25-01-2025 13:47,25,CUST-1074,United Kingdom
INV-536561,PROD-006,Desk Mat,1,25-01-2025 13:55,15.5,CUST-1148,France
INV-536561,PROD-007,Ergonomic Office Chair,3,25-01-2025 13:55,199,CUST-1148,France
INV-536562,PROD-006,Desk Mat,3,26-01-2025 10:15,15.5,CUST-1152,United Kingdom
INV-536562,PROD-004,27-inch Monitor,1,26-01-2025 10:15,249.99,CUST-1152,United Kingdom
INV-536562,PROD-007,Ergonomic Office Chair,1,26-01-2025 10:15,199,CUST-1152,United Kingdom
INV-536562,PROD-002,Mechanical Keyboard,2,26-01-2025 10:15,85,CUST-1152,United Kingdom
INV-536563,PROD-005,Bluetooth Headphones,1,26-01-2025 10:18,59.99,CUST-1156,United Kingdom
INV-536563,PROD-001,Wireless Mouse,2,26-01-2025 10:18,25,CUST-1156,United Kingdom
INV-536564,PROD-006,Desk Mat,1,26-01-2025 10:45,15.5,CUST-1058,United Kingdom
INV-536565,PROD-005,Bluetooth Headphones,2,26-01-2025 11:44,59.99,CUST-1136,Germany
INV-536566,PROD-006,Desk Mat,12,26-01-2025 11:49,15.5,CUST-1040,United Kingdom
INV-536567,PROD-004,27-inch Monitor,2,26-01-2025 12:54,249.99,CUST-1028,United Kingdom
INV-536567,PROD-002,Mechanical Keyboard,2,26-01-2025 12:54,85,CUST-1028,United Kingdom
INV-536568,PROD-005,Bluetooth Headphones,3,26-01-2025 14:58,59.99,CUST-1096,United Kingdom
INV-536569,PROD-006,Desk Mat,1,26-01-2025 16:08,15.5,CUST-1134,United Kingdom
INV-536569,PROD-004,27-inch Monitor,2,26-01-2025 16:08,249.99,CUST-1134,United Kingdom
INV-536569,PROD-001,Wireless Mouse,3,26-01-2025 16:08,25,CUST-1134,United Kingdom
INV-536570,PROD-003,USB-C Hub,1,26-01-2025 16:35,35,CUST-1099,United Kingdom
INV-536570,PROD-001,Wireless Mouse,1,26-01-2025 16:35,25,CUST-1099,United Kingdom
INV-536570,PROD-006,Desk Mat,1,26-01-2025 16:35,15.5,CUST-1099,United Kingdom
INV-536570,PROD-004,27-inch Monitor,1,26-01-2025 16:35,249.99,CUST-1099,United Kingdom
INV-536571,PROD-006,Desk Mat,3,26-01-2025 16:43,15.5,CUST-1036,United Kingdom
INV-536571,PROD-005,Bluetooth Headphones,1,26-01-2025 16:43,59.99,CUST-1036,United Kingdom
INV-536571,PROD-007,Ergonomic Office Chair,2,26-01-2025 16:43,199,CUST-1036,United Kingdom
INV-536571,PROD-001,Wireless Mouse,1,26-01-2025 16:43,25,CUST-1036,United Kingdom
INV-536572,PROD-007,Ergonomic Office Chair,2,26-01-2025 17:14,199,CUST-1137,United Kingdom
INV-536573,PROD-008,Laptop Stand,6,26-01-2025 17:25,29.99,CUST-1090,United Kingdom
INV-536573,PROD-003,USB-C Hub,3,26-01-2025 17:25,35,CUST-1090,United Kingdom
INV-536573,PROD-006,Desk Mat,6,26-01-2025 17:25,15.5,CUST-1090,United Kingdom
INV-536573,PROD-002,Mechanical Keyboard,6,26-01-2025 17:25,85,CUST-1090,United Kingdom
INV-536574,PROD-006,Desk Mat,3,27-01-2025 09:04,15.5,CUST-1057,United Kingdom
INV-536574,PROD-003,USB-C Hub,2,27-01-2025 09:04,35,CUST-1057,United Kingdom
INV-536574,PROD-008,Laptop Stand,2,27-01-2025 09:04,29.99,CUST-1057,United Kingdom
INV-536575,PROD-003,USB-C Hub,2,27-01-2025 10:58,35,CUST-1112,United Kingdom
INV-536575,PROD-004,27-inch Monitor,2,27-01-2025 10:58,249.99,CUST-1112,United Kingdom
INV-536576,PROD-005,Bluetooth Headphones,4,27-01-2025 11:01,59.99,CUST-1105,France
INV-536576,PROD-006,Desk Mat,12,27-01-2025 11:01,15.5,CUST-1105,France
INV-536576,PROD-007,Ergonomic Office Chair,4,27-01-2025 11:01,199,CUST-1105,France
INV-536576,PROD-002,Mechanical Keyboard,8,27-01-2025 11:01,85,CUST-1105,France
INV-536577,PROD-001,Wireless Mouse,3,27-01-2025 11:07,25,CUST-1052,United Kingdom
INV-536577,PROD-005,Bluetooth Headphones,3,27-01-2025 11:07,59.99,CUST-1052,United Kingdom
INV-536578,PROD-004,27-inch Monitor,2,27-01-2025 11:16,249.99,CUST-1022,Germany
INV-536578,PROD-003,USB-C Hub,1,27-01-2025 11:16,35,CUST-1022,Germany
INV-536578,PROD-005,Bluetooth Headphones,3,27-01-2025 11:16,59.99,CUST-1022,Germany
INV-536579,PROD-002,Mechanical Keyboard,2,27-01-2025 12:15,85,CUST-1143,Germany
INV-536580,PROD-008,Laptop Stand,3,27-01-2025 12:24,29.99,CUST-1134,United Kingdom
INV-536580,PROD-001,Wireless Mouse,2,27-01-2025 12:24,25,CUST-1134,United Kingdom
INV-536581,PROD-007,Ergonomic Office Chair,2,27-01-2025 13:00,199,CUST-1154,Germany
INV-536581,PROD-002,Mechanical Keyboard,1,27-01-2025 13:00,85,CUST-1154,Germany
INV-536581,PROD-004,27-inch Monitor,1,27-01-2025 13:00,249.99,CUST-1154,Germany
INV-536581,PROD-008,Laptop Stand,1,27-01-2025 13:00,29.99,CUST-1154,Germany
INV-536582,PROD-003,USB-C Hub,2,27-01-2025 13:07,35,CUST-1172,United Kingdom
INV-536582,PROD-008,Laptop Stand,2,27-01-2025 13:07,29.99,CUST-1172,United Kingdom
INV-536582,PROD-002,Mechanical Keyboard,3,27-01-2025 13:07,85,CUST-1172,United Kingdom
INV-536582,PROD-006,Desk Mat,1,27-01-2025 13:07,15.5,CUST-1172,United Kingdom
INV-536583,PROD-002,Mechanical Keyboard,1,27-01-2025 14:25,85,CUST-1023,United Kingdom
INV-536584,PROD-001,Wireless Mouse,3,27-01-2025 14:39,25,CUST-1197,France
INV-536584,PROD-005,Bluetooth Headphones,1,27-01-2025 14:39,59.99,CUST-1197,France
INV-536585,PROD-003,USB-C Hub,2,27-01-2025 17:32,35,CUST-1134,United Kingdom
INV-536585,PROD-002,Mechanical Keyboard,3,27-01-2025 17:32,85,CUST-1134,United Kingdom
INV-536585,PROD-008,Laptop Stand,3,27-01-2025 17:32,29.99,CUST-1134,United Kingdom
INV-536586,PROD-001,Wireless Mouse,6,28-01-2025 09:58,25,CUST-1100,United Kingdom
INV-536586,PROD-005,Bluetooth Headphones,6,28-01-2025 09:58,59.99,CUST-1100,United Kingdom
INV-536586,PROD-002,Mechanical Keyboard,12,28-01-2025 09:58,85,CUST-1100,United Kingdom
INV-536587,PROD-001,Wireless Mouse,1,28-01-2025 10:37,25,CUST-1184,France
INV-536587,PROD-007,Ergonomic Office Chair,3,28-01-2025 10:37,199,CUST-1184,France
INV-536588,PROD-004,27-inch Monitor,2,28-01-2025 10:58,249.99,CUST-1078,Germany
INV-536589,PROD-006,Desk Mat,2,28-01-2025 13:16,15.5,CUST-1008,France
INV-536589,PROD-001,Wireless Mouse,2,28-01-2025 13:16,25,CUST-1008,France
INV-536589,PROD-005,Bluetooth Headphones,3,28-01-2025 13:16,59.99,CUST-1008,France
INV-536589,PROD-004,27-inch Monitor,2,28-01-2025 13:16,249.99,CUST-1008,France
INV-536590,PROD-005,Bluetooth Headphones,3,28-01-2025 13:40,59.99,CUST-1178,Germany
INV-536590,PROD-004,27-inch Monitor,1,28-01-2025 13:40,249.99,CUST-1178,Germany
INV-536591,PROD-007,Ergonomic Office Chair,2,28-01-2025 13:51,199,CUST-1068,United Kingdom
INV-536591,PROD-008,Laptop Stand,2,28-01-2025 13:51,29.99,CUST-1068,United Kingdom
INV-536592,PROD-004,27-inch Monitor,1,28-01-2025 14:09,249.99,CUST-1078,United Kingdom
INV-536592,PROD-003,USB-C Hub,3,28-01-2025 14:09,35,CUST-1078,United Kingdom
INV-536593,PROD-007,Ergonomic Office Chair,2,28-01-2025 16:53,199,CUST-1149,United Kingdom
INV-536594,PROD-006,Desk Mat,2,28-01-2025 17:25,15.5,CUST-1023,United Kingdom
INV-536594,PROD-005,Bluetooth Headphones,3,28-01-2025 17:25,59.99,CUST-1023,United Kingdom
INV-536594,PROD-004,27-inch Monitor,2,28-01-2025 17:25,249.99,CUST-1023,United Kingdom
INV-536595,PROD-008,Laptop Stand,1,29-01-2025 11:25,29.99,CUST-1158,France
INV-536595,PROD-004,27-inch Monitor,2,29-01-2025 11:25,249.99,CUST-1158,France
INV-536595,PROD-005,Bluetooth Headphones,3,29-01-2025 11:25,59.99,CUST-1158,France
INV-536595,PROD-002,Mechanical Keyboard,3,29-01-2025 11:25,85,CUST-1158,France
INV-536596,PROD-002,Mechanical Keyboard,3,29-01-2025 11:32,85,CUST-1054,Germany
INV-536596,PROD-005,Bluetooth Headphones,3,29-01-2025 11:32,59.99,CUST-1054,Germany
INV-536596,PROD-008,Laptop Stand,1,29-01-2025 11:32,29.99,CUST-1054,Germany
INV-536596,PROD-006,Desk Mat,2,29-01-2025 11:32,15.5,CUST-1054,Germany
INV-536597,PROD-008,Laptop Stand,2,29-01-2025 11:42,29.99,CUST-1061,United Kingdom
INV-536598,PROD-002,Mechanical Keyboard,2,29-01-2025 13:10,85,CUST-1026,United Kingdom
INV-536598,PROD-008,Laptop Stand,3,29-01-2025 13:10,29.99,CUST-1026,United Kingdom
INV-536599,PROD-006,Desk Mat,3,29-01-2025 14:14,15.5,CUST-1127,United Kingdom
INV-536599,PROD-004,27-inch Monitor,2,29-01-2025 14:14,249.99,CUST-1127,United Kingdom
INV-536599,PROD-001,Wireless Mouse,1,29-01-2025 14:14,25,CUST-1127,United Kingdom
INV-536600,PROD-002,Mechanical Keyboard,2,29-01-2025 14:44,85,CUST-1047,France
INV-536601,PROD-008,Laptop Stand,1,29-01-2025 17:02,29.99,CUST-1123,United Kingdom
INV-536601,PROD-004,27-inch Monitor,3,29-01-2025 17:02,249.99,CUST-1123,United Kingdom
INV-536601,PROD-003,USB-C Hub,3,29-01-2025 17:02,35,CUST-1123,United Kingdom
INV-536602,PROD-003,USB-C Hub,3,29-01-2025 17:35,35,CUST-1024,United Kingdom
INV-536603,PROD-007,Ergonomic Office Chair,3,29-01-2025 17:54,199,CUST-1134,United Kingdom
INV-536603,PROD-005,Bluetooth Headphones,3,29-01-2025 17:54,59.99,CUST-1134,United Kingdom
INV-536604,PROD-007,Ergonomic Office Chair,2,30-01-2025 10:43,199,CUST-1092,United Kingdom
INV-536604,PROD-008,Laptop Stand,3,30-01-2025 10:43,29.99,CUST-1092,United Kingdom
INV-536605,PROD-002,Mechanical Keyboard,3,30-01-2025 15:05,85,CUST-1162,United Kingdom
INV-536605,PROD-003,USB-C Hub,2,30-01-2025 15:05,35,CUST-1162,United Kingdom
INV-536606,PROD-008,Laptop Stand,1,30-01-2025 15:17,29.99,CUST-1093,United Kingdom
INV-536607,PROD-004,27-inch Monitor,3,30-01-2025 15:41,249.99,CUST-1079,United Kingdom
INV-536608,PROD-001,Wireless Mouse,3,30-01-2025 15:43,25,CUST-1023,United Kingdom
INV-536608,PROD-002,Mechanical Keyboard,3,30-01-2025 15:43,85,CUST-1023,United Kingdom
INV-536608,PROD-007,Ergonomic Office Chair,2,30-01-2025 15:43,199,CUST-1023,United Kingdom
INV-536609,PROD-006,Desk Mat,8,31-01-2025 10:15,15.5,CUST-1100,United Kingdom
INV-536610,PROD-002,Mechanical Keyboard,3,31-01-2025 10:54,85,CUST-1098,United Kingdom
INV-536610,PROD-003,USB-C Hub,1,31-01-2025 10:54,35,CUST-1098,United Kingdom
INV-536610,PROD-004,27-inch Monitor,2,31-01-2025 10:54,249.99,CUST-1098,United Kingdom
INV-536611,PROD-001,Wireless Mouse,1,31-01-2025 10:56,25,CUST-1046,France
INV-536611,PROD-005,Bluetooth Headphones,2,31-01-2025 10:56,59.99,CUST-1046,France
INV-536611,PROD-004,27-inch Monitor,3,31-01-2025 10:56,249.99,CUST-1046,France
INV-536611,PROD-006,Desk Mat,2,31-01-2025 10:56,15.5,CUST-1046,France
INV-536612,PROD-005,Bluetooth Headphones,1,31-01-2025 11:39,59.99,CUST-1166,United Kingdom
INV-536612,PROD-002,Mechanical Keyboard,2,31-01-2025 11:39,85,CUST-1166,United Kingdom
INV-536612,PROD-003,USB-C Hub,1,31-01-2025 11:39,35,CUST-1166,United Kingdom
INV-536612,PROD-007,Ergonomic Office Chair,1,31-01-2025 11:39,199,CUST-1166,United Kingdom
INV-536613,PROD-006,Desk Mat,3,31-01-2025 12:36,15.5,CUST-1187,United Kingdom
INV-536614,PROD-007,Ergonomic Office Chair,18,31-01-2025 12:48,199,CUST-1065,France
INV-536614,PROD-004,27-inch Monitor,12,31-01-2025 12:48,249.99,CUST-1065,France
INV-536614,PROD-006,Desk Mat,12,31-01-2025 12:48,15.5,CUST-1065,France
INV-536615,PROD-003,USB-C Hub,2,31-01-2025 13:25,35,CUST-1057,France
INV-536615,PROD-006,Desk Mat,1,31-01-2025 13:25,15.5,CUST-1057,France
INV-536615,PROD-001,Wireless Mouse,2,31-01-2025 13:25,25,CUST-1057,France
INV-536615,PROD-005,Bluetooth Headphones,1,31-01-2025 13:25,59.99,CUST-1057,France
INV-536616,PROD-004,27-inch Monitor,2,31-01-2025 14:09,249.99,CUST-1134,Germany
INV-536617,PROD-002,Mechanical Keyboard,1,31-01-2025 14:26,85,CUST-1057,United Kingdom
INV-536617,PROD-004,27-inch Monitor,3,31-01-2025 14:26,249.99,CUST-1057,United Kingdom
INV-536617,PROD-001,Wireless Mouse,1,31-01-2025 14:26,25,CUST-1057,United Kingdom
INV-536618,PROD-006,Desk Mat,2,31-01-2025 14:43,15.5,CUST-1161,United Kingdom
INV-536618,PROD-005,Bluetooth Headphones,3,31-01-2025 14:43,59.99,CUST-1161,United Kingdom
INV-536618,PROD-003,USB-C Hub,2,31-01-2025 14:43,35,CUST-1161,United Kingdom
INV-536618,PROD-001,Wireless Mouse,3,31-01-2025 14:43,25,CUST-1161,United Kingdom
INV-536619,PROD-003,USB-C Hub,3,31-01-2025 17:53,35,CUST-1092,United Kingdom
INV-536619,PROD-007,Ergonomic Office Chair,1,31-01-2025 17:53,199,CUST-1092,United Kingdom
INV-536619,PROD-005,Bluetooth Headphones,1,31-01-2025 17:53,59.99,CUST-1092,United Kingdom
INV-536620,PROD-003,USB-C Hub,3,01-02-2025 09:27,35,CUST-1059,United Kingdom
INV-536620,PROD-006,Desk Mat,1,01-02-2025 09:27,15.5,CUST-1059,United Kingdom
INV-536621,PROD-008,Laptop Stand,1,01-02-2025 10:17,29.99,CUST-1134,Germany
INV-536621,PROD-005,Bluetooth Headphones,2,01-02-2025 10:17,59.99,CUST-1134,Germany
INV-536621,PROD-004,27-inch Monitor,2,01-02-2025 10:17,249.99,CUST-1134,Germany
INV-536621,PROD-006,Desk Mat,2,01-02-2025 10:17,15.5,CUST-1134,Germany
INV-536622,PROD-007,Ergonomic Office Chair,3,01-02-2025 10:42,199,CUST-1058,United Kingdom
INV-536622,PROD-005,Bluetooth Headphones,2,01-02-2025 10:42,59.99,CUST-1058,United Kingdom
INV-536623,PROD-005,Bluetooth Headphones,3,01-02-2025 13:12,59.99,CUST-1073,France
INV-536623,PROD-007,Ergonomic Office Chair,2,01-02-2025 13:12,199,CUST-1073,France
INV-536623,PROD-008,Laptop Stand,2,01-02-2025 13:12,29.99,CUST-1073,France
INV-536624,PROD-004,27-inch Monitor,2,01-02-2025 15:20,249.99,CUST-1192,Germany
INV-536625,PROD-007,Ergonomic Office Chair,2,01-02-2025 16:27,199,CUST-1168,France
INV-536625,PROD-004,27-inch Monitor,1,01-02-2025 16:27,249.99,CUST-1168,France
INV-536626,PROD-002,Mechanical Keyboard,3,01-02-2025 17:39,85,CUST-1081,Germany
INV-536626,PROD-005,Bluetooth Headphones,3,01-02-2025 17:39,59.99,CUST-1081,Germany
INV-536627,PROD-001,Wireless Mouse,3,02-02-2025 12:41,25,CUST-1147,United Kingdom
INV-536627,PROD-002,Mechanical Keyboard,2,02-02-2025 12:41,85,CUST-1147,United Kingdom
INV-536627,PROD-006,Desk Mat,1,02-02-2025 12:41,15.5,CUST-1147,United Kingdom
INV-536627,PROD-005,Bluetooth Headphones,1,02-02-2025 12:41,59.99,CUST-1147,United Kingdom
INV-536628,PROD-005,Bluetooth Headphones,10,02-02-2025 13:11,59.99,CUST-1170,United Kingdom
INV-536629,PROD-001,Wireless Mouse,9,02-02-2025 13:47,25,CUST-1200,United Kingdom
INV-536630,PROD-003,USB-C Hub,14,03-02-2025 15:03,35,CUST-1075,United Kingdom
INV-536631,PROD-006,Desk Mat,12,03-02-2025 15:12,15.5,CUST-1170,France
INV-536631,PROD-002,Mechanical Keyboard,18,03-02-2025 15:12,85,CUST-1170,France
INV-536632,PROD-005,Bluetooth Headphones,1,03-02-2025 17:28,59.99,CUST-1001,United Kingdom
INV-536633,PROD-002,Mechanical Keyboard,2,04-02-2025 11:22,85,CUST-1154,France
INV-536633,PROD-005,Bluetooth Headphones,2,04-02-2025 11:22,59.99,CUST-1154,France
INV-536634,PROD-003,USB-C Hub,2,04-02-2025 13:15,35,CUST-1022,United Kingdom
INV-536634,PROD-008,Laptop Stand,1,04-02-2025 13:15,29.99,CUST-1022,United Kingdom
INV-536635,PROD-005,Bluetooth Headphones,6,04-02-2025 15:13,59.99,CUST-1125,United Kingdom
INV-536635,PROD-002,Mechanical Keyboard,12,04-02-2025 15:13,85,CUST-1125,United Kingdom
INV-536635,PROD-006,Desk Mat,18,04-02-2025 15:13,15.5,CUST-1125,United Kingdom
INV-536636,PROD-004,27-inch Monitor,3,04-02-2025 17:38,249.99,CUST-1028,France
INV-536636,PROD-008,Laptop Stand,1,04-02-2025 17:38,29.99,CUST-1028,France
INV-536636,PROD-005,Bluetooth Headphones,1,04-02-2025 17:38,59.99,CUST-1028,France
INV-536637,PROD-007,Ergonomic Office Chair,3,05-02-2025 11:00,199,CUST-1081,United Kingdom
INV-536638,PROD-007,Ergonomic Office Chair,2,05-02-2025 13:12,199,CUST-1186,France
INV-536638,PROD-003,USB-C Hub,2,05-02-2025 13:12,35,CUST-1186,France
INV-536639,PROD-003,USB-C Hub,3,05-02-2025 13:25,35,CUST-1013,Germany
INV-536639,PROD-008,Laptop Stand,1,05-02-2025 13:25,29.99,CUST-1013,Germany
INV-536639,PROD-004,27-inch Monitor,1,05-02-2025 13:25,249.99,CUST-1013,Germany
INV-536639,PROD-006,Desk Mat,1,05-02-2025 13:25,15.5,CUST-1013,Germany
INV-536640,PROD-002,Mechanical Keyboard,3,05-02-2025 13:29,85,CUST-1152,Germany
INV-536640,PROD-003,USB-C Hub,3,05-02-2025 13:29,35,CUST-1152,Germany
INV-536641,PROD-006,Desk Mat,1,05-02-2025 14:56,15.5,CUST-1043,United Kingdom
INV-536642,PROD-001,Wireless Mouse,2,05-02-2025 17:05,25,CUST-1034,United Kingdom
INV-536642,PROD-008,Laptop Stand,3,05-02-2025 17:05,29.99,CUST-1034,United Kingdom
INV-536642,PROD-002,Mechanical Keyboard,3,05-02-2025 17:05,85,CUST-1034,United Kingdom
INV-536642,PROD-003,USB-C Hub,1,05-02-2025 17:05,35,CUST-1034,United Kingdom
INV-536643,PROD-005,Bluetooth Headphones,6,06-02-2025 09:21,59.99,CUST-1010,France
INV-536644,PROD-008,Laptop Stand,3,06-02-2025 09:40,29.99,CUST-1088,United Kingdom
INV-536644,PROD-007,Ergonomic Office Chair,1,06-02-2025 09:40,199,CUST-1088,United Kingdom
INV-536644,PROD-004,27-inch Monitor,2,06-02-2025 09:40,249.99,CUST-1088,United Kingdom
INV-536645,PROD-003,USB-C Hub,3,06-02-2025 15:08,35,CUST-1197,United Kingdom
INV-536645,PROD-002,Mechanical Keyboard,1,06-02-2025 15:08,85,CUST-1197,United Kingdom
INV-536646,PROD-005,Bluetooth Headphones,2,06-02-2025 15:18,59.99,CUST-1016,France
INV-536647,PROD-001,Wireless Mouse,8,06-02-2025 16:40,25,CUST-1150,United Kingdom
INV-536648,PROD-007,Ergonomic Office Chair,3,06-02-2025 17:41,199,CUST-1169,Germany
INV-536648,PROD-006,Desk Mat,2,06-02-2025 17:41,15.5,CUST-1169,Germany
INV-536648,PROD-001,Wireless Mouse,1,06-02-2025 17:41,25,CUST-1169,Germany
INV-536649,PROD-004,27-inch Monitor,2,07-02-2025 09:15,249.99,CUST-1014,United Kingdom
INV-536649,PROD-006,Desk Mat,3,07-02-2025 09:15,15.5,CUST-1014,United Kingdom
INV-536650,PROD-003,USB-C Hub,1,07-02-2025 11:35,35,CUST-1076,United Kingdom
INV-536650,PROD-008,Laptop Stand,3,07-02-2025 11:35,29.99,CUST-1076,United Kingdom
INV-536650,PROD-006,Desk Mat,1,07-02-2025 11:35,15.5,CUST-1076,United Kingdom
INV-536650,PROD-005,Bluetooth Headphones,1,07-02-2025 11:35,59.99,CUST-1076,United Kingdom
INV-536651,PROD-002,Mechanical Keyboard,1,07-02-2025 11:37,85,CUST-1111,United Kingdom
INV-536651,PROD-001,Wireless Mouse,2,07-02-2025 11:37,25,CUST-1111,United Kingdom
INV-536652,PROD-007,Ergonomic Office Chair,1,07-02-2025 12:56,199,CUST-1051,France
INV-536652,PROD-004,27-inch Monitor,2,07-02-2025 12:56,249.99,CUST-1051,France
INV-536653,PROD-002,Mechanical Keyboard,2,07-02-2025 13:22,85,CUST-1187,Germany
INV-536654,PROD-003,USB-C Hub,1,07-02-2025 14:17,35,CUST-1134,United Kingdom
INV-536654,PROD-005,Bluetooth Headphones,3,07-02-2025 14:17,59.99,CUST-1134,United Kingdom
INV-536655,PROD-004,27-inch Monitor,3,07-02-2025 14:51,249.99,CUST-1147,United Kingdom
INV-536655,PROD-006,Desk Mat,3,07-02-2025 14:51,15.5,CUST-1147,United Kingdom
INV-536655,PROD-002,Mechanical Keyboard,2,07-02-2025 14:51,85,CUST-1147,United Kingdom
INV-536655,PROD-001,Wireless Mouse,2,07-02-2025 14:51,25,CUST-1147,United Kingdom
INV-536656,PROD-007,Ergonomic Office Chair,2,07-02-2025 15:34,199,CUST-1009,United Kingdom
INV-536656,PROD-005,Bluetooth Headphones,3,07-02-2025 15:34,59.99,CUST-1009,United Kingdom
INV-536656,PROD-003,USB-C Hub,2,07-02-2025 15:34,35,CUST-1009,United Kingdom
INV-536656,PROD-002,Mechanical Keyboard,1,07-02-2025 15:34,85,CUST-1009,United Kingdom
INV-536657,PROD-005,Bluetooth Headphones,3,08-02-2025 09:35,59.99,CUST-1138,France
INV-536657,PROD-001,Wireless Mouse,2,08-02-2025 09:35,25,CUST-1138,France
INV-536657,PROD-003,USB-C Hub,2,08-02-2025 09:35,35,CUST-1138,France
INV-536657,PROD-004,27-inch Monitor,1,08-02-2025 09:35,249.99,CUST-1138,France
INV-536658,PROD-001,Wireless Mouse,1,08-02-2025 09:58,25,CUST-1171,Germany
INV-536659,PROD-001,Wireless Mouse,3,08-02-2025 11:19,25,CUST-1121,United Kingdom
INV-536659,PROD-007,Ergonomic Office Chair,3,08-02-2025 11:19,199,CUST-1121,United Kingdom
INV-536659,PROD-006,Desk Mat,1,08-02-2025 11:19,15.5,CUST-1121,United Kingdom
INV-536660,PROD-001,Wireless Mouse,12,08-02-2025 14:40,25,CUST-1035,France
INV-536661,PROD-007,Ergonomic Office Chair,2,08-02-2025 15:25,199,CUST-1043,United Kingdom
INV-536661,PROD-003,USB-C Hub,3,08-02-2025 15:25,35,CUST-1043,United Kingdom
INV-536662,PROD-006,Desk Mat,1,08-02-2025 16:46,15.5,CUST-1029,United Kingdom
INV-536662,PROD-004,27-inch Monitor,1,08-02-2025 16:46,249.99,CUST-1029,United Kingdom
INV-536662,PROD-005,Bluetooth Headphones,3,08-02-2025 16:46,59.99,CUST-1029,United Kingdom
INV-536663,PROD-002,Mechanical Keyboard,2,08-02-2025 17:34,85,CUST-1142,Germany
INV-536663,PROD-001,Wireless Mouse,1,08-02-2025 17:34,25,CUST-1142,Germany
INV-536663,PROD-004,27-inch Monitor,3,08-02-2025 17:34,249.99,CUST-1142,Germany
INV-536663,PROD-006,Desk Mat,2,08-02-2025 17:34,15.5,CUST-1142,Germany
INV-536664,PROD-001,Wireless Mouse,2,09-02-2025 09:36,25,CUST-1103,Germany
INV-536664,PROD-006,Desk Mat,2,09-02-2025 09:36,15.5,CUST-1103,Germany
INV-536665,PROD-004,27-inch Monitor,1,09-02-2025 10:29,249.99,CUST-1057,Germany
INV-536665,PROD-005,Bluetooth Headphones,2,09-02-2025 10:29,59.99,CUST-1057,Germany
INV-536665,PROD-001,Wireless Mouse,3,09-02-2025 10:29,25,CUST-1057,Germany
INV-536666,PROD-004,27-inch Monitor,3,09-02-2025 10:31,249.99,CUST-1092,Germany
INV-536666,PROD-008,Laptop Stand,3,09-02-2025 10:31,29.99,CUST-1092,Germany
INV-536666,PROD-007,Ergonomic Office Chair,3,09-02-2025 10:31,199,CUST-1092,Germany
INV-536667,PROD-001,Wireless Mouse,1,09-02-2025 10:39,25,CUST-1056,United Kingdom
INV-536667,PROD-003,USB-C Hub,2,09-02-2025 10:39,35,CUST-1056,United Kingdom
INV-536667,PROD-004,27-inch Monitor,1,09-02-2025 10:39,249.99,CUST-1056,United Kingdom
INV-536667,PROD-006,Desk Mat,2,09-02-2025 10:39,15.5,CUST-1056,United Kingdom
INV-536668,PROD-005,Bluetooth Headphones,3,09-02-2025 11:57,59.99,CUST-1114,United Kingdom
INV-536669,PROD-001,Wireless Mouse,2,09-02-2025 13:14,25,CUST-1018,United Kingdom
INV-536669,PROD-006,Desk Mat,1,09-02-2025 13:14,15.5,CUST-1018,United Kingdom
INV-536670,PROD-002,Mechanical Keyboard,1,09-02-2025 13:16,85,CUST-1033,United Kingdom
INV-536670,PROD-005,Bluetooth Headphones,2,09-02-2025 13:16,59.99,CUST-1033,United Kingdom
INV-536670,PROD-007,Ergonomic Office Chair,2,09-02-2025 13:16,199,CUST-1033,United Kingdom
INV-536670,PROD-008,Laptop Stand,2,09-02-2025 13:16,29.99,CUST-1033,United Kingdom
INV-536671,PROD-008,Laptop Stand,2,09-02-2025 14:47,29.99,CUST-1194,United Kingdom
INV-536671,PROD-006,Desk Mat,3,09-02-2025 14:47,15.5,CUST-1194,United Kingdom
INV-536672,PROD-003,USB-C Hub,2,09-02-2025 17:21,35,CUST-1029,United Kingdom
INV-536672,PROD-001,Wireless Mouse,2,09-02-2025 17:21,25,CUST-1029,United Kingdom
INV-536672,PROD-004,27-inch Monitor,3,09-02-2025 17:21,249.99,CUST-1029,United Kingdom
INV-536673,PROD-005,Bluetooth Headphones,2,10-02-2025 09:24,59.99,CUST-1188,United Kingdom
INV-536674,PROD-001,Wireless Mouse,2,10-02-2025 10:53,25,CUST-1127,Germany
INV-536674,PROD-008,Laptop Stand,2,10-02-2025 10:53,29.99,CUST-1127,Germany
INV-536675,PROD-001,Wireless Mouse,3,10-02-2025 11:37,25,CUST-1026,United Kingdom
INV-536676,PROD-007,Ergonomic Office Chair,5,10-02-2025 14:20,199,CUST-1095,Germany
INV-536676,PROD-002,Mechanical Keyboard,15,10-02-2025 14:20,85,CUST-1095,Germany
INV-536677,PROD-008,Laptop Stand,18,10-02-2025 14:29,29.99,CUST-1080,Germany
INV-536678,PROD-006,Desk Mat,15,10-02-2025 14:33,15.5,CUST-1100,United Kingdom
INV-536679,PROD-004,27-inch Monitor,2,10-02-2025 14:59,249.99,CUST-1069,France
INV-536679,PROD-005,Bluetooth Headphones,1,10-02-2025 14:59,59.99,CUST-1069,France
INV-536679,PROD-001,Wireless Mouse,2,10-02-2025 14:59,25,CUST-1069,France
INV-536680,PROD-001,Wireless Mouse,4,10-02-2025 16:02,25,CUST-1135,United Kingdom
INV-536681,PROD-001,Wireless Mouse,1,11-02-2025 09:45,25,CUST-1016,Germany
INV-536681,PROD-006,Desk Mat,3,11-02-2025 09:45,15.5,CUST-1016,Germany
INV-536681,PROD-004,27-inch Monitor,1,11-02-2025 09:45,249.99,CUST-1016,Germany
INV-536681,PROD-003,USB-C Hub,1,11-02-2025 09:45,35,CUST-1016,Germany
INV-536682,PROD-008,Laptop Stand,3,11-02-2025 10:31,29.99,CUST-1087,France
INV-536682,PROD-005,Bluetooth Headphones,1,11-02-2025 10:31,59.99,CUST-1087,France
INV-536683,PROD-001,Wireless Mouse,10,11-02-2025 12:14,25,CUST-1200,France
INV-536684,PROD-008,Laptop Stand,6,11-02-2025 13:41,29.99,CUST-1180,France
INV-536684,PROD-001,Wireless Mouse,12,11-02-2025 13:41,25,CUST-1180,France
INV-536684,PROD-005,Bluetooth Headphones,18,11-02-2025 13:41,59.99,CUST-1180,France
INV-536684,PROD-002,Mechanical Keyboard,6,11-02-2025 13:41,85,CUST-1180,France
INV-536685,PROD-004,27-inch Monitor,3,11-02-2025 13:53,249.99,CUST-1105,France
INV-536685,PROD-003,USB-C Hub,3,11-02-2025 13:53,35,CUST-1105,France
INV-536685,PROD-008,Laptop Stand,6,11-02-2025 13:53,29.99,CUST-1105,France
INV-536685,PROD-002,Mechanical Keyboard,9,11-02-2025 13:53,85,CUST-1105,France
INV-536686,PROD-007,Ergonomic Office Chair,1,11-02-2025 14:33,199,CUST-1154,United Kingdom
INV-536686,PROD-008,Laptop Stand,3,11-02-2025 14:33,29.99,CUST-1154,United Kingdom
INV-536687,PROD-007,Ergonomic Office Chair,3,11-02-2025 15:13,199,CUST-1181,United Kingdom
INV-536687,PROD-008,Laptop Stand,2,11-02-2025 15:13,29.99,CUST-1181,United Kingdom
INV-536687,PROD-003,USB-C Hub,2,11-02-2025 15:13,35,CUST-1181,United Kingdom
INV-536688,PROD-004,27-inch Monitor,1,11-02-2025 15:41,249.99,CUST-1133,Germany
INV-536689,PROD-007,Ergonomic Office Chair,2,11-02-2025 15:44,199,CUST-1102,Germany
INV-536689,PROD-001,Wireless Mouse,3,11-02-2025 15:44,25,CUST-1102,Germany
INV-536689,PROD-008,Laptop Stand,1,11-02-2025 15:44,29.99,CUST-1102,Germany
INV-536689,PROD-005,Bluetooth Headphones,3,11-02-2025 15:44,59.99,CUST-1102,Germany
INV-536690,PROD-006,Desk Mat,1,11-02-2025 17:36,15.5,CUST-1083,Germany
INV-536690,PROD-002,Mechanical Keyboard,1,11-02-2025 17:36,85,CUST-1083,Germany
INV-536691,PROD-001,Wireless Mouse,3,12-02-2025 09:52,25,CUST-1079,United Kingdom
INV-536691,PROD-007,Ergonomic Office Chair,1,12-02-2025 09:52,199,CUST-1079,United Kingdom
INV-536691,PROD-008,Laptop Stand,1,12-02-2025 09:52,29.99,CUST-1079,United Kingdom
INV-536692,PROD-008,Laptop Stand,2,12-02-2025 14:05,29.99,CUST-1034,United Kingdom
INV-536692,PROD-002,Mechanical Keyboard,1,12-02-2025 14:05,85,CUST-1034,United Kingdom
INV-536692,PROD-007,Ergonomic Office Chair,2,12-02-2025 14:05,199,CUST-1034,United Kingdom
INV-536693,PROD-007,Ergonomic Office Chair,15,12-02-2025 16:12,199,CUST-1130,France
INV-536693,PROD-005,Bluetooth Headphones,5,12-02-2025 16:12,59.99,CUST-1130,France
INV-536693,PROD-002,Mechanical Keyboard,15,12-02-2025 16:12,85,CUST-1130,France
INV-536694,PROD-007,Ergonomic Office Chair,1,12-02-2025 17:40,199,CUST-1017,United Kingdom
INV-536694,PROD-005,Bluetooth Headphones,3,12-02-2025 17:40,59.99,CUST-1017,United Kingdom
INV-536694,PROD-008,Laptop Stand,1,12-02-2025 17:40,29.99,CUST-1017,United Kingdom
INV-536695,PROD-002,Mechanical Keyboard,1,13-02-2025 09:41,85,CUST-1131,Germany
INV-536695,PROD-003,USB-C Hub,3,13-02-2025 09:41,35,CUST-1131,Germany
INV-536695,PROD-006,Desk Mat,3,13-02-2025 09:41,15.5,CUST-1131,Germany
INV-536695,PROD-008,Laptop Stand,1,13-02-2025 09:41,29.99,CUST-1131,Germany
INV-536696,PROD-004,27-inch Monitor,2,13-02-2025 09:58,249.99,CUST-1113,United Kingdom
INV-536696,PROD-006,Desk Mat,2,13-02-2025 09:58,15.5,CUST-1113,United Kingdom
INV-536696,PROD-001,Wireless Mouse,2,13-02-2025 09:58,25,CUST-1113,United Kingdom
INV-536696,PROD-002,Mechanical Keyboard,1,13-02-2025 09:58,85,CUST-1113,United Kingdom
INV-536697,PROD-001,Wireless Mouse,3,13-02-2025 10:22,25,CUST-1181,United Kingdom
INV-536697,PROD-006,Desk Mat,1,13-02-2025 10:22,15.5,CUST-1181,United Kingdom
INV-536698,PROD-001,Wireless Mouse,3,13-02-2025 11:54,25,CUST-1141,United Kingdom
INV-536698,PROD-004,27-inch Monitor,1,13-02-2025 11:54,249.99,CUST-1141,United Kingdom
INV-536699,PROD-003,USB-C Hub,3,13-02-2025 13:47,35,CUST-1106,United Kingdom
INV-536699,PROD-004,27-inch Monitor,2,13-02-2025 13:47,249.99,CUST-1106,United Kingdom
INV-536700,PROD-008,Laptop Stand,3,13-02-2025 14:37,29.99,CUST-1001,United Kingdom
INV-536700,PROD-002,Mechanical Keyboard,3,13-02-2025 14:37,85,CUST-1001,United Kingdom
INV-536700,PROD-006,Desk Mat,1,13-02-2025 14:37,15.5,CUST-1001,United Kingdom
INV-536701,PROD-003,USB-C Hub,3,13-02-2025 14:52,35,CUST-1046,United Kingdom
INV-536701,PROD-006,Desk Mat,3,13-02-2025 14:52,15.5,CUST-1046,United Kingdom
INV-536701,PROD-001,Wireless Mouse,2,13-02-2025 14:52,25,CUST-1046,United Kingdom
INV-536702,PROD-004,27-inch Monitor,3,13-02-2025 15:27,249.99,CUST-1099,United Kingdom
INV-536702,PROD-007,Ergonomic Office Chair,2,13-02-2025 15:27,199,CUST-1099,United Kingdom
INV-536702,PROD-008,Laptop Stand,3,13-02-2025 15:27,29.99,CUST-1099,United Kingdom
INV-536702,PROD-005,Bluetooth Headphones,1,13-02-2025 15:27,59.99,CUST-1099,United Kingdom
INV-536703,PROD-008,Laptop Stand,12,13-02-2025 15:53,29.99,CUST-1095,France
INV-536703,PROD-005,Bluetooth Headphones,6,13-02-2025 15:53,59.99,CUST-1095,France
INV-536704,PROD-002,Mechanical Keyboard,2,13-02-2025 16:14,85,CUST-1113,France
INV-536705,PROD-004,27-inch Monitor,2,13-02-2025 16:23,249.99,CUST-1176,France
INV-536705,PROD-001,Wireless Mouse,2,13-02-2025 16:23,25,CUST-1176,France
INV-536706,PROD-003,USB-C Hub,6,13-02-2025 17:44,35,CUST-1070,Germany
INV-536706,PROD-006,Desk Mat,18,13-02-2025 17:44,15.5,CUST-1070,Germany
INV-536706,PROD-002,Mechanical Keyboard,6,13-02-2025 17:44,85,CUST-1070,Germany
INV-536707,PROD-006,Desk Mat,2,14-02-2025 10:13,15.5,CUST-1147,Germany
INV-536707,PROD-003,USB-C Hub,1,14-02-2025 10:13,35,CUST-1147,Germany
INV-536708,PROD-008,Laptop Stand,3,14-02-2025 10:16,29.99,CUST-1101,United Kingdom
INV-536708,PROD-007,Ergonomic Office Chair,2,14-02-2025 10:16,199,CUST-1101,United Kingdom
INV-536709,PROD-006,Desk Mat,21,14-02-2025 11:22,15.5,CUST-1030,United Kingdom
INV-536709,PROD-001,Wireless Mouse,7,14-02-2025 11:22,25,CUST-1030,United Kingdom
INV-536709,PROD-003,USB-C Hub,7,14-02-2025 11:22,35,CUST-1030,United Kingdom
INV-536709,PROD-008,Laptop Stand,7,14-02-2025 11:22,29.99,CUST-1030,United Kingdom
INV-536710,PROD-004,27-inch Monitor,2,14-02-2025 14:58,249.99,CUST-1008,Germany
INV-536710,PROD-007,Ergonomic Office Chair,3,14-02-2025 14:58,199,CUST-1008,Germany
INV-536711,PROD-008,Laptop Stand,1,14-02-2025 15:28,29.99,CUST-1119,Germany
INV-536711,PROD-005,Bluetooth Headphones,3,14-02-2025 15:28,59.99,CUST-1119,Germany
INV-536712,PROD-002,Mechanical Keyboard,12,14-02-2025 16:22,85,CUST-1195,France
INV-536712,PROD-004,27-inch Monitor,4,14-02-2025 16:22,249.99,CUST-1195,France
INV-536712,PROD-006,Desk Mat,12,14-02-2025 16:22,15.5,CUST-1195,France
INV-536713,PROD-001,Wireless Mouse,1,14-02-2025 16:47,25,CUST-1007,United Kingdom
INV-536713,PROD-004,27-inch Monitor,1,14-02-2025 16:47,249.99,CUST-1007,United Kingdom
INV-536713,PROD-005,Bluetooth Headphones,3,14-02-2025 16:47,59.99,CUST-1007,United Kingdom
INV-536713,PROD-007,Ergonomic Office Chair,3,14-02-2025 16:47,199,CUST-1007,United Kingdom
INV-536714,PROD-004,27-inch Monitor,2,15-02-2025 09:12,249.99,CUST-1112,Germany
INV-536715,PROD-002,Mechanical Keyboard,9,15-02-2025 09:26,85,CUST-1150,France
INV-536715,PROD-006,Desk Mat,6,15-02-2025 09:26,15.5,CUST-1150,France
INV-536715,PROD-003,USB-C Hub,3,15-02-2025 09:26,35,CUST-1150,France
INV-536716,PROD-006,Desk Mat,1,15-02-2025 09:39,15.5,CUST-1127,Germany
INV-536717,PROD-002,Mechanical Keyboard,2,15-02-2025 09:40,85,CUST-1199,Germany
INV-536717,PROD-001,Wireless Mouse,1,15-02-2025 09:40,25,CUST-1199,Germany
INV-536717,PROD-005,Bluetooth Headphones,2,15-02-2025 09:40,59.99,CUST-1199,Germany
INV-536718,PROD-001,Wireless Mouse,3,15-02-2025 11:05,25,CUST-1157,United Kingdom
INV-536718,PROD-008,Laptop Stand,3,15-02-2025 11:05,29.99,CUST-1157,United Kingdom
INV-536718,PROD-003,USB-C Hub,3,15-02-2025 11:05,35,CUST-1157,United Kingdom
INV-536718,PROD-004,27-inch Monitor,1,15-02-2025 11:05,249.99,CUST-1157,United Kingdom
INV-536719,PROD-001,Wireless Mouse,2,15-02-2025 13:05,25,CUST-1158,United Kingdom
INV-536720,PROD-001,Wireless Mouse,3,15-02-2025 17:29,25,CUST-1131,United Kingdom
INV-536720,PROD-008,Laptop Stand,2,15-02-2025 17:29,29.99,CUST-1131,United Kingdom
INV-536721,PROD-008,Laptop Stand,2,16-02-2025 12:18,29.99,CUST-1193,France
INV-536721,PROD-005,Bluetooth Headphones,1,16-02-2025 12:18,59.99,CUST-1193,France
INV-536722,PROD-008,Laptop Stand,1,16-02-2025 13:30,29.99,CUST-1046,United Kingdom
INV-536722,PROD-003,USB-C Hub,2,16-02-2025 13:30,35,CUST-1046,United Kingdom
INV-536722,PROD-004,27-inch Monitor,1,16-02-2025 13:30,249.99,CUST-1046,United Kingdom
INV-536723,PROD-001,Wireless Mouse,4,16-02-2025 15:52,25,CUST-1105,France
INV-536723,PROD-007,Ergonomic Office Chair,8,16-02-2025 15:52,199,CUST-1105,France
INV-536723,PROD-005,Bluetooth Headphones,4,16-02-2025 15:52,59.99,CUST-1105,France
INV-536723,PROD-003,USB-C Hub,12,16-02-2025 15:52,35,CUST-1105,France
INV-536724,PROD-004,27-inch Monitor,3,16-02-2025 17:14,249.99,CUST-1071,France
INV-536724,PROD-006,Desk Mat,1,16-02-2025 17:14,15.5,CUST-1071,France
INV-536725,PROD-006,Desk Mat,2,16-02-2025 17:45,15.5,CUST-1057,United Kingdom
INV-536725,PROD-004,27-inch Monitor,3,16-02-2025 17:45,249.99,CUST-1057,United Kingdom
INV-536725,PROD-002,Mechanical Keyboard,1,16-02-2025 17:45,85,CUST-1057,United Kingdom
INV-536725,PROD-001,Wireless Mouse,1,16-02-2025 17:45,25,CUST-1057,United Kingdom
INV-536726,PROD-006,Desk Mat,1,16-02-2025 17:48,15.5,CUST-1146,United Kingdom
INV-536727,PROD-004,27-inch Monitor,1,17-02-2025 10:09,249.99,CUST-1116,United Kingdom
INV-536727,PROD-005,Bluetooth Headphones,1,17-02-2025 10:09,59.99,CUST-1116,United Kingdom
INV-536728,PROD-003,USB-C Hub,2,17-02-2025 10:31,35,CUST-1146,Germany
INV-536729,PROD-001,Wireless Mouse,3,17-02-2025 11:32,25,CUST-1036,United Kingdom
INV-536729,PROD-007,Ergonomic Office Chair,3,17-02-2025 11:32,199,CUST-1036,United Kingdom
INV-536729,PROD-005,Bluetooth Headphones,1,17-02-2025 11:32,59.99,CUST-1036,United Kingdom
INV-536730,PROD-008,Laptop Stand,1,17-02-2025 12:46,29.99,CUST-1068,United Kingdom
INV-536730,PROD-002,Mechanical Keyboard,1,17-02-2025 12:46,85,CUST-1068,United Kingdom
INV-536730,PROD-007,Ergonomic Office Chair,2,17-02-2025 12:46,199,CUST-1068,United Kingdom
INV-536731,PROD-002,Mechanical Keyboard,3,17-02-2025 16:05,85,CUST-1023,United Kingdom
INV-536732,PROD-006,Desk Mat,12,17-02-2025 16:11,15.5,CUST-1115,United Kingdom
INV-536732,PROD-001,Wireless Mouse,12,17-02-2025 16:11,25,CUST-1115,United Kingdom
INV-536732,PROD-005,Bluetooth Headphones,8,17-02-2025 16:11,59.99,CUST-1115,United Kingdom
INV-536733,PROD-008,Laptop Stand,2,17-02-2025 16:58,29.99,CUST-1099,United Kingdom
INV-536734,PROD-003,USB-C Hub,8,17-02-2025 17:01,35,CUST-1020,France
INV-536734,PROD-007,Ergonomic Office Chair,12,17-02-2025 17:01,199,CUST-1020,France
INV-536735,PROD-003,USB-C Hub,1,17-02-2025 17:07,35,CUST-1163,Germany
INV-536736,PROD-007,Ergonomic Office Chair,1,17-02-2025 17:56,199,CUST-1013,United Kingdom
INV-536736,PROD-005,Bluetooth Headphones,1,17-02-2025 17:56,59.99,CUST-1013,United Kingdom
INV-536737,PROD-005,Bluetooth Headphones,1,18-02-2025 09:07,59.99,CUST-1189,United Kingdom
INV-536737,PROD-004,27-inch Monitor,1,18-02-2025 09:07,249.99,CUST-1189,United Kingdom
INV-536737,PROD-008,Laptop Stand,2,18-02-2025 09:07,29.99,CUST-1189,United Kingdom
INV-536737,PROD-001,Wireless Mouse,2,18-02-2025 09:07,25,CUST-1189,United Kingdom
INV-536738,PROD-006,Desk Mat,6,18-02-2025 09:12,15.5,CUST-1030,United Kingdom
INV-536738,PROD-008,Laptop Stand,18,18-02-2025 09:12,29.99,CUST-1030,United Kingdom
INV-536738,PROD-005,Bluetooth Headphones,12,18-02-2025 09:12,59.99,CUST-1030,United Kingdom
INV-536739,PROD-008,Laptop Stand,2,18-02-2025 09:36,29.99,CUST-1007,United Kingdom
INV-536740,PROD-008,Laptop Stand,2,18-02-2025 09:43,29.99,CUST-1192,Germany
INV-536741,PROD-002,Mechanical Keyboard,1,18-02-2025 10:59,85,CUST-1013,France
INV-536741,PROD-004,27-inch Monitor,3,18-02-2025 10:59,249.99,CUST-1013,France
INV-536741,PROD-003,USB-C Hub,3,18-02-2025 10:59,35,CUST-1013,France
INV-536741,PROD-005,Bluetooth Headphones,2,18-02-2025 10:59,59.99,CUST-1013,France
INV-536742,PROD-007,Ergonomic Office Chair,2,18-02-2025 10:59,199,CUST-1113,Germany
INV-536742,PROD-004,27-inch Monitor,2,18-02-2025 10:59,249.99,CUST-1113,Germany
INV-536742,PROD-006,Desk Mat,1,18-02-2025 10:59,15.5,CUST-1113,Germany
INV-536742,PROD-001,Wireless Mouse,3,18-02-2025 10:59,25,CUST-1113,Germany
INV-536743,PROD-002,Mechanical Keyboard,2,18-02-2025 12:03,85,CUST-1073,United Kingdom
INV-536743,PROD-007,Ergonomic Office Chair,1,18-02-2025 12:03,199,CUST-1073,United Kingdom
INV-536743,PROD-008,Laptop Stand,3,18-02-2025 12:03,29.99,CUST-1073,United Kingdom
INV-536743,PROD-006,Desk Mat,1,18-02-2025 12:03,15.5,CUST-1073,United Kingdom
INV-536744,PROD-003,USB-C Hub,12,18-02-2025 12:37,35,CUST-1065,Germany
INV-536745,PROD-004,27-inch Monitor,3,18-02-2025 13:09,249.99,CUST-1064,France
INV-536745,PROD-007,Ergonomic Office Chair,1,18-02-2025 13:09,199,CUST-1064,France
INV-536746,PROD-004,27-inch Monitor,3,18-02-2025 14:07,249.99,CUST-1163,France
INV-536746,PROD-007,Ergonomic Office Chair,3,18-02-2025 14:07,199,CUST-1163,France
INV-536746,PROD-006,Desk Mat,1,18-02-2025 14:07,15.5,CUST-1163,France
INV-536747,PROD-001,Wireless Mouse,14,18-02-2025 14:47,25,CUST-1085,United Kingdom
INV-536747,PROD-003,USB-C Hub,7,18-02-2025 14:47,35,CUST-1085,United Kingdom
INV-536747,PROD-002,Mechanical Keyboard,21,18-02-2025 14:47,85,CUST-1085,United Kingdom
INV-536747,PROD-005,Bluetooth Headphones,7,18-02-2025 14:47,59.99,CUST-1085,United Kingdom
INV-536748,PROD-003,USB-C Hub,1,18-02-2025 15:16,35,CUST-1114,Germany
INV-536748,PROD-005,Bluetooth Headphones,1,18-02-2025 15:16,59.99,CUST-1114,Germany
INV-536748,PROD-002,Mechanical Keyboard,3,18-02-2025 15:16,85,CUST-1114,Germany
INV-536748,PROD-008,Laptop Stand,1,18-02-2025 15:16,29.99,CUST-1114,Germany
INV-536749,PROD-001,Wireless Mouse,1,18-02-2025 15:25,25,CUST-1107,United Kingdom
INV-536749,PROD-005,Bluetooth Headphones,1,18-02-2025 15:25,59.99,CUST-1107,United Kingdom
INV-536749,PROD-007,Ergonomic Office Chair,3,18-02-2025 15:25,199,CUST-1107,United Kingdom
INV-536750,PROD-006,Desk Mat,2,18-02-2025 16:22,15.5,CUST-1029,France
INV-536750,PROD-007,Ergonomic Office Chair,1,18-02-2025 16:22,199,CUST-1029,France
INV-536750,PROD-003,USB-C Hub,1,18-02-2025 16:22,35,CUST-1029,France
INV-536750,PROD-001,Wireless Mouse,3,18-02-2025 16:22,25,CUST-1029,France
INV-536751,PROD-001,Wireless Mouse,3,19-02-2025 09:30,25,CUST-1073,Germany
INV-536751,PROD-002,Mechanical Keyboard,2,19-02-2025 09:30,85,CUST-1073,Germany
INV-536751,PROD-008,Laptop Stand,3,19-02-2025 09:30,29.99,CUST-1073,Germany
INV-536751,PROD-003,USB-C Hub,2,19-02-2025 09:30,35,CUST-1073,Germany
INV-536752,PROD-006,Desk Mat,1,19-02-2025 10:54,15.5,CUST-1026,United Kingdom
INV-536752,PROD-003,USB-C Hub,2,19-02-2025 10:54,35,CUST-1026,United Kingdom
INV-536753,PROD-007,Ergonomic Office Chair,3,19-02-2025 11:12,199,CUST-1138,United Kingdom
INV-536754,PROD-008,Laptop Stand,3,19-02-2025 12:53,29.99,CUST-1012,United Kingdom
INV-536755,PROD-003,USB-C Hub,2,19-02-2025 14:40,35,CUST-1077,Germany
INV-536755,PROD-001,Wireless Mouse,1,19-02-2025 14:40,25,CUST-1077,Germany
INV-536755,PROD-004,27-inch Monitor,3,19-02-2025 14:40,249.99,CUST-1077,Germany
INV-536755,PROD-005,Bluetooth Headphones,3,19-02-2025 14:40,59.99,CUST-1077,Germany
INV-536756,PROD-004,27-inch Monitor,1,19-02-2025 16:03,249.99,CUST-1164,United Kingdom
INV-536756,PROD-001,Wireless Mouse,2,19-02-2025 16:03,25,CUST-1164,United Kingdom
INV-536756,PROD-008,Laptop Stand,3,19-02-2025 16:03,29.99,CUST-1164,United Kingdom
INV-536757,PROD-008,Laptop Stand,3,20-02-2025 09:27,29.99,CUST-1067,United Kingdom
INV-536757,PROD-003,USB-C Hub,1,20-02-2025 09:27,35,CUST-1067,United Kingdom
INV-536757,PROD-002,Mechanical Keyboard,3,20-02-2025 09:27,85,CUST-1067,United Kingdom
INV-536758,PROD-007,Ergonomic Office Chair,3,20-02-2025 10:17,199,CUST-1191,Germany
INV-536758,PROD-004,27-inch Monitor,1,20-02-2025 10:17,249.99,CUST-1191,Germany
INV-536759,PROD-003,USB-C Hub,3,20-02-2025 13:12,35,CUST-1168,United Kingdom
INV-536760,PROD-001,Wireless Mouse,1,20-02-2025 13:18,25,CUST-1109,United Kingdom
INV-536760,PROD-005,Bluetooth Headphones,3,20-02-2025 13:18,59.99,CUST-1109,United Kingdom
INV-536761,PROD-003,USB-C Hub,1,20-02-2025 13:36,35,CUST-1171,France
INV-536761,PROD-005,Bluetooth Headphones,3,20-02-2025 13:36,59.99,CUST-1171,France
INV-536762,PROD-004,27-inch Monitor,3,20-02-2025 15:21,249.99,CUST-1193,United Kingdom
INV-536762,PROD-003,USB-C Hub,1,20-02-2025 15:21,35,CUST-1193,United Kingdom
INV-536762,PROD-007,Ergonomic Office Chair,3,20-02-2025 15:21,199,CUST-1193,United Kingdom
INV-536762,PROD-005,Bluetooth Headphones,1,20-02-2025 15:21,59.99,CUST-1193,United Kingdom
INV-536763,PROD-002,Mechanical Keyboard,1,21-02-2025 09:12,85,CUST-1036,United Kingdom
INV-536763,PROD-003,USB-C Hub,2,21-02-2025 09:12,35,CUST-1036,United Kingdom
INV-536764,PROD-005,Bluetooth Headphones,1,21-02-2025 09:21,59.99,CUST-1049,United Kingdom
INV-536764,PROD-007,Ergonomic Office Chair,3,21-02-2025 09:21,199,CUST-1049,United Kingdom
INV-536764,PROD-002,Mechanical Keyboard,3,21-02-2025 09:21,85,CUST-1049,United Kingdom
INV-536765,PROD-007,Ergonomic Office Chair,3,21-02-2025 09:45,199,CUST-1086,United Kingdom
INV-536765,PROD-008,Laptop Stand,2,21-02-2025 09:45,29.99,CUST-1086,United Kingdom
INV-536765,PROD-003,USB-C Hub,3,21-02-2025 09:45,35,CUST-1086,United Kingdom
INV-536766,PROD-003,USB-C Hub,2,21-02-2025 10:31,35,CUST-1146,France
INV-536766,PROD-008,Laptop Stand,2,21-02-2025 10:31,29.99,CUST-1146,France
INV-536767,PROD-004,27-inch Monitor,2,21-02-2025 11:57,249.99,CUST-1128,France
INV-536767,PROD-001,Wireless Mouse,3,21-02-2025 11:57,25,CUST-1128,France
INV-536768,PROD-008,Laptop Stand,3,21-02-2025 15:11,29.99,CUST-1038,France
INV-536769,PROD-008,Laptop Stand,2,21-02-2025 17:53,29.99,CUST-1057,United Kingdom
INV-536770,PROD-004,27-inch Monitor,21,22-02-2025 10:19,249.99,CUST-1090,Germany
INV-536770,PROD-008,Laptop Stand,7,22-02-2025 10:19,29.99,CUST-1090,Germany
INV-536770,PROD-005,Bluetooth Headphones,7,22-02-2025 10:19,59.99,CUST-1090,Germany
INV-536770,PROD-002,Mechanical Keyboard,21,22-02-2025 10:19,85,CUST-1090,Germany
INV-536771,PROD-001,Wireless Mouse,2,22-02-2025 11:31,25,CUST-1106,United Kingdom
INV-536771,PROD-004,27-inch Monitor,1,22-02-2025 11:31,249.99,CUST-1106,United Kingdom
INV-536772,PROD-005,Bluetooth Headphones,1,22-02-2025 11:42,59.99,CUST-1086,United Kingdom
INV-536772,PROD-008,Laptop Stand,3,22-02-2025 11:42,29.99,CUST-1086,United Kingdom
INV-536773,PROD-001,Wireless Mouse,1,22-02-2025 11:56,25,CUST-1147,United Kingdom
INV-536774,PROD-005,Bluetooth Headphones,1,22-02-2025 13:26,59.99,CUST-1126,Germany
INV-536774,PROD-008,Laptop Stand,1,22-02-2025 13:26,29.99,CUST-1126,Germany
INV-536774,PROD-001,Wireless Mouse,1,22-02-2025 13:26,25,CUST-1126,Germany
INV-536774,PROD-006,Desk Mat,2,22-02-2025 13:26,15.5,CUST-1126,Germany
INV-536775,PROD-005,Bluetooth Headphones,18,22-02-2025 13:47,59.99,CUST-1155,United Kingdom
INV-536776,PROD-005,Bluetooth Headphones,2,22-02-2025 15:51,59.99,CUST-1108,United Kingdom
INV-536776,PROD-006,Desk Mat,3,22-02-2025 15:51,15.5,CUST-1108,United Kingdom
INV-536776,PROD-003,USB-C Hub,2,22-02-2025 15:51,35,CUST-1108,United Kingdom
INV-536777,PROD-003,USB-C Hub,3,22-02-2025 15:57,35,CUST-1042,France
INV-536778,PROD-008,Laptop Stand,3,22-02-2025 16:25,29.99,CUST-1082,United Kingdom
INV-536779,PROD-003,USB-C Hub,1,23-02-2025 09:50,35,CUST-1042,United Kingdom
INV-536779,PROD-008,Laptop Stand,3,23-02-2025 09:50,29.99,CUST-1042,United Kingdom
INV-536780,PROD-002,Mechanical Keyboard,1,23-02-2025 11:19,85,CUST-1157,United Kingdom
INV-536780,PROD-004,27-inch Monitor,1,23-02-2025 11:19,249.99,CUST-1157,United Kingdom
INV-536780,PROD-003,USB-C Hub,2,23-02-2025 11:19,35,CUST-1157,United Kingdom
INV-536781,PROD-005,Bluetooth Headphones,4,23-02-2025 12:19,59.99,CUST-1010,United Kingdom
INV-536781,PROD-004,27-inch Monitor,4,23-02-2025 12:19,249.99,CUST-1010,United Kingdom
INV-536782,PROD-007,Ergonomic Office Chair,1,23-02-2025 12:53,199,CUST-1134,France
INV-536782,PROD-003,USB-C Hub,2,23-02-2025 12:53,35,CUST-1134,France
INV-536783,PROD-005,Bluetooth Headphones,1,23-02-2025 13:02,59.99,CUST-1062,France
INV-536783,PROD-003,USB-C Hub,2,23-02-2025 13:02,35,CUST-1062,France
INV-536784,PROD-002,Mechanical Keyboard,3,23-02-2025 13:29,85,CUST-1012,United Kingdom
INV-536784,PROD-008,Laptop Stand,2,23-02-2025 13:29,29.99,CUST-1012,United Kingdom
INV-536784,PROD-006,Desk Mat,1,23-02-2025 13:29,15.5,CUST-1012,United Kingdom
INV-536784,PROD-004,27-inch Monitor,3,23-02-2025 13:29,249.99,CUST-1012,United Kingdom
INV-536785,PROD-004,27-inch Monitor,3,23-02-2025 14:02,249.99,CUST-1117,United Kingdom
INV-536786,PROD-006,Desk Mat,3,23-02-2025 14:04,15.5,CUST-1023,United Kingdom
INV-536787,PROD-004,27-inch Monitor,1,23-02-2025 14:36,249.99,CUST-1188,United Kingdom
INV-536788,PROD-001,Wireless Mouse,12,23-02-2025 15:48,25,CUST-1005,United Kingdom
INV-536788,PROD-006,Desk Mat,6,23-02-2025 15:48,15.5,CUST-1005,United Kingdom
INV-536788,PROD-007,Ergonomic Office Chair,18,23-02-2025 15:48,199,CUST-1005,United Kingdom
INV-536788,PROD-003,USB-C Hub,6,23-02-2025 15:48,35,CUST-1005,United Kingdom
INV-536789,PROD-006,Desk Mat,2,23-02-2025 17:12,15.5,CUST-1151,United Kingdom
INV-536790,PROD-003,USB-C Hub,3,23-02-2025 17:46,35,CUST-1072,France
INV-536790,PROD-008,Laptop Stand,1,23-02-2025 17:46,29.99,CUST-1072,France
INV-536790,PROD-002,Mechanical Keyboard,2,23-02-2025 17:46,85,CUST-1072,France
INV-536791,PROD-002,Mechanical Keyboard,6,24-02-2025 09:15,85,CUST-1130,France
INV-536792,PROD-008,Laptop Stand,2,24-02-2025 09:39,29.99,CUST-1112,United Kingdom
INV-536792,PROD-007,Ergonomic Office Chair,3,24-02-2025 09:39,199,CUST-1112,United Kingdom
INV-536793,PROD-002,Mechanical Keyboard,3,24-02-2025 11:37,85,CUST-1140,United Kingdom
INV-536793,PROD-003,USB-C Hub,3,24-02-2025 11:37,35,CUST-1140,United Kingdom
INV-536793,PROD-006,Desk Mat,6,24-02-2025 11:37,15.5,CUST-1140,United Kingdom
INV-536793,PROD-001,Wireless Mouse,6,24-02-2025 11:37,25,CUST-1140,United Kingdom
INV-536794,PROD-008,Laptop Stand,2,24-02-2025 11:39,29.99,CUST-1063,France
INV-536794,PROD-003,USB-C Hub,3,24-02-2025 11:39,35,CUST-1063,France
INV-536794,PROD-005,Bluetooth Headphones,1,24-02-2025 11:39,59.99,CUST-1063,France
INV-536795,PROD-004,27-inch Monitor,15,24-02-2025 15:27,249.99,CUST-1085,Germany
INV-536795,PROD-005,Bluetooth Headphones,15,24-02-2025 15:27,59.99,CUST-1085,Germany
INV-536795,PROD-002,Mechanical Keyboard,5,24-02-2025 15:27,85,CUST-1085,Germany
INV-536796,PROD-001,Wireless Mouse,3,24-02-2025 17:04,25,CUST-1109,France
INV-536796,PROD-008,Laptop Stand,2,24-02-2025 17:04,29.99,CUST-1109,France
INV-536796,PROD-003,USB-C Hub,2,24-02-2025 17:04,35,CUST-1109,France
INV-536797,PROD-007,Ergonomic Office Chair,1,24-02-2025 17:55,199,CUST-1127,United Kingdom
INV-536798,PROD-003,USB-C Hub,6,25-02-2025 09:11,35,CUST-1175,France
INV-536798,PROD-002,Mechanical Keyboard,3,25-02-2025 09:11,85,CUST-1175,France
INV-536798,PROD-006,Desk Mat,3,25-02-2025 09:11,15.5,CUST-1175,France
INV-536798,PROD-005,Bluetooth Headphones,3,25-02-2025 09:11,59.99,CUST-1175,France
INV-536799,PROD-002,Mechanical Keyboard,6,25-02-2025 15:51,85,CUST-1095,United Kingdom
INV-536799,PROD-004,27-inch Monitor,6,25-02-2025 15:51,249.99,CUST-1095,United Kingdom
INV-536799,PROD-005,Bluetooth Headphones,6,25-02-2025 15:51,59.99,CUST-1095,United Kingdom
INV-536799,PROD-001,Wireless Mouse,3,25-02-2025 15:51,25,CUST-1095,United Kingdom
INV-536800,PROD-003,USB-C Hub,1,26-02-2025 09:47,35,CUST-1158,United Kingdom
INV-536800,PROD-007,Ergonomic Office Chair,3,26-02-2025 09:47,199,CUST-1158,United Kingdom
INV-536800,PROD-002,Mechanical Keyboard,3,26-02-2025 09:47,85,CUST-1158,United Kingdom
INV-536800,PROD-006,Desk Mat,1,26-02-2025 09:47,15.5,CUST-1158,United Kingdom
INV-536801,PROD-001,Wireless Mouse,6,26-02-2025 09:50,25,CUST-1025,Germany
INV-536801,PROD-002,Mechanical Keyboard,6,26-02-2025 09:50,85,CUST-1025,Germany
INV-536801,PROD-007,Ergonomic Office Chair,6,26-02-2025 09:50,199,CUST-1025,Germany
INV-536802,PROD-001,Wireless Mouse,3,26-02-2025 10:34,25,CUST-1056,United Kingdom
INV-536802,PROD-006,Desk Mat,3,26-02-2025 10:34,15.5,CUST-1056,United Kingdom
INV-536802,PROD-003,USB-C Hub,1,26-02-2025 10:34,35,CUST-1056,United Kingdom
INV-536803,PROD-001,Wireless Mouse,2,26-02-2025 11:11,25,CUST-1146,United Kingdom
INV-536804,PROD-005,Bluetooth Headphones,1,26-02-2025 13:17,59.99,CUST-1048,United Kingdom
INV-536804,PROD-001,Wireless Mouse,2,26-02-2025 13:17,25,CUST-1048,United Kingdom
INV-536805,PROD-005,Bluetooth Headphones,12,26-02-2025 15:19,59.99,CUST-1085,United Kingdom
INV-536806,PROD-005,Bluetooth Headphones,3,27-02-2025 09:40,59.99,CUST-1052,Germany
INV-536806,PROD-002,Mechanical Keyboard,1,27-02-2025 09:40,85,CUST-1052,Germany
INV-536806,PROD-004,27-inch Monitor,2,27-02-2025 09:40,249.99,CUST-1052,Germany
INV-536806,PROD-008,Laptop Stand,3,27-02-2025 09:40,29.99,CUST-1052,Germany
INV-536807,PROD-001,Wireless Mouse,1,27-02-2025 09:46,25,CUST-1129,United Kingdom
INV-536807,PROD-008,Laptop Stand,1,27-02-2025 09:46,29.99,CUST-1129,United Kingdom
INV-536808,PROD-004,27-inch Monitor,3,27-02-2025 11:39,249.99,CUST-1054,United Kingdom
INV-536809,PROD-007,Ergonomic Office Chair,1,27-02-2025 13:46,199,CUST-1193,United Kingdom
INV-536810,PROD-002,Mechanical Keyboard,3,27-02-2025 13:51,85,CUST-1021,France
INV-536810,PROD-005,Bluetooth Headphones,1,27-02-2025 13:51,59.99,CUST-1021,France
INV-536811,PROD-003,USB-C Hub,3,27-02-2025 14:03,35,CUST-1112,France
INV-536811,PROD-006,Desk Mat,2,27-02-2025 14:03,15.5,CUST-1112,France
INV-536812,PROD-003,USB-C Hub,2,27-02-2025 14:57,35,CUST-1002,Germany
INV-536812,PROD-002,Mechanical Keyboard,2,27-02-2025 14:57,85,CUST-1002,Germany
INV-536812,PROD-005,Bluetooth Headphones,3,27-02-2025 14:57,59.99,CUST-1002,Germany
INV-536813,PROD-002,Mechanical Keyboard,1,27-02-2025 15:25,85,CUST-1092,France
INV-536814,PROD-001,Wireless Mouse,3,27-02-2025 16:23,25,CUST-1169,United Kingdom
INV-536814,PROD-002,Mechanical Keyboard,3,27-02-2025 16:23,85,CUST-1169,United Kingdom
INV-536814,PROD-008,Laptop Stand,2,27-02-2025 16:23,29.99,CUST-1169,United Kingdom
INV-536814,PROD-007,Ergonomic Office Chair,1,27-02-2025 16:23,199,CUST-1169,United Kingdom
INV-536815,PROD-001,Wireless Mouse,2,27-02-2025 17:30,25,CUST-1069,Germany
INV-536816,PROD-007,Ergonomic Office Chair,7,28-02-2025 11:27,199,CUST-1090,Germany
INV-536816,PROD-002,Mechanical Keyboard,14,28-02-2025 11:27,85,CUST-1090,Germany
INV-536816,PROD-003,USB-C Hub,14,28-02-2025 11:27,35,CUST-1090,Germany
INV-536816,PROD-001,Wireless Mouse,14,28-02-2025 11:27,25,CUST-1090,Germany
INV-536817,PROD-001,Wireless Mouse,1,28-02-2025 11:43,25,CUST-1049,Germany
INV-536817,PROD-006,Desk Mat,2,28-02-2025 11:43,15.5,CUST-1049,Germany
INV-536817,PROD-002,Mechanical Keyboard,3,28-02-2025 11:43,85,CUST-1049,Germany
INV-536817,PROD-007,Ergonomic Office Chair,1,28-02-2025 11:43,199,CUST-1049,Germany
INV-536818,PROD-007,Ergonomic Office Chair,2,28-02-2025 13:50,199,CUST-1197,France
INV-536819,PROD-005,Bluetooth Headphones,3,28-02-2025 16:19,59.99,CUST-1004,France
INV-536819,PROD-006,Desk Mat,1,28-02-2025 16:19,15.5,CUST-1004,France
INV-536819,PROD-004,27-inch Monitor,2,28-02-2025 16:19,249.99,CUST-1004,France
INV-536819,PROD-001,Wireless Mouse,3,28-02-2025 16:19,25,CUST-1004,France
INV-536820,PROD-007,Ergonomic Office Chair,2,28-02-2025 16:53,199,CUST-1112,Germany
INV-536820,PROD-008,Laptop Stand,2,28-02-2025 16:53,29.99,CUST-1112,Germany
INV-536820,PROD-003,USB-C Hub,2,28-02-2025 16:53,35,CUST-1112,Germany
INV-536820,PROD-001,Wireless Mouse,3,28-02-2025 16:53,25,CUST-1112,Germany
INV-536821,PROD-002,Mechanical Keyboard,3,28-02-2025 17:03,85,CUST-1177,United Kingdom
INV-536822,PROD-008,Laptop Stand,2,28-02-2025 17:12,29.99,CUST-1097,United Kingdom
INV-536823,PROD-006,Desk Mat,1,28-02-2025 17:40,15.5,CUST-1087,United Kingdom
INV-536823,PROD-008,Laptop Stand,3,28-02-2025 17:40,29.99,CUST-1087,United Kingdom
INV-536823,PROD-001,Wireless Mouse,2,28-02-2025 17:40,25,CUST-1087,United Kingdom
INV-536824,PROD-004,27-inch Monitor,3,01-03-2025 11:00,249.99,CUST-1029,Germany
INV-536824,PROD-002,Mechanical Keyboard,1,01-03-2025 11:00,85,CUST-1029,Germany
INV-536824,PROD-001,Wireless Mouse,3,01-03-2025 11:00,25,CUST-1029,Germany
INV-536824,PROD-006,Desk Mat,1,01-03-2025 11:00,15.5,CUST-1029,Germany
INV-536825,PROD-004,27-inch Monitor,1,01-03-2025 11:29,249.99,CUST-1183,France
INV-536826,PROD-007,Ergonomic Office Chair,1,01-03-2025 13:28,199,CUST-1063,Germany
INV-536826,PROD-006,Desk Mat,1,01-03-2025 13:28,15.5,CUST-1063,Germany
INV-536826,PROD-005,Bluetooth Headphones,1,01-03-2025 13:28,59.99,CUST-1063,Germany
INV-536826,PROD-002,Mechanical Keyboard,1,01-03-2025 13:28,85,CUST-1063,Germany
INV-536827,PROD-008,Laptop Stand,1,01-03-2025 14:04,29.99,CUST-1163,United Kingdom
INV-536827,PROD-001,Wireless Mouse,3,01-03-2025 14:04,25,CUST-1163,United Kingdom
INV-536827,PROD-002,Mechanical Keyboard,2,01-03-2025 14:04,85,CUST-1163,United Kingdom
INV-536827,PROD-006,Desk Mat,3,01-03-2025 14:04,15.5,CUST-1163,United Kingdom
INV-536828,PROD-002,Mechanical Keyboard,1,01-03-2025 14:23,85,CUST-1117,France
INV-536829,PROD-003,USB-C Hub,2,02-03-2025 09:48,35,CUST-1188,Germany
INV-536829,PROD-001,Wireless Mouse,3,02-03-2025 09:48,25,CUST-1188,Germany
INV-536829,PROD-004,27-inch Monitor,3,02-03-2025 09:48,249.99,CUST-1188,Germany
INV-536830,PROD-006,Desk Mat,3,02-03-2025 12:23,15.5,CUST-1021,United Kingdom
INV-536831,PROD-008,Laptop Stand,2,02-03-2025 12:31,29.99,CUST-1001,United Kingdom
INV-536831,PROD-007,Ergonomic Office Chair,2,02-03-2025 12:31,199,CUST-1001,United Kingdom
INV-536832,PROD-002,Mechanical Keyboard,4,02-03-2025 14:25,85,CUST-1145,United Kingdom
INV-536832,PROD-004,27-inch Monitor,8,02-03-2025 14:25,249.99,CUST-1145,United Kingdom
INV-536833,PROD-004,27-inch Monitor,12,02-03-2025 15:08,249.99,CUST-1165,United Kingdom
INV-536833,PROD-008,Laptop Stand,8,02-03-2025 15:08,29.99,CUST-1165,United Kingdom
INV-536834,PROD-004,27-inch Monitor,2,02-03-2025 17:19,249.99,CUST-1074,United Kingdom
INV-536834,PROD-001,Wireless Mouse,1,02-03-2025 17:19,25,CUST-1074,United Kingdom
INV-536834,PROD-005,Bluetooth Headphones,3,02-03-2025 17:19,59.99,CUST-1074,United Kingdom
INV-536834,PROD-008,Laptop Stand,1,02-03-2025 17:19,29.99,CUST-1074,United Kingdom
INV-536835,PROD-001,Wireless Mouse,3,03-03-2025 09:13,25,CUST-1086,United Kingdom
INV-536835,PROD-005,Bluetooth Headphones,2,03-03-2025 09:13,59.99,CUST-1086,United Kingdom
INV-536835,PROD-002,Mechanical Keyboard,3,03-03-2025 09:13,85,CUST-1086,United Kingdom
INV-536836,PROD-001,Wireless Mouse,3,03-03-2025 10:42,25,CUST-1057,United Kingdom
INV-536836,PROD-004,27-inch Monitor,1,03-03-2025 10:42,249.99,CUST-1057,United Kingdom
INV-536837,PROD-007,Ergonomic Office Chair,2,03-03-2025 11:06,199,CUST-1191,United Kingdom
INV-536837,PROD-006,Desk Mat,3,03-03-2025 11:06,15.5,CUST-1191,United Kingdom
INV-536837,PROD-004,27-inch Monitor,3,03-03-2025 11:06,249.99,CUST-1191,United Kingdom
INV-536837,PROD-008,Laptop Stand,2,03-03-2025 11:06,29.99,CUST-1191,United Kingdom
INV-536838,PROD-005,Bluetooth Headphones,2,03-03-2025 12:35,59.99,CUST-1169,France
INV-536838,PROD-002,Mechanical Keyboard,3,03-03-2025 12:35,85,CUST-1169,France
INV-536839,PROD-004,27-inch Monitor,1,03-03-2025 13:43,249.99,CUST-1029,United Kingdom
INV-536839,PROD-001,Wireless Mouse,3,03-03-2025 13:43,25,CUST-1029,United Kingdom
INV-536840,PROD-008,Laptop Stand,2,03-03-2025 13:46,29.99,CUST-1033,United Kingdom
INV-536840,PROD-005,Bluetooth Headphones,3,03-03-2025 13:46,59.99,CUST-1033,United Kingdom
INV-536840,PROD-007,Ergonomic Office Chair,1,03-03-2025 13:46,199,CUST-1033,United Kingdom
INV-536841,PROD-008,Laptop Stand,3,03-03-2025 14:28,29.99,CUST-1141,Germany
INV-536841,PROD-001,Wireless Mouse,3,03-03-2025 14:28,25,CUST-1141,Germany
INV-536842,PROD-008,Laptop Stand,1,03-03-2025 14:56,29.99,CUST-1128,United Kingdom
INV-536842,PROD-003,USB-C Hub,3,03-03-2025 14:56,35,CUST-1128,United Kingdom
INV-536842,PROD-007,Ergonomic Office Chair,1,03-03-2025 14:56,199,CUST-1128,United Kingdom
INV-536842,PROD-005,Bluetooth Headphones,3,03-03-2025 14:56,59.99,CUST-1128,United Kingdom
INV-536843,PROD-007,Ergonomic Office Chair,1,03-03-2025 15:20,199,CUST-1076,France
INV-536843,PROD-001,Wireless Mouse,1,03-03-2025 15:20,25,CUST-1076,France
INV-536844,PROD-003,USB-C Hub,1,03-03-2025 17:01,35,CUST-1094,United Kingdom
INV-536844,PROD-007,Ergonomic Office Chair,2,03-03-2025 17:01,199,CUST-1094,United Kingdom
INV-536845,PROD-007,Ergonomic Office Chair,2,04-03-2025 09:50,199,CUST-1177,United Kingdom
INV-536845,PROD-006,Desk Mat,1,04-03-2025 09:50,15.5,CUST-1177,United Kingdom
INV-536845,PROD-004,27-inch Monitor,2,04-03-2025 09:50,249.99,CUST-1177,United Kingdom
INV-536846,PROD-006,Desk Mat,14,04-03-2025 14:05,15.5,CUST-1165,France
INV-536846,PROD-005,Bluetooth Headphones,14,04-03-2025 14:05,59.99,CUST-1165,France
INV-536847,PROD-008,Laptop Stand,3,04-03-2025 14:49,29.99,CUST-1134,Germany
INV-536848,PROD-004,27-inch Monitor,3,04-03-2025 17:54,249.99,CUST-1163,United Kingdom
INV-536848,PROD-003,USB-C Hub,2,04-03-2025 17:54,35,CUST-1163,United Kingdom
INV-536849,PROD-005,Bluetooth Headphones,1,05-03-2025 12:41,59.99,CUST-1021,France
INV-536849,PROD-008,Laptop Stand,3,05-03-2025 12:41,29.99,CUST-1021,France
INV-536850,PROD-005,Bluetooth Headphones,3,05-03-2025 14:45,59.99,CUST-1046,United Kingdom
INV-536850,PROD-001,Wireless Mouse,1,05-03-2025 14:45,25,CUST-1046,United Kingdom
INV-536850,PROD-006,Desk Mat,2,05-03-2025 14:45,15.5,CUST-1046,United Kingdom
INV-536851,PROD-007,Ergonomic Office Chair,2,06-03-2025 10:31,199,CUST-1118,United Kingdom
INV-536851,PROD-003,USB-C Hub,3,06-03-2025 10:31,35,CUST-1118,United Kingdom
INV-536852,PROD-003,USB-C Hub,1,06-03-2025 10:55,35,CUST-1133,United Kingdom
INV-536852,PROD-007,Ergonomic Office Chair,1,06-03-2025 10:55,199,CUST-1133,United Kingdom
INV-536852,PROD-008,Laptop Stand,2,06-03-2025 10:55,29.99,CUST-1133,United Kingdom
INV-536853,PROD-007,Ergonomic Office Chair,4,06-03-2025 11:46,199,CUST-1145,United Kingdom
INV-536853,PROD-004,27-inch Monitor,8,06-03-2025 11:46,249.99,CUST-1145,United Kingdom
INV-536853,PROD-003,USB-C Hub,4,06-03-2025 11:46,35,CUST-1145,United Kingdom
INV-536853,PROD-001,Wireless Mouse,4,06-03-2025 11:46,25,CUST-1145,United Kingdom
INV-536854,PROD-008,Laptop Stand,9,06-03-2025 12:09,29.99,CUST-1080,United Kingdom
INV-536854,PROD-002,Mechanical Keyboard,6,06-03-2025 12:09,85,CUST-1080,United Kingdom
INV-536854,PROD-007,Ergonomic Office Chair,9,06-03-2025 12:09,199,CUST-1080,United Kingdom
INV-536854,PROD-004,27-inch Monitor,9,06-03-2025 12:09,249.99,CUST-1080,United Kingdom
INV-536855,PROD-005,Bluetooth Headphones,2,06-03-2025 13:41,59.99,CUST-1092,United Kingdom
INV-536855,PROD-004,27-inch Monitor,2,06-03-2025 13:41,249.99,CUST-1092,United Kingdom
INV-536856,PROD-003,USB-C Hub,2,06-03-2025 13:48,35,CUST-1148,France
INV-536857,PROD-004,27-inch Monitor,3,06-03-2025 13:57,249.99,CUST-1022,United Kingdom
INV-536857,PROD-005,Bluetooth Headphones,2,06-03-2025 13:57,59.99,CUST-1022,United Kingdom
INV-536858,PROD-005,Bluetooth Headphones,3,06-03-2025 14:49,59.99,CUST-1134,United Kingdom
INV-536858,PROD-003,USB-C Hub,1,06-03-2025 14:49,35,CUST-1134,United Kingdom
INV-536858,PROD-002,Mechanical Keyboard,2,06-03-2025 14:49,85,CUST-1134,United Kingdom
INV-536859,PROD-002,Mechanical Keyboard,3,06-03-2025 15:14,85,CUST-1143,France
INV-536860,PROD-003,USB-C Hub,6,07-03-2025 11:38,35,CUST-1085,Germany
INV-536861,PROD-007,Ergonomic Office Chair,1,07-03-2025 11:57,199,CUST-1089,France
INV-536862,PROD-008,Laptop Stand,1,07-03-2025 14:07,29.99,CUST-1138,Germany
INV-536862,PROD-002,Mechanical Keyboard,3,07-03-2025 14:07,85,CUST-1138,Germany
INV-536863,PROD-006,Desk Mat,3,07-03-2025 14:19,15.5,CUST-1083,United Kingdom
INV-536863,PROD-008,Laptop Stand,2,07-03-2025 14:19,29.99,CUST-1083,United Kingdom
INV-536863,PROD-007,Ergonomic Office Chair,2,07-03-2025 14:19,199,CUST-1083,United Kingdom
INV-536864,PROD-004,27-inch Monitor,2,07-03-2025 14:40,249.99,CUST-1071,Germany
INV-536864,PROD-007,Ergonomic Office Chair,3,07-03-2025 14:40,199,CUST-1071,Germany
INV-536864,PROD-005,Bluetooth Headphones,2,07-03-2025 14:40,59.99,CUST-1071,Germany
INV-536865,PROD-003,USB-C Hub,2,07-03-2025 14:59,35,CUST-1097,United Kingdom
INV-536866,PROD-002,Mechanical Keyboard,2,07-03-2025 15:08,85,CUST-1019,Germany
INV-536866,PROD-008,Laptop Stand,1,07-03-2025 15:08,29.99,CUST-1019,Germany
INV-536866,PROD-005,Bluetooth Headphones,1,07-03-2025 15:08,59.99,CUST-1019,Germany
INV-536866,PROD-006,Desk Mat,1,07-03-2025 15:08,15.5,CUST-1019,Germany
INV-536867,PROD-008,Laptop Stand,2,07-03-2025 17:42,29.99,CUST-1197,Germany
INV-536867,PROD-002,Mechanical Keyboard,2,07-03-2025 17:42,85,CUST-1197,Germany
INV-536867,PROD-003,USB-C Hub,2,07-03-2025 17:42,35,CUST-1197,Germany
INV-536868,PROD-001,Wireless Mouse,7,07-03-2025 17:47,25,CUST-1155,France
INV-536869,PROD-002,Mechanical Keyboard,3,08-03-2025 09:06,85,CUST-1051,France
INV-536870,PROD-002,Mechanical Keyboard,1,08-03-2025 09:38,85,CUST-1082,United Kingdom
INV-536870,PROD-004,27-inch Monitor,2,08-03-2025 09:38,249.99,CUST-1082,United Kingdom
INV-536870,PROD-006,Desk Mat,1,08-03-2025 09:38,15.5,CUST-1082,United Kingdom
INV-536870,PROD-005,Bluetooth Headphones,2,08-03-2025 09:38,59.99,CUST-1082,United Kingdom
INV-536871,PROD-002,Mechanical Keyboard,3,08-03-2025 10:11,85,CUST-1126,France
INV-536871,PROD-003,USB-C Hub,2,08-03-2025 10:11,35,CUST-1126,France
INV-536872,PROD-002,Mechanical Keyboard,2,08-03-2025 10:42,85,CUST-1119,France
INV-536872,PROD-003,USB-C Hub,2,08-03-2025 10:42,35,CUST-1119,France
INV-536872,PROD-001,Wireless Mouse,3,08-03-2025 10:42,25,CUST-1119,France
INV-536873,PROD-004,27-inch Monitor,3,08-03-2025 12:18,249.99,CUST-1197,Germany
INV-536873,PROD-003,USB-C Hub,3,08-03-2025 12:18,35,CUST-1197,Germany
INV-536874,PROD-005,Bluetooth Headphones,3,08-03-2025 13:13,59.99,CUST-1046,United Kingdom
INV-536874,PROD-002,Mechanical Keyboard,2,08-03-2025 13:13,85,CUST-1046,United Kingdom
INV-536874,PROD-004,27-inch Monitor,3,08-03-2025 13:13,249.99,CUST-1046,United Kingdom
INV-536875,PROD-001,Wireless Mouse,1,08-03-2025 16:22,25,CUST-1057,United Kingdom
INV-536875,PROD-005,Bluetooth Headphones,2,08-03-2025 16:22,59.99,CUST-1057,United Kingdom
INV-536875,PROD-002,Mechanical Keyboard,2,08-03-2025 16:22,85,CUST-1057,United Kingdom
INV-536876,PROD-004,27-inch Monitor,2,09-03-2025 09:13,249.99,CUST-1169,France
INV-536876,PROD-006,Desk Mat,2,09-03-2025 09:13,15.5,CUST-1169,France
INV-536877,PROD-004,27-inch Monitor,1,09-03-2025 09:51,249.99,CUST-1193,United Kingdom
INV-536877,PROD-006,Desk Mat,3,09-03-2025 09:51,15.5,CUST-1193,United Kingdom
INV-536877,PROD-005,Bluetooth Headphones,2,09-03-2025 09:51,59.99,CUST-1193,United Kingdom
INV-536878,PROD-005,Bluetooth Headphones,5,09-03-2025 11:40,59.99,CUST-1025,France
INV-536878,PROD-006,Desk Mat,5,09-03-2025 11:40,15.5,CUST-1025,France
INV-536879,PROD-007,Ergonomic Office Chair,3,09-03-2025 12:21,199,CUST-1154,France
INV-536879,PROD-001,Wireless Mouse,3,09-03-2025 12:21,25,CUST-1154,France
INV-536880,PROD-006,Desk Mat,2,09-03-2025 13:10,15.5,CUST-1169,United Kingdom
INV-536881,PROD-001,Wireless Mouse,2,09-03-2025 13:36,25,CUST-1022,United Kingdom
INV-536881,PROD-002,Mechanical Keyboard,1,09-03-2025 13:36,85,CUST-1022,United Kingdom
INV-536882,PROD-006,Desk Mat,7,09-03-2025 14:21,15.5,CUST-1080,France
INV-536882,PROD-005,Bluetooth Headphones,21,09-03-2025 14:21,59.99,CUST-1080,France
INV-536882,PROD-003,USB-C Hub,21,09-03-2025 14:21,35,CUST-1080,France
INV-536883,PROD-002,Mechanical Keyboard,3,10-03-2025 09:03,85,CUST-1196,Germany
INV-536883,PROD-008,Laptop Stand,1,10-03-2025 09:03,29.99,CUST-1196,Germany
INV-536884,PROD-005,Bluetooth Headphones,1,10-03-2025 09:29,59.99,CUST-1029,Germany
INV-536885,PROD-008,Laptop Stand,1,10-03-2025 09:34,29.99,CUST-1183,Germany
INV-536886,PROD-001,Wireless Mouse,8,10-03-2025 10:39,25,CUST-1110,United Kingdom
INV-536886,PROD-006,Desk Mat,4,10-03-2025 10:39,15.5,CUST-1110,United Kingdom
INV-536887,PROD-007,Ergonomic Office Chair,3,10-03-2025 12:27,199,CUST-1008,France
INV-536887,PROD-004,27-inch Monitor,2,10-03-2025 12:27,249.99,CUST-1008,France
INV-536887,PROD-005,Bluetooth Headphones,1,10-03-2025 12:27,59.99,CUST-1008,France
INV-536887,PROD-001,Wireless Mouse,1,10-03-2025 12:27,25,CUST-1008,France
INV-536888,PROD-002,Mechanical Keyboard,1,10-03-2025 14:55,85,CUST-1078,United Kingdom
INV-536889,PROD-005,Bluetooth Headphones,1,10-03-2025 16:39,59.99,CUST-1053,United Kingdom
INV-536889,PROD-007,Ergonomic Office Chair,3,10-03-2025 16:39,199,CUST-1053,United Kingdom
INV-536889,PROD-006,Desk Mat,3,10-03-2025 16:39,15.5,CUST-1053,United Kingdom
INV-536889,PROD-003,USB-C Hub,2,10-03-2025 16:39,35,CUST-1053,United Kingdom
INV-536890,PROD-003,USB-C Hub,1,10-03-2025 17:01,35,CUST-1192,United Kingdom
INV-536890,PROD-005,Bluetooth Headphones,1,10-03-2025 17:01,59.99,CUST-1192,United Kingdom
INV-536891,PROD-005,Bluetooth Headphones,1,10-03-2025 17:28,59.99,CUST-1134,Germany
INV-536891,PROD-006,Desk Mat,2,10-03-2025 17:28,15.5,CUST-1134,Germany
INV-536891,PROD-007,Ergonomic Office Chair,1,10-03-2025 17:28,199,CUST-1134,Germany
INV-536891,PROD-003,USB-C Hub,3,10-03-2025 17:28,35,CUST-1134,Germany
INV-536892,PROD-006,Desk Mat,1,10-03-2025 17:41,15.5,CUST-1118,United Kingdom
INV-536892,PROD-007,Ergonomic Office Chair,1,10-03-2025 17:41,199,CUST-1118,United Kingdom
INV-536892,PROD-002,Mechanical Keyboard,3,10-03-2025 17:41,85,CUST-1118,United Kingdom
INV-536892,PROD-003,USB-C Hub,3,10-03-2025 17:41,35,CUST-1118,United Kingdom
INV-536893,PROD-006,Desk Mat,2,11-03-2025 09:42,15.5,CUST-1021,Germany
INV-536894,PROD-002,Mechanical Keyboard,2,11-03-2025 09:50,85,CUST-1012,United Kingdom
INV-536895,PROD-006,Desk Mat,1,11-03-2025 10:31,15.5,CUST-1007,United Kingdom
INV-536895,PROD-007,Ergonomic Office Chair,1,11-03-2025 10:31,199,CUST-1007,United Kingdom
INV-536895,PROD-005,Bluetooth Headphones,2,11-03-2025 10:31,59.99,CUST-1007,United Kingdom
INV-536896,PROD-003,USB-C Hub,1,11-03-2025 10:51,35,CUST-1018,France
INV-536897,PROD-005,Bluetooth Headphones,2,11-03-2025 11:57,59.99,CUST-1119,United Kingdom
INV-536897,PROD-008,Laptop Stand,2,11-03-2025 11:57,29.99,CUST-1119,United Kingdom
INV-536897,PROD-004,27-inch Monitor,3,11-03-2025 11:57,249.99,CUST-1119,United Kingdom
INV-536897,PROD-007,Ergonomic Office Chair,3,11-03-2025 11:57,199,CUST-1119,United Kingdom
INV-536898,PROD-007,Ergonomic Office Chair,3,11-03-2025 12:04,199,CUST-1092,United Kingdom
INV-536898,PROD-006,Desk Mat,3,11-03-2025 12:04,15.5,CUST-1092,United Kingdom
INV-536899,PROD-001,Wireless Mouse,18,11-03-2025 12:38,25,CUST-1100,United Kingdom
INV-536899,PROD-003,USB-C Hub,6,11-03-2025 12:38,35,CUST-1100,United Kingdom
INV-536899,PROD-004,27-inch Monitor,6,11-03-2025 12:38,249.99,CUST-1100,United Kingdom
INV-536899,PROD-007,Ergonomic Office Chair,18,11-03-2025 12:38,199,CUST-1100,United Kingdom
INV-536900,PROD-007,Ergonomic Office Chair,2,11-03-2025 13:30,199,CUST-1188,United Kingdom
INV-536900,PROD-006,Desk Mat,2,11-03-2025 13:30,15.5,CUST-1188,United Kingdom
INV-536900,PROD-005,Bluetooth Headphones,3,11-03-2025 13:30,59.99,CUST-1188,United Kingdom
INV-536900,PROD-003,USB-C Hub,2,11-03-2025 13:30,35,CUST-1188,United Kingdom
INV-536901,PROD-007,Ergonomic Office Chair,3,11-03-2025 14:53,199,CUST-1186,United Kingdom
INV-536901,PROD-001,Wireless Mouse,2,11-03-2025 14:53,25,CUST-1186,United Kingdom
INV-536902,PROD-004,27-inch Monitor,3,11-03-2025 17:38,249.99,CUST-1123,Germany
INV-536902,PROD-002,Mechanical Keyboard,2,11-03-2025 17:38,85,CUST-1123,Germany
INV-536903,PROD-004,27-inch Monitor,3,12-03-2025 09:30,249.99,CUST-1037,France
INV-536903,PROD-003,USB-C Hub,3,12-03-2025 09:30,35,CUST-1037,France
INV-536903,PROD-001,Wireless Mouse,1,12-03-2025 09:30,25,CUST-1037,France
INV-536904,PROD-004,27-inch Monitor,1,12-03-2025 10:58,249.99,CUST-1098,Germany
INV-536904,PROD-006,Desk Mat,1,12-03-2025 10:58,15.5,CUST-1098,Germany
INV-536905,PROD-001,Wireless Mouse,3,12-03-2025 11:05,25,CUST-1051,Germany
INV-536905,PROD-003,USB-C Hub,2,12-03-2025 11:05,35,CUST-1051,Germany
INV-536905,PROD-005,Bluetooth Headphones,3,12-03-2025 11:05,59.99,CUST-1051,Germany
INV-536906,PROD-008,Laptop Stand,2,12-03-2025 11:09,29.99,CUST-1169,United Kingdom
INV-536906,PROD-004,27-inch Monitor,2,12-03-2025 11:09,249.99,CUST-1169,United Kingdom
INV-536907,PROD-005,Bluetooth Headphones,2,12-03-2025 11:44,59.99,CUST-1101,France
INV-536907,PROD-003,USB-C Hub,3,12-03-2025 11:44,35,CUST-1101,France
INV-536908,PROD-002,Mechanical Keyboard,2,12-03-2025 14:29,85,CUST-1043,United Kingdom
INV-536908,PROD-007,Ergonomic Office Chair,2,12-03-2025 14:29,199,CUST-1043,United Kingdom
INV-536908,PROD-001,Wireless Mouse,3,12-03-2025 14:29,25,CUST-1043,United Kingdom
INV-536908,PROD-005,Bluetooth Headphones,2,12-03-2025 14:29,59.99,CUST-1043,United Kingdom
INV-536909,PROD-001,Wireless Mouse,3,12-03-2025 14:54,25,CUST-1127,United Kingdom
INV-536909,PROD-004,27-inch Monitor,2,12-03-2025 14:54,249.99,CUST-1127,United Kingdom
INV-536909,PROD-008,Laptop Stand,1,12-03-2025 14:54,29.99,CUST-1127,United Kingdom
INV-536910,PROD-006,Desk Mat,3,12-03-2025 15:02,15.5,CUST-1113,United Kingdom
INV-536911,PROD-008,Laptop Stand,3,12-03-2025 16:40,29.99,CUST-1033,France
INV-536911,PROD-007,Ergonomic Office Chair,1,12-03-2025 16:40,199,CUST-1033,France
INV-536911,PROD-002,Mechanical Keyboard,3,12-03-2025 16:40,85,CUST-1033,France
INV-536912,PROD-008,Laptop Stand,7,12-03-2025 17:13,29.99,CUST-1080,United Kingdom
INV-536912,PROD-001,Wireless Mouse,7,12-03-2025 17:13,25,CUST-1080,United Kingdom
INV-536913,PROD-007,Ergonomic Office Chair,1,12-03-2025 17:38,199,CUST-1026,United Kingdom
INV-536914,PROD-007,Ergonomic Office Chair,14,13-03-2025 09:42,199,CUST-1185,United Kingdom
INV-536914,PROD-006,Desk Mat,14,13-03-2025 09:42,15.5,CUST-1185,United Kingdom
INV-536914,PROD-002,Mechanical Keyboard,14,13-03-2025 09:42,85,CUST-1185,United Kingdom
INV-536915,PROD-004,27-inch Monitor,3,13-03-2025 09:43,249.99,CUST-1144,France
INV-536916,PROD-008,Laptop Stand,3,13-03-2025 09:54,29.99,CUST-1169,France
INV-536916,PROD-002,Mechanical Keyboard,2,13-03-2025 09:54,85,CUST-1169,France
INV-536916,PROD-007,Ergonomic Office Chair,2,13-03-2025 09:54,199,CUST-1169,France
INV-536916,PROD-006,Desk Mat,2,13-03-2025 09:54,15.5,CUST-1169,France
INV-536917,PROD-004,27-inch Monitor,2,13-03-2025 10:27,249.99,CUST-1008,Germany
INV-536917,PROD-007,Ergonomic Office Chair,2,13-03-2025 10:27,199,CUST-1008,Germany
INV-536917,PROD-002,Mechanical Keyboard,1,13-03-2025 10:27,85,CUST-1008,Germany
INV-536918,PROD-007,Ergonomic Office Chair,2,13-03-2025 12:53,199,CUST-1064,United Kingdom
INV-536918,PROD-008,Laptop Stand,2,13-03-2025 12:53,29.99,CUST-1064,United Kingdom
INV-536918,PROD-002,Mechanical Keyboard,2,13-03-2025 12:53,85,CUST-1064,United Kingdom
INV-536919,PROD-004,27-inch Monitor,3,13-03-2025 13:14,249.99,CUST-1026,United Kingdom
INV-536920,PROD-002,Mechanical Keyboard,3,13-03-2025 14:30,85,CUST-1082,United Kingdom
INV-536920,PROD-008,Laptop Stand,2,13-03-2025 14:30,29.99,CUST-1082,United Kingdom
INV-536920,PROD-004,27-inch Monitor,1,13-03-2025 14:30,249.99,CUST-1082,United Kingdom
INV-536920,PROD-006,Desk Mat,3,13-03-2025 14:30,15.5,CUST-1082,United Kingdom
INV-536921,PROD-005,Bluetooth Headphones,1,13-03-2025 15:00,59.99,CUST-1089,Germany
INV-536922,PROD-004,27-inch Monitor,3,13-03-2025 15:13,249.99,CUST-1057,United Kingdom
INV-536922,PROD-002,Mechanical Keyboard,1,13-03-2025 15:13,85,CUST-1057,United Kingdom
INV-536922,PROD-008,Laptop Stand,3,13-03-2025 15:13,29.99,CUST-1057,United Kingdom
INV-536922,PROD-001,Wireless Mouse,2,13-03-2025 15:13,25,CUST-1057,United Kingdom
INV-536923,PROD-005,Bluetooth Headphones,12,13-03-2025 16:43,59.99,CUST-1040,United Kingdom
INV-536923,PROD-008,Laptop Stand,8,13-03-2025 16:43,29.99,CUST-1040,United Kingdom
INV-536924,PROD-006,Desk Mat,1,13-03-2025 17:12,15.5,CUST-1039,United Kingdom
INV-536924,PROD-005,Bluetooth Headphones,1,13-03-2025 17:12,59.99,CUST-1039,United Kingdom
INV-536924,PROD-003,USB-C Hub,2,13-03-2025 17:12,35,CUST-1039,United Kingdom
INV-536924,PROD-007,Ergonomic Office Chair,2,13-03-2025 17:12,199,CUST-1039,United Kingdom
INV-536925,PROD-006,Desk Mat,1,13-03-2025 17:16,15.5,CUST-1027,France
INV-536925,PROD-005,Bluetooth Headphones,2,13-03-2025 17:16,59.99,CUST-1027,France
INV-536925,PROD-002,Mechanical Keyboard,1,13-03-2025 17:16,85,CUST-1027,France
INV-536925,PROD-004,27-inch Monitor,1,13-03-2025 17:16,249.99,CUST-1027,France
INV-536926,PROD-003,USB-C Hub,3,14-03-2025 09:56,35,CUST-1181,Germany
INV-536926,PROD-007,Ergonomic Office Chair,2,14-03-2025 09:56,199,CUST-1181,Germany
INV-536926,PROD-005,Bluetooth Headphones,2,14-03-2025 09:56,59.99,CUST-1181,Germany
INV-536927,PROD-003,USB-C Hub,3,14-03-2025 11:55,35,CUST-1093,Germany
INV-536927,PROD-002,Mechanical Keyboard,2,14-03-2025 11:55,85,CUST-1093,Germany
INV-536927,PROD-004,27-inch Monitor,3,14-03-2025 11:55,249.99,CUST-1093,Germany
INV-536928,PROD-008,Laptop Stand,2,14-03-2025 12:27,29.99,CUST-1041,United Kingdom
INV-536928,PROD-002,Mechanical Keyboard,3,14-03-2025 12:27,85,CUST-1041,United Kingdom
INV-536928,PROD-001,Wireless Mouse,1,14-03-2025 12:27,25,CUST-1041,United Kingdom
INV-536928,PROD-006,Desk Mat,1,14-03-2025 12:27,15.5,CUST-1041,United Kingdom
INV-536929,PROD-008,Laptop Stand,1,14-03-2025 12:52,29.99,CUST-1129,United Kingdom
INV-536929,PROD-003,USB-C Hub,2,14-03-2025 12:52,35,CUST-1129,United Kingdom
INV-536929,PROD-004,27-inch Monitor,1,14-03-2025 12:52,249.99,CUST-1129,United Kingdom
INV-536929,PROD-002,Mechanical Keyboard,1,14-03-2025 12:52,85,CUST-1129,United Kingdom
INV-536930,PROD-001,Wireless Mouse,1,14-03-2025 13:37,25,CUST-1173,United Kingdom
INV-536930,PROD-003,USB-C Hub,3,14-03-2025 13:37,35,CUST-1173,United Kingdom
INV-536930,PROD-006,Desk Mat,1,14-03-2025 13:37,15.5,CUST-1173,United Kingdom
INV-536931,PROD-006,Desk Mat,1,14-03-2025 14:05,15.5,CUST-1169,Germany
INV-536932,PROD-001,Wireless Mouse,3,14-03-2025 14:42,25,CUST-1008,United Kingdom
INV-536932,PROD-005,Bluetooth Headphones,1,14-03-2025 14:42,59.99,CUST-1008,United Kingdom
INV-536932,PROD-006,Desk Mat,3,14-03-2025 14:42,15.5,CUST-1008,United Kingdom
INV-536933,PROD-002,Mechanical Keyboard,2,14-03-2025 17:39,85,CUST-1194,United Kingdom
INV-536934,PROD-004,27-inch Monitor,9,14-03-2025 17:46,249.99,CUST-1045,United Kingdom
INV-536934,PROD-003,USB-C Hub,6,14-03-2025 17:46,35,CUST-1045,United Kingdom
INV-536934,PROD-007,Ergonomic Office Chair,6,14-03-2025 17:46,199,CUST-1045,United Kingdom
INV-536935,PROD-006,Desk Mat,3,15-03-2025 09:17,15.5,CUST-1152,United Kingdom
INV-536935,PROD-001,Wireless Mouse,1,15-03-2025 09:17,25,CUST-1152,United Kingdom
INV-536935,PROD-004,27-inch Monitor,2,15-03-2025 09:17,249.99,CUST-1152,United Kingdom
INV-536935,PROD-003,USB-C Hub,3,15-03-2025 09:17,35,CUST-1152,United Kingdom
INV-536936,PROD-001,Wireless Mouse,9,15-03-2025 09:35,25,CUST-1110,United Kingdom
INV-536936,PROD-004,27-inch Monitor,6,15-03-2025 09:35,249.99,CUST-1110,United Kingdom
INV-536936,PROD-005,Bluetooth Headphones,6,15-03-2025 09:35,59.99,CUST-1110,United Kingdom
INV-536936,PROD-002,Mechanical Keyboard,6,15-03-2025 09:35,85,CUST-1110,United Kingdom
INV-536937,PROD-005,Bluetooth Headphones,1,15-03-2025 10:35,59.99,CUST-1099,United Kingdom
INV-536937,PROD-006,Desk Mat,2,15-03-2025 10:35,15.5,CUST-1099,United Kingdom
INV-536937,PROD-003,USB-C Hub,3,15-03-2025 10:35,35,CUST-1099,United Kingdom
INV-536937,PROD-007,Ergonomic Office Chair,3,15-03-2025 10:35,199,CUST-1099,United Kingdom
INV-536938,PROD-005,Bluetooth Headphones,3,15-03-2025 12:36,59.99,CUST-1137,Germany
INV-536939,PROD-001,Wireless Mouse,2,15-03-2025 12:50,25,CUST-1104,United Kingdom
INV-536939,PROD-004,27-inch Monitor,3,15-03-2025 12:50,249.99,CUST-1104,United Kingdom
INV-536940,PROD-004,27-inch Monitor,3,15-03-2025 17:06,249.99,CUST-1169,France
INV-536940,PROD-003,USB-C Hub,1,15-03-2025 17:06,35,CUST-1169,France
INV-536941,PROD-006,Desk Mat,1,15-03-2025 17:14,15.5,CUST-1051,France
INV-536942,PROD-008,Laptop Stand,2,15-03-2025 17:30,29.99,CUST-1138,France
INV-536942,PROD-002,Mechanical Keyboard,1,15-03-2025 17:30,85,CUST-1138,France
INV-536942,PROD-005,Bluetooth Headphones,2,15-03-2025 17:30,59.99,CUST-1138,France
INV-536942,PROD-006,Desk Mat,2,15-03-2025 17:30,15.5,CUST-1138,France
INV-536943,PROD-005,Bluetooth Headphones,3,16-03-2025 09:23,59.99,CUST-1102,United Kingdom
INV-536943,PROD-004,27-inch Monitor,2,16-03-2025 09:23,249.99,CUST-1102,United Kingdom
INV-536943,PROD-006,Desk Mat,3,16-03-2025 09:23,15.5,CUST-1102,United Kingdom
INV-536943,PROD-007,Ergonomic Office Chair,1,16-03-2025 09:23,199,CUST-1102,United Kingdom
INV-536944,PROD-006,Desk Mat,1,16-03-2025 09:53,15.5,CUST-1008,France
INV-536944,PROD-004,27-inch Monitor,2,16-03-2025 09:53,249.99,CUST-1008,France
INV-536944,PROD-002,Mechanical Keyboard,2,16-03-2025 09:53,85,CUST-1008,France
INV-536945,PROD-002,Mechanical Keyboard,1,16-03-2025 10:33,85,CUST-1069,United Kingdom
INV-536945,PROD-005,Bluetooth Headphones,3,16-03-2025 10:33,59.99,CUST-1069,United Kingdom
INV-536946,PROD-002,Mechanical Keyboard,2,16-03-2025 10:39,85,CUST-1038,United Kingdom
INV-536947,PROD-007,Ergonomic Office Chair,4,16-03-2025 11:30,199,CUST-1020,United Kingdom
INV-536948,PROD-002,Mechanical Keyboard,1,16-03-2025 12:25,85,CUST-1067,United Kingdom
INV-536949,PROD-004,27-inch Monitor,8,16-03-2025 13:43,249.99,CUST-1120,France
INV-536949,PROD-005,Bluetooth Headphones,12,16-03-2025 13:43,59.99,CUST-1120,France
INV-536949,PROD-002,Mechanical Keyboard,4,16-03-2025 13:43,85,CUST-1120,France
INV-536950,PROD-004,27-inch Monitor,1,16-03-2025 14:13,249.99,CUST-1131,United Kingdom
INV-536950,PROD-001,Wireless Mouse,2,16-03-2025 14:13,25,CUST-1131,United Kingdom
INV-536951,PROD-002,Mechanical Keyboard,3,16-03-2025 14:19,85,CUST-1082,France
INV-536951,PROD-003,USB-C Hub,1,16-03-2025 14:19,35,CUST-1082,France
INV-536952,PROD-001,Wireless Mouse,1,16-03-2025 14:39,25,CUST-1162,United Kingdom
INV-536952,PROD-005,Bluetooth Headphones,1,16-03-2025 14:39,59.99,CUST-1162,United Kingdom
INV-536952,PROD-004,27-inch Monitor,2,16-03-2025 14:39,249.99,CUST-1162,United Kingdom
INV-536953,PROD-004,27-inch Monitor,1,16-03-2025 17:51,249.99,CUST-1172,United Kingdom
INV-536954,PROD-006,Desk Mat,1,17-03-2025 09:54,15.5,CUST-1089,France
INV-536954,PROD-005,Bluetooth Headphones,1,17-03-2025 09:54,59.99,CUST-1089,France
INV-536954,PROD-001,Wireless Mouse,2,17-03-2025 09:54,25,CUST-1089,France
INV-536955,PROD-001,Wireless Mouse,3,17-03-2025 09:55,25,CUST-1161,United Kingdom
INV-536956,PROD-006,Desk Mat,3,17-03-2025 09:58,15.5,CUST-1187,France
INV-536956,PROD-003,USB-C Hub,3,17-03-2025 09:58,35,CUST-1187,France
INV-536957,PROD-006,Desk Mat,21,17-03-2025 11:36,15.5,CUST-1195,United Kingdom
INV-536957,PROD-005,Bluetooth Headphones,7,17-03-2025 11:36,59.99,CUST-1195,United Kingdom
INV-536958,PROD-006,Desk Mat,2,17-03-2025 12:36,15.5,CUST-1119,United Kingdom
INV-536958,PROD-003,USB-C Hub,2,17-03-2025 12:36,35,CUST-1119,United Kingdom
INV-536959,PROD-006,Desk Mat,3,17-03-2025 12:51,15.5,CUST-1122,France
INV-536959,PROD-001,Wireless Mouse,3,17-03-2025 12:51,25,CUST-1122,France
INV-536959,PROD-008,Laptop Stand,3,17-03-2025 12:51,29.99,CUST-1122,France
INV-536959,PROD-003,USB-C Hub,2,17-03-2025 12:51,35,CUST-1122,France
INV-536960,PROD-007,Ergonomic Office Chair,3,17-03-2025 13:27,199,CUST-1131,United Kingdom
INV-536960,PROD-001,Wireless Mouse,3,17-03-2025 13:27,25,CUST-1131,United Kingdom
INV-536961,PROD-002,Mechanical Keyboard,9,17-03-2025 13:29,85,CUST-1175,United Kingdom
INV-536961,PROD-004,27-inch Monitor,6,17-03-2025 13:29,249.99,CUST-1175,United Kingdom
INV-536961,PROD-008,Laptop Stand,6,17-03-2025 13:29,29.99,CUST-1175,United Kingdom
INV-536961,PROD-006,Desk Mat,3,17-03-2025 13:29,15.5,CUST-1175,United Kingdom
INV-536962,PROD-002,Mechanical Keyboard,2,17-03-2025 14:56,85,CUST-1193,United Kingdom
INV-536962,PROD-005,Bluetooth Headphones,3,17-03-2025 14:56,59.99,CUST-1193,United Kingdom
INV-536962,PROD-006,Desk Mat,2,17-03-2025 14:56,15.5,CUST-1193,United Kingdom
INV-536963,PROD-004,27-inch Monitor,2,17-03-2025 15:11,249.99,CUST-1131,United Kingdom
INV-536963,PROD-002,Mechanical Keyboard,1,17-03-2025 15:11,85,CUST-1131,United Kingdom
INV-536963,PROD-005,Bluetooth Headphones,1,17-03-2025 15:11,59.99,CUST-1131,United Kingdom
INV-536964,PROD-008,Laptop Stand,3,17-03-2025 15:27,29.99,CUST-1082,Germany
INV-536965,PROD-002,Mechanical Keyboard,1,17-03-2025 17:06,85,CUST-1147,Germany
INV-536966,PROD-002,Mechanical Keyboard,2,17-03-2025 17:18,85,CUST-1182,United Kingdom
INV-536966,PROD-006,Desk Mat,2,17-03-2025 17:18,15.5,CUST-1182,United Kingdom
INV-536967,PROD-003,USB-C Hub,12,17-03-2025 17:45,35,CUST-1145,Germany
INV-536967,PROD-005,Bluetooth Headphones,18,17-03-2025 17:45,59.99,CUST-1145,Germany
INV-536967,PROD-008,Laptop Stand,12,17-03-2025 17:45,29.99,CUST-1145,Germany
INV-536967,PROD-007,Ergonomic Office Chair,6,17-03-2025 17:45,199,CUST-1145,Germany
INV-536968,PROD-004,27-inch Monitor,2,18-03-2025 12:25,249.99,CUST-1158,United Kingdom
INV-536968,PROD-008,Laptop Stand,3,18-03-2025 12:25,29.99,CUST-1158,United Kingdom
INV-536968,PROD-005,Bluetooth Headphones,2,18-03-2025 12:25,59.99,CUST-1158,United Kingdom
INV-536969,PROD-007,Ergonomic Office Chair,3,18-03-2025 13:01,199,CUST-1113,United Kingdom
INV-536969,PROD-005,Bluetooth Headphones,3,18-03-2025 13:01,59.99,CUST-1113,United Kingdom
INV-536969,PROD-001,Wireless Mouse,2,18-03-2025 13:01,25,CUST-1113,United Kingdom
INV-536969,PROD-006,Desk Mat,1,18-03-2025 13:01,15.5,CUST-1113,United Kingdom
INV-536970,PROD-003,USB-C Hub,3,18-03-2025 13:36,35,CUST-1169,Germany
INV-536971,PROD-006,Desk Mat,1,18-03-2025 14:41,15.5,CUST-1073,France
INV-536972,PROD-008,Laptop Stand,3,18-03-2025 16:45,29.99,CUST-1063,United Kingdom
INV-536972,PROD-003,USB-C Hub,3,18-03-2025 16:45,35,CUST-1063,United Kingdom
INV-536972,PROD-005,Bluetooth Headphones,3,18-03-2025 16:45,59.99,CUST-1063,United Kingdom
INV-536972,PROD-007,Ergonomic Office Chair,3,18-03-2025 16:45,199,CUST-1063,United Kingdom
INV-536973,PROD-003,USB-C Hub,1,18-03-2025 16:50,35,CUST-1018,Germany
INV-536973,PROD-004,27-inch Monitor,2,18-03-2025 16:50,249.99,CUST-1018,Germany
INV-536973,PROD-001,Wireless Mouse,2,18-03-2025 16:50,25,CUST-1018,Germany
INV-536974,PROD-002,Mechanical Keyboard,1,18-03-2025 17:43,85,CUST-1192,United Kingdom
INV-536974,PROD-001,Wireless Mouse,1,18-03-2025 17:43,25,CUST-1192,United Kingdom
INV-536974,PROD-005,Bluetooth Headphones,2,18-03-2025 17:43,59.99,CUST-1192,United Kingdom
INV-536975,PROD-001,Wireless Mouse,3,19-03-2025 09:32,25,CUST-1078,Germany
INV-536975,PROD-006,Desk Mat,1,19-03-2025 09:32,15.5,CUST-1078,Germany
INV-536975,PROD-005,Bluetooth Headphones,2,19-03-2025 09:32,59.99,CUST-1078,Germany
INV-536975,PROD-003,USB-C Hub,2,19-03-2025 09:32,35,CUST-1078,Germany
INV-536976,PROD-002,Mechanical Keyboard,2,19-03-2025 11:46,85,CUST-1001,United Kingdom
INV-536976,PROD-007,Ergonomic Office Chair,3,19-03-2025 11:46,199,CUST-1001,United Kingdom
INV-536976,PROD-008,Laptop Stand,1,19-03-2025 11:46,29.99,CUST-1001,United Kingdom
INV-536976,PROD-003,USB-C Hub,3,19-03-2025 11:46,35,CUST-1001,United Kingdom
INV-536977,PROD-008,Laptop Stand,7,19-03-2025 12:48,29.99,CUST-1130,France
INV-536977,PROD-006,Desk Mat,7,19-03-2025 12:48,15.5,CUST-1130,France
INV-536978,PROD-004,27-inch Monitor,3,19-03-2025 16:01,249.99,CUST-1028,France
INV-536978,PROD-006,Desk Mat,1,19-03-2025 16:01,15.5,CUST-1028,France
INV-536978,PROD-005,Bluetooth Headphones,1,19-03-2025 16:01,59.99,CUST-1028,France
INV-536979,PROD-004,27-inch Monitor,12,19-03-2025 17:18,249.99,CUST-1025,United Kingdom
INV-536979,PROD-005,Bluetooth Headphones,4,19-03-2025 17:18,59.99,CUST-1025,United Kingdom
INV-536979,PROD-001,Wireless Mouse,4,19-03-2025 17:18,25,CUST-1025,United Kingdom
INV-536979,PROD-007,Ergonomic Office Chair,4,19-03-2025 17:18,199,CUST-1025,United Kingdom
INV-536980,PROD-007,Ergonomic Office Chair,1,19-03-2025 17:47,199,CUST-1029,United Kingdom
INV-536980,PROD-003,USB-C Hub,1,19-03-2025 17:47,35,CUST-1029,United Kingdom
INV-536981,PROD-007,Ergonomic Office Chair,9,20-03-2025 09:59,199,CUST-1200,France
INV-536981,PROD-005,Bluetooth Headphones,6,20-03-2025 09:59,59.99,CUST-1200,France
INV-536981,PROD-004,27-inch Monitor,3,20-03-2025 09:59,249.99,CUST-1200,France
INV-536981,PROD-008,Laptop Stand,9,20-03-2025 09:59,29.99,CUST-1200,France
INV-536982,PROD-008,Laptop Stand,3,20-03-2025 11:42,29.99,CUST-1192,Germany
INV-536982,PROD-006,Desk Mat,2,20-03-2025 11:42,15.5,CUST-1192,Germany
INV-536983,PROD-005,Bluetooth Headphones,3,20-03-2025 14:26,59.99,CUST-1079,United Kingdom
INV-536983,PROD-002,Mechanical Keyboard,2,20-03-2025 14:26,85,CUST-1079,United Kingdom
INV-536984,PROD-006,Desk Mat,12,20-03-2025 14:32,15.5,CUST-1120,United Kingdom
INV-536984,PROD-004,27-inch Monitor,12,20-03-2025 14:32,249.99,CUST-1120,United Kingdom
INV-536984,PROD-008,Laptop Stand,12,20-03-2025 14:32,29.99,CUST-1120,United Kingdom
INV-536984,PROD-003,USB-C Hub,12,20-03-2025 14:32,35,CUST-1120,United Kingdom
INV-536985,PROD-005,Bluetooth Headphones,1,20-03-2025 15:16,59.99,CUST-1087,Germany
INV-536985,PROD-007,Ergonomic Office Chair,3,20-03-2025 15:16,199,CUST-1087,Germany
INV-536985,PROD-006,Desk Mat,2,20-03-2025 15:16,15.5,CUST-1087,Germany
INV-536985,PROD-004,27-inch Monitor,1,20-03-2025 15:16,249.99,CUST-1087,Germany
INV-536986,PROD-004,27-inch Monitor,1,20-03-2025 17:30,249.99,CUST-1049,United Kingdom
INV-536986,PROD-006,Desk Mat,2,20-03-2025 17:30,15.5,CUST-1049,United Kingdom
INV-536986,PROD-002,Mechanical Keyboard,3,20-03-2025 17:30,85,CUST-1049,United Kingdom
INV-536986,PROD-008,Laptop Stand,2,20-03-2025 17:30,29.99,CUST-1049,United Kingdom
INV-536987,PROD-001,Wireless Mouse,3,21-03-2025 11:00,25,CUST-1183,France
INV-536987,PROD-005,Bluetooth Headphones,2,21-03-2025 11:00,59.99,CUST-1183,France
INV-536988,PROD-003,USB-C Hub,2,21-03-2025 17:46,35,CUST-1124,France
INV-536988,PROD-005,Bluetooth Headphones,3,21-03-2025 17:46,59.99,CUST-1124,France
INV-536988,PROD-004,27-inch Monitor,1,21-03-2025 17:46,249.99,CUST-1124,France
INV-536988,PROD-006,Desk Mat,1,21-03-2025 17:46,15.5,CUST-1124,France
INV-536989,PROD-008,Laptop Stand,3,22-03-2025 15:24,29.99,CUST-1094,France
INV-536989,PROD-006,Desk Mat,1,22-03-2025 15:24,15.5,CUST-1094,France
INV-536989,PROD-002,Mechanical Keyboard,3,22-03-2025 15:24,85,CUST-1094,France
INV-536990,PROD-002,Mechanical Keyboard,3,22-03-2025 16:20,85,CUST-1036,United Kingdom
INV-536990,PROD-007,Ergonomic Office Chair,1,22-03-2025 16:20,199,CUST-1036,United Kingdom
INV-536990,PROD-003,USB-C Hub,2,22-03-2025 16:20,35,CUST-1036,United Kingdom
INV-536991,PROD-004,27-inch Monitor,3,22-03-2025 16:58,249.99,CUST-1024,United Kingdom
INV-536991,PROD-007,Ergonomic Office Chair,3,22-03-2025 16:58,199,CUST-1024,United Kingdom
INV-536992,PROD-001,Wireless Mouse,3,22-03-2025 17:01,25,CUST-1099,United Kingdom
INV-536992,PROD-007,Ergonomic Office Chair,3,22-03-2025 17:01,199,CUST-1099,United Kingdom
INV-536993,PROD-004,27-inch Monitor,1,22-03-2025 17:05,249.99,CUST-1069,United Kingdom
INV-536993,PROD-008,Laptop Stand,2,22-03-2025 17:05,29.99,CUST-1069,United Kingdom
INV-536993,PROD-007,Ergonomic Office Chair,1,22-03-2025 17:05,199,CUST-1069,United Kingdom
INV-536993,PROD-003,USB-C Hub,2,22-03-2025 17:05,35,CUST-1069,United Kingdom
INV-536994,PROD-002,Mechanical Keyboard,1,23-03-2025 10:00,85,CUST-1188,France
INV-536994,PROD-008,Laptop Stand,1,23-03-2025 10:00,29.99,CUST-1188,France
INV-536994,PROD-001,Wireless Mouse,1,23-03-2025 10:00,25,CUST-1188,France
INV-536995,PROD-006,Desk Mat,2,23-03-2025 10:02,15.5,CUST-1123,United Kingdom
INV-536995,PROD-005,Bluetooth Headphones,2,23-03-2025 10:02,59.99,CUST-1123,United Kingdom
INV-536995,PROD-003,USB-C Hub,2,23-03-2025 10:02,35,CUST-1123,United Kingdom
INV-536995,PROD-001,Wireless Mouse,3,23-03-2025 10:02,25,CUST-1123,United Kingdom
INV-536996,PROD-001,Wireless Mouse,2,23-03-2025 13:02,25,CUST-1021,United Kingdom
INV-536996,PROD-006,Desk Mat,3,23-03-2025 13:02,15.5,CUST-1021,United Kingdom
INV-536997,PROD-007,Ergonomic Office Chair,2,23-03-2025 13:18,199,CUST-1127,Germany
INV-536997,PROD-004,27-inch Monitor,2,23-03-2025 13:18,249.99,CUST-1127,Germany
INV-536998,PROD-005,Bluetooth Headphones,3,23-03-2025 13:21,59.99,CUST-1156,Germany
INV-536999,PROD-007,Ergonomic Office Chair,1,23-03-2025 14:17,199,CUST-1044,United Kingdom
INV-537000,PROD-007,Ergonomic Office Chair,6,23-03-2025 15:14,199,CUST-1080,United Kingdom
INV-537000,PROD-008,Laptop Stand,12,23-03-2025 15:14,29.99,CUST-1080,United Kingdom
INV-537001,PROD-002,Mechanical Keyboard,1,23-03-2025 17:09,85,CUST-1188,Germany
INV-537002,PROD-007,Ergonomic Office Chair,2,23-03-2025 17:22,199,CUST-1198,United Kingdom
INV-537003,PROD-005,Bluetooth Headphones,3,24-03-2025 11:45,59.99,CUST-1188,United Kingdom
INV-537004,PROD-005,Bluetooth Headphones,1,24-03-2025 13:54,59.99,CUST-1169,United Kingdom
INV-537004,PROD-004,27-inch Monitor,2,24-03-2025 13:54,249.99,CUST-1169,United Kingdom
INV-537004,PROD-001,Wireless Mouse,3,24-03-2025 13:54,25,CUST-1169,United Kingdom
INV-537005,PROD-005,Bluetooth Headphones,2,24-03-2025 14:15,59.99,CUST-1064,United Kingdom
INV-537005,PROD-006,Desk Mat,2,24-03-2025 14:15,15.5,CUST-1064,United Kingdom
INV-537005,PROD-001,Wireless Mouse,2,24-03-2025 14:15,25,CUST-1064,United Kingdom
INV-537005,PROD-003,USB-C Hub,2,24-03-2025 14:15,35,CUST-1064,United Kingdom
INV-537006,PROD-005,Bluetooth Headphones,3,24-03-2025 14:22,59.99,CUST-1017,France
INV-537007,PROD-006,Desk Mat,10,24-03-2025 17:09,15.5,CUST-1065,France
INV-537008,PROD-003,USB-C Hub,3,25-03-2025 09:15,35,CUST-1028,France
INV-537008,PROD-001,Wireless Mouse,1,25-03-2025 09:15,25,CUST-1028,France
INV-537008,PROD-005,Bluetooth Headphones,3,25-03-2025 09:15,59.99,CUST-1028,France
INV-537009,PROD-006,Desk Mat,2,25-03-2025 09:16,15.5,CUST-1112,France
INV-537009,PROD-007,Ergonomic Office Chair,2,25-03-2025 09:16,199,CUST-1112,France
INV-537009,PROD-002,Mechanical Keyboard,3,25-03-2025 09:16,85,CUST-1112,France
INV-537010,PROD-005,Bluetooth Headphones,3,25-03-2025 09:32,59.99,CUST-1168,Germany
INV-537010,PROD-003,USB-C Hub,3,25-03-2025 09:32,35,CUST-1168,Germany
INV-537011,PROD-008,Laptop Stand,2,25-03-2025 10:30,29.99,CUST-1176,Germany
INV-537011,PROD-004,27-inch Monitor,1,25-03-2025 10:30,249.99,CUST-1176,Germany
INV-537012,PROD-004,27-inch Monitor,1,25-03-2025 10:44,249.99,CUST-1099,Germany
INV-537012,PROD-002,Mechanical Keyboard,2,25-03-2025 10:44,85,CUST-1099,Germany
INV-537013,PROD-002,Mechanical Keyboard,1,25-03-2025 11:22,85,CUST-1094,United Kingdom
INV-537014,PROD-003,USB-C Hub,6,25-03-2025 11:36,35,CUST-1015,United Kingdom
INV-537014,PROD-004,27-inch Monitor,6,25-03-2025 11:36,249.99,CUST-1015,United Kingdom
INV-537015,PROD-008,Laptop Stand,14,25-03-2025 12:58,29.99,CUST-1130,United Kingdom
INV-537015,PROD-007,Ergonomic Office Chair,21,25-03-2025 12:58,199,CUST-1130,United Kingdom
INV-537016,PROD-007,Ergonomic Office Chair,3,25-03-2025 14:18,199,CUST-1187,United Kingdom
INV-537016,PROD-003,USB-C Hub,2,25-03-2025 14:18,35,CUST-1187,United Kingdom
INV-537016,PROD-008,Laptop Stand,1,25-03-2025 14:18,29.99,CUST-1187,United Kingdom
INV-537017,PROD-008,Laptop Stand,1,25-03-2025 16:48,29.99,CUST-1176,France
INV-537017,PROD-004,27-inch Monitor,3,25-03-2025 16:48,249.99,CUST-1176,France
INV-537017,PROD-002,Mechanical Keyboard,2,25-03-2025 16:48,85,CUST-1176,France
INV-537018,PROD-006,Desk Mat,2,26-03-2025 10:02,15.5,CUST-1007,United Kingdom
INV-537018,PROD-001,Wireless Mouse,3,26-03-2025 10:02,25,CUST-1007,United Kingdom
INV-537018,PROD-002,Mechanical Keyboard,1,26-03-2025 10:02,85,CUST-1007,United Kingdom
INV-537019,PROD-008,Laptop Stand,1,26-03-2025 12:39,29.99,CUST-1146,Germany
INV-537020,PROD-005,Bluetooth Headphones,2,26-03-2025 13:21,59.99,CUST-1011,France
INV-537020,PROD-003,USB-C Hub,2,26-03-2025 13:21,35,CUST-1011,France
INV-537020,PROD-007,Ergonomic Office Chair,1,26-03-2025 13:21,199,CUST-1011,France
INV-537021,PROD-006,Desk Mat,2,26-03-2025 13:34,15.5,CUST-1137,United Kingdom
INV-537021,PROD-002,Mechanical Keyboard,3,26-03-2025 13:34,85,CUST-1137,United Kingdom
INV-537021,PROD-007,Ergonomic Office Chair,2,26-03-2025 13:34,199,CUST-1137,United Kingdom
INV-537021,PROD-005,Bluetooth Headphones,1,26-03-2025 13:34,59.99,CUST-1137,United Kingdom
INV-537022,PROD-007,Ergonomic Office Chair,4,26-03-2025 15:19,199,CUST-1160,United Kingdom
INV-537022,PROD-005,Bluetooth Headphones,4,26-03-2025 15:19,59.99,CUST-1160,United Kingdom
INV-537023,PROD-007,Ergonomic Office Chair,2,26-03-2025 15:40,199,CUST-1151,Germany
INV-537024,PROD-007,Ergonomic Office Chair,1,26-03-2025 16:02,199,CUST-1014,Germany
INV-537024,PROD-008,Laptop Stand,1,26-03-2025 16:02,29.99,CUST-1014,Germany
INV-537025,PROD-001,Wireless Mouse,2,27-03-2025 09:16,25,CUST-1043,United Kingdom
INV-537025,PROD-006,Desk Mat,3,27-03-2025 09:16,15.5,CUST-1043,United Kingdom
INV-537026,PROD-003,USB-C Hub,18,27-03-2025 10:34,35,CUST-1190,United Kingdom
INV-537026,PROD-005,Bluetooth Headphones,12,27-03-2025 10:34,59.99,CUST-1190,United Kingdom
INV-537026,PROD-007,Ergonomic Office Chair,6,27-03-2025 10:34,199,CUST-1190,United Kingdom
INV-537027,PROD-002,Mechanical Keyboard,2,27-03-2025 13:00,85,CUST-1046,United Kingdom
INV-537027,PROD-001,Wireless Mouse,2,27-03-2025 13:00,25,CUST-1046,United Kingdom
INV-537027,PROD-004,27-inch Monitor,2,27-03-2025 13:00,249.99,CUST-1046,United Kingdom
INV-537027,PROD-005,Bluetooth Headphones,2,27-03-2025 13:00,59.99,CUST-1046,United Kingdom
INV-537028,PROD-007,Ergonomic Office Chair,2,27-03-2025 13:30,199,CUST-1183,France
INV-537028,PROD-006,Desk Mat,1,27-03-2025 13:30,15.5,CUST-1183,France
INV-537028,PROD-004,27-inch Monitor,2,27-03-2025 13:30,249.99,CUST-1183,France
INV-537028,PROD-005,Bluetooth Headphones,1,27-03-2025 13:30,59.99,CUST-1183,France
INV-537029,PROD-008,Laptop Stand,2,27-03-2025 14:11,29.99,CUST-1137,United Kingdom
INV-537029,PROD-004,27-inch Monitor,1,27-03-2025 14:11,249.99,CUST-1137,United Kingdom
INV-537030,PROD-007,Ergonomic Office Chair,3,27-03-2025 15:22,199,CUST-1133,Germany
INV-537030,PROD-006,Desk Mat,3,27-03-2025 15:22,15.5,CUST-1133,Germany
INV-537031,PROD-003,USB-C Hub,1,27-03-2025 15:34,35,CUST-1106,Germany
INV-537031,PROD-005,Bluetooth Headphones,3,27-03-2025 15:34,59.99,CUST-1106,Germany
INV-537031,PROD-004,27-inch Monitor,3,27-03-2025 15:34,249.99,CUST-1106,Germany
INV-537031,PROD-001,Wireless Mouse,2,27-03-2025 15:34,25,CUST-1106,Germany
INV-537032,PROD-004,27-inch Monitor,14,27-03-2025 17:55,249.99,CUST-1110,France
INV-537032,PROD-002,Mechanical Keyboard,14,27-03-2025 17:55,85,CUST-1110,France
INV-537033,PROD-008,Laptop Stand,4,28-03-2025 09:11,29.99,CUST-1170,United Kingdom
INV-537034,PROD-004,27-inch Monitor,1,28-03-2025 09:33,249.99,CUST-1177,United Kingdom
INV-537034,PROD-005,Bluetooth Headphones,1,28-03-2025 09:33,59.99,CUST-1177,United Kingdom
INV-537034,PROD-008,Laptop Stand,2,28-03-2025 09:33,29.99,CUST-1177,United Kingdom
INV-537034,PROD-007,Ergonomic Office Chair,1,28-03-2025 09:33,199,CUST-1177,United Kingdom
INV-537035,PROD-008,Laptop Stand,8,28-03-2025 09:44,29.99,CUST-1200,United Kingdom
INV-537036,PROD-007,Ergonomic Office Chair,3,28-03-2025 10:11,199,CUST-1082,France
INV-537036,PROD-006,Desk Mat,1,28-03-2025 10:11,15.5,CUST-1082,France
INV-537036,PROD-005,Bluetooth Headphones,3,28-03-2025 10:11,59.99,CUST-1082,France
INV-537037,PROD-003,USB-C Hub,5,28-03-2025 12:46,35,CUST-1165,France
INV-537037,PROD-004,27-inch Monitor,5,28-03-2025 12:46,249.99,CUST-1165,France
INV-537037,PROD-008,Laptop Stand,10,28-03-2025 12:46,29.99,CUST-1165,France
INV-537037,PROD-006,Desk Mat,10,28-03-2025 12:46,15.5,CUST-1165,France
INV-537038,PROD-004,27-inch Monitor,3,28-03-2025 13:07,249.99,CUST-1069,France
INV-537039,PROD-007,Ergonomic Office Chair,7,28-03-2025 14:05,199,CUST-1090,Germany
INV-537039,PROD-003,USB-C Hub,21,28-03-2025 14:05,35,CUST-1090,Germany
INV-537039,PROD-006,Desk Mat,21,28-03-2025 14:05,15.5,CUST-1090,Germany
INV-537040,PROD-005,Bluetooth Headphones,3,28-03-2025 14:45,59.99,CUST-1176,United Kingdom
INV-537041,PROD-001,Wireless Mouse,4,28-03-2025 15:17,25,CUST-1015,United Kingdom
INV-537041,PROD-003,USB-C Hub,4,28-03-2025 15:17,35,CUST-1015,United Kingdom
INV-537041,PROD-006,Desk Mat,8,28-03-2025 15:17,15.5,CUST-1015,United Kingdom
INV-537042,PROD-003,USB-C Hub,1,28-03-2025 17:16,35,CUST-1117,France
INV-537042,PROD-001,Wireless Mouse,2,28-03-2025 17:16,25,CUST-1117,France
INV-537043,PROD-005,Bluetooth Headphones,1,28-03-2025 17:58,59.99,CUST-1001,United Kingdom
INV-537044,PROD-007,Ergonomic Office Chair,2,29-03-2025 09:15,199,CUST-1058,France
INV-537044,PROD-003,USB-C Hub,3,29-03-2025 09:15,35,CUST-1058,France
INV-537044,PROD-008,Laptop Stand,1,29-03-2025 09:15,29.99,CUST-1058,France
INV-537045,PROD-006,Desk Mat,2,29-03-2025 10:07,15.5,CUST-1087,United Kingdom
INV-537045,PROD-008,Laptop Stand,3,29-03-2025 10:07,29.99,CUST-1087,United Kingdom
INV-537045,PROD-001,Wireless Mouse,3,29-03-2025 10:07,25,CUST-1087,United Kingdom
INV-537046,PROD-002,Mechanical Keyboard,2,29-03-2025 10:39,85,CUST-1127,United Kingdom
INV-537046,PROD-007,Ergonomic Office Chair,1,29-03-2025 10:39,199,CUST-1127,United Kingdom
INV-537046,PROD-003,USB-C Hub,2,29-03-2025 10:39,35,CUST-1127,United Kingdom
INV-537047,PROD-002,Mechanical Keyboard,6,29-03-2025 10:39,85,CUST-1105,Germany
INV-537047,PROD-001,Wireless Mouse,3,29-03-2025 10:39,25,CUST-1105,Germany
INV-537048,PROD-005,Bluetooth Headphones,1,29-03-2025 11:24,59.99,CUST-1008,United Kingdom
INV-537048,PROD-002,Mechanical Keyboard,2,29-03-2025 11:24,85,CUST-1008,United Kingdom
INV-537049,PROD-004,27-inch Monitor,18,29-03-2025 11:46,249.99,CUST-1045,United Kingdom
INV-537050,PROD-007,Ergonomic Office Chair,1,29-03-2025 12:08,199,CUST-1188,Germany
INV-537050,PROD-004,27-inch Monitor,2,29-03-2025 12:08,249.99,CUST-1188,Germany
INV-537050,PROD-008,Laptop Stand,3,29-03-2025 12:08,29.99,CUST-1188,Germany
INV-537051,PROD-004,27-inch Monitor,18,29-03-2025 13:35,249.99,CUST-1075,United Kingdom
INV-537051,PROD-008,Laptop Stand,12,29-03-2025 13:35,29.99,CUST-1075,United Kingdom
INV-537051,PROD-006,Desk Mat,6,29-03-2025 13:35,15.5,CUST-1075,United Kingdom
INV-537052,PROD-004,27-inch Monitor,1,29-03-2025 14:42,249.99,CUST-1151,France
INV-537052,PROD-003,USB-C Hub,1,29-03-2025 14:42,35,CUST-1151,France
INV-537053,PROD-004,27-inch Monitor,10,29-03-2025 16:06,249.99,CUST-1030,Germany
INV-537053,PROD-008,Laptop Stand,5,29-03-2025 16:06,29.99,CUST-1030,Germany
INV-537053,PROD-003,USB-C Hub,15,29-03-2025 16:06,35,CUST-1030,Germany
INV-537053,PROD-005,Bluetooth Headphones,5,29-03-2025 16:06,59.99,CUST-1030,Germany
INV-537054,PROD-004,27-inch Monitor,21,29-03-2025 16:08,249.99,CUST-1065,Germany
INV-537054,PROD-005,Bluetooth Headphones,21,29-03-2025 16:08,59.99,CUST-1065,Germany
INV-537055,PROD-008,Laptop Stand,3,30-03-2025 09:24,29.99,CUST-1134,United Kingdom
INV-537055,PROD-006,Desk Mat,3,30-03-2025 09:24,15.5,CUST-1134,United Kingdom
INV-537055,PROD-001,Wireless Mouse,1,30-03-2025 09:24,25,CUST-1134,United Kingdom
INV-537055,PROD-004,27-inch Monitor,2,30-03-2025 09:24,249.99,CUST-1134,United Kingdom
INV-537056,PROD-008,Laptop Stand,1,30-03-2025 09:28,29.99,CUST-1084,France
INV-537056,PROD-003,USB-C Hub,2,30-03-2025 09:28,35,CUST-1084,France
INV-537056,PROD-004,27-inch Monitor,2,30-03-2025 09:28,249.99,CUST-1084,France
INV-537057,PROD-008,Laptop Stand,1,30-03-2025 09:35,29.99,CUST-1029,France
INV-537057,PROD-006,Desk Mat,1,30-03-2025 09:35,15.5,CUST-1029,France
INV-537057,PROD-002,Mechanical Keyboard,1,30-03-2025 09:35,85,CUST-1029,France
INV-537058,PROD-001,Wireless Mouse,9,30-03-2025 10:11,25,CUST-1160,United Kingdom
INV-537058,PROD-008,Laptop Stand,9,30-03-2025 10:11,29.99,CUST-1160,United Kingdom
INV-537058,PROD-005,Bluetooth Headphones,6,30-03-2025 10:11,59.99,CUST-1160,United Kingdom
INV-537058,PROD-003,USB-C Hub,6,30-03-2025 10:11,35,CUST-1160,United Kingdom
INV-537059,PROD-006,Desk Mat,3,30-03-2025 10:39,15.5,CUST-1042,United Kingdom
INV-537059,PROD-007,Ergonomic Office Chair,2,30-03-2025 10:39,199,CUST-1042,United Kingdom
INV-537060,PROD-002,Mechanical Keyboard,14,30-03-2025 11:26,85,CUST-1145,United Kingdom
INV-537060,PROD-003,USB-C Hub,14,30-03-2025 11:26,35,CUST-1145,United Kingdom
INV-537061,PROD-008,Laptop Stand,3,30-03-2025 14:10,29.99,CUST-1147,United Kingdom
INV-537061,PROD-001,Wireless Mouse,2,30-03-2025 14:10,25,CUST-1147,United Kingdom
INV-537061,PROD-006,Desk Mat,2,30-03-2025 14:10,15.5,CUST-1147,United Kingdom
INV-537061,PROD-004,27-inch Monitor,1,30-03-2025 14:10,249.99,CUST-1147,United Kingdom
INV-537062,PROD-001,Wireless Mouse,12,30-03-2025 15:59,25,CUST-1015,United Kingdom
INV-537062,PROD-007,Ergonomic Office Chair,12,30-03-2025 15:59,199,CUST-1015,United Kingdom
INV-537063,PROD-007,Ergonomic Office Chair,3,31-03-2025 09:37,199,CUST-1167,Germany
INV-537064,PROD-001,Wireless Mouse,2,31-03-2025 09:38,25,CUST-1113,Germany
INV-537065,PROD-008,Laptop Stand,3,31-03-2025 10:29,29.99,CUST-1071,Germany
INV-537066,PROD-008,Laptop Stand,6,31-03-2025 10:49,29.99,CUST-1105,United Kingdom
INV-537066,PROD-002,Mechanical Keyboard,18,31-03-2025 10:49,85,CUST-1105,United Kingdom
INV-537067,PROD-004,27-inch Monitor,3,31-03-2025 10:50,249.99,CUST-1154,United Kingdom
INV-537067,PROD-006,Desk Mat,2,31-03-2025 10:50,15.5,CUST-1154,United Kingdom
INV-537068,PROD-005,Bluetooth Headphones,8,31-03-2025 12:54,59.99,CUST-1145,France
INV-537069,PROD-006,Desk Mat,5,31-03-2025 12:59,15.5,CUST-1060,United Kingdom
INV-537069,PROD-004,27-inch Monitor,5,31-03-2025 12:59,249.99,CUST-1060,United Kingdom
INV-537069,PROD-008,Laptop Stand,10,31-03-2025 12:59,29.99,CUST-1060,United Kingdom
INV-537069,PROD-002,Mechanical Keyboard,5,31-03-2025 12:59,85,CUST-1060,United Kingdom
INV-537070,PROD-002,Mechanical Keyboard,2,31-03-2025 13:16,85,CUST-1054,Germany
INV-537070,PROD-008,Laptop Stand,1,31-03-2025 13:16,29.99,CUST-1054,Germany
INV-537070,PROD-007,Ergonomic Office Chair,1,31-03-2025 13:16,199,CUST-1054,Germany
INV-537071,PROD-008,Laptop Stand,14,31-03-2025 14:01,29.99,CUST-1025,United Kingdom
INV-537071,PROD-006,Desk Mat,21,31-03-2025 14:01,15.5,CUST-1025,United Kingdom
INV-537072,PROD-001,Wireless Mouse,3,31-03-2025 15:32,25,CUST-1154,United Kingdom
INV-537072,PROD-002,Mechanical Keyboard,2,31-03-2025 15:32,85,CUST-1154,United Kingdom
INV-537072,PROD-005,Bluetooth Headphones,2,31-03-2025 15:32,59.99,CUST-1154,United Kingdom
INV-537073,PROD-001,Wireless Mouse,2,31-03-2025 15:41,25,CUST-1059,United Kingdom
INV-537073,PROD-003,USB-C Hub,2,31-03-2025 15:41,35,CUST-1059,United Kingdom
INV-537073,PROD-007,Ergonomic Office Chair,1,31-03-2025 15:41,199,CUST-1059,United Kingdom
INV-537073,PROD-008,Laptop Stand,2,31-03-2025 15:41,29.99,CUST-1059,United Kingdom
INV-537074,PROD-008,Laptop Stand,2,31-03-2025 16:05,29.99,CUST-1071,United Kingdom
INV-537075,PROD-003,USB-C Hub,3,31-03-2025 16:08,35,CUST-1004,France
INV-537075,PROD-006,Desk Mat,1,31-03-2025 16:08,15.5,CUST-1004,France
INV-537075,PROD-005,Bluetooth Headphones,3,31-03-2025 16:08,59.99,CUST-1004,France
INV-537076,PROD-008,Laptop Stand,1,31-03-2025 16:57,29.99,CUST-1092,Germany
INV-537076,PROD-002,Mechanical Keyboard,3,31-03-2025 16:57,85,CUST-1092,Germany
INV-537077,PROD-008,Laptop Stand,3,01-04-2025 09:17,29.99,CUST-1103,France
INV-537077,PROD-004,27-inch Monitor,1,01-04-2025 09:17,249.99,CUST-1103,France
INV-537077,PROD-002,Mechanical Keyboard,3,01-04-2025 09:17,85,CUST-1103,France
INV-537078,PROD-007,Ergonomic Office Chair,1,01-04-2025 09:42,199,CUST-1162,United Kingdom
INV-537078,PROD-004,27-inch Monitor,1,01-04-2025 09:42,249.99,CUST-1162,United Kingdom
INV-537078,PROD-001,Wireless Mouse,1,01-04-2025 09:42,25,CUST-1162,United Kingdom
INV-537078,PROD-002,Mechanical Keyboard,1,01-04-2025 09:42,85,CUST-1162,United Kingdom
INV-537079,PROD-005,Bluetooth Headphones,2,01-04-2025 10:20,59.99,CUST-1047,Germany
INV-537079,PROD-008,Laptop Stand,2,01-04-2025 10:20,29.99,CUST-1047,Germany
INV-537079,PROD-002,Mechanical Keyboard,3,01-04-2025 10:20,85,CUST-1047,Germany
INV-537079,PROD-003,USB-C Hub,3,01-04-2025 10:20,35,CUST-1047,Germany
INV-537080,PROD-008,Laptop Stand,3,01-04-2025 10:55,29.99,CUST-1134,Germany
INV-537080,PROD-005,Bluetooth Headphones,3,01-04-2025 10:55,59.99,CUST-1134,Germany
INV-537080,PROD-007,Ergonomic Office Chair,1,01-04-2025 10:55,199,CUST-1134,Germany
INV-537080,PROD-003,USB-C Hub,3,01-04-2025 10:55,35,CUST-1134,Germany
INV-537081,PROD-006,Desk Mat,1,02-04-2025 09:13,15.5,CUST-1092,United Kingdom
INV-537081,PROD-004,27-inch Monitor,3,02-04-2025 09:13,249.99,CUST-1092,United Kingdom
INV-537081,PROD-007,Ergonomic Office Chair,2,02-04-2025 09:13,199,CUST-1092,United Kingdom
INV-537081,PROD-001,Wireless Mouse,3,02-04-2025 09:13,25,CUST-1092,United Kingdom
INV-537082,PROD-001,Wireless Mouse,3,02-04-2025 09:17,25,CUST-1174,France
INV-537082,PROD-003,USB-C Hub,2,02-04-2025 09:17,35,CUST-1174,France
INV-537082,PROD-005,Bluetooth Headphones,1,02-04-2025 09:17,59.99,CUST-1174,France
INV-537083,PROD-003,USB-C Hub,1,02-04-2025 09:27,35,CUST-1117,United Kingdom
INV-537083,PROD-006,Desk Mat,1,02-04-2025 09:27,15.5,CUST-1117,United Kingdom
INV-537084,PROD-004,27-inch Monitor,1,02-04-2025 11:55,249.99,CUST-1063,United Kingdom
INV-537084,PROD-007,Ergonomic Office Chair,2,02-04-2025 11:55,199,CUST-1063,United Kingdom
INV-537084,PROD-001,Wireless Mouse,2,02-04-2025 11:55,25,CUST-1063,United Kingdom
INV-537084,PROD-008,Laptop Stand,2,02-04-2025 11:55,29.99,CUST-1063,United Kingdom
INV-537085,PROD-005,Bluetooth Headphones,1,02-04-2025 13:37,59.99,CUST-1137,United Kingdom
INV-537085,PROD-007,Ergonomic Office Chair,1,02-04-2025 13:37,199,CUST-1137,United Kingdom
INV-537086,PROD-005,Bluetooth Headphones,2,02-04-2025 13:38,59.99,CUST-1069,France
INV-537086,PROD-004,27-inch Monitor,2,02-04-2025 13:38,249.99,CUST-1069,France
INV-537087,PROD-006,Desk Mat,3,02-04-2025 13:46,15.5,CUST-1184,France
INV-537087,PROD-007,Ergonomic Office Chair,1,02-04-2025 13:46,199,CUST-1184,France
INV-537088,PROD-007,Ergonomic Office Chair,2,02-04-2025 16:34,199,CUST-1129,France
INV-537088,PROD-004,27-inch Monitor,1,02-04-2025 16:34,249.99,CUST-1129,France
INV-537088,PROD-006,Desk Mat,3,02-04-2025 16:34,15.5,CUST-1129,France
INV-537088,PROD-001,Wireless Mouse,2,02-04-2025 16:34,25,CUST-1129,France
INV-537089,PROD-005,Bluetooth Headphones,2,03-04-2025 09:03,59.99,CUST-1106,United Kingdom
INV-537089,PROD-006,Desk Mat,2,03-04-2025 09:03,15.5,CUST-1106,United Kingdom
INV-537089,PROD-003,USB-C Hub,2,03-04-2025 09:03,35,CUST-1106,United Kingdom
INV-537090,PROD-002,Mechanical Keyboard,3,03-04-2025 09:52,85,CUST-1162,France
INV-537090,PROD-004,27-inch Monitor,3,03-04-2025 09:52,249.99,CUST-1162,France
INV-537090,PROD-003,USB-C Hub,3,03-04-2025 09:52,35,CUST-1162,France
INV-537091,PROD-007,Ergonomic Office Chair,3,03-04-2025 10:13,199,CUST-1116,United Kingdom
INV-537092,PROD-005,Bluetooth Headphones,3,03-04-2025 10:27,59.99,CUST-1159,Germany
INV-537092,PROD-004,27-inch Monitor,2,03-04-2025 10:27,249.99,CUST-1159,Germany
INV-537093,PROD-008,Laptop Stand,3,03-04-2025 10:45,29.99,CUST-1099,United Kingdom
INV-537093,PROD-002,Mechanical Keyboard,3,03-04-2025 10:45,85,CUST-1099,United Kingdom
INV-537093,PROD-003,USB-C Hub,2,03-04-2025 10:45,35,CUST-1099,United Kingdom
INV-537094,PROD-003,USB-C Hub,5,03-04-2025 10:57,35,CUST-1155,United Kingdom
INV-537094,PROD-007,Ergonomic Office Chair,10,03-04-2025 10:57,199,CUST-1155,United Kingdom
INV-537095,PROD-002,Mechanical Keyboard,2,03-04-2025 12:29,85,CUST-1186,United Kingdom
INV-537095,PROD-003,USB-C Hub,3,03-04-2025 12:29,35,CUST-1186,United Kingdom
INV-537095,PROD-008,Laptop Stand,2,03-04-2025 12:29,29.99,CUST-1186,United Kingdom
INV-537095,PROD-004,27-inch Monitor,3,03-04-2025 12:29,249.99,CUST-1186,United Kingdom
INV-537096,PROD-007,Ergonomic Office Chair,2,03-04-2025 12:36,199,CUST-1031,United Kingdom
INV-537097,PROD-006,Desk Mat,1,03-04-2025 13:09,15.5,CUST-1083,Germany
INV-537097,PROD-004,27-inch Monitor,3,03-04-2025 13:09,249.99,CUST-1083,Germany
INV-537097,PROD-001,Wireless Mouse,3,03-04-2025 13:09,25,CUST-1083,Germany
INV-537097,PROD-007,Ergonomic Office Chair,2,03-04-2025 13:09,199,CUST-1083,Germany
INV-537098,PROD-001,Wireless Mouse,2,03-04-2025 14:39,25,CUST-1052,France
INV-537098,PROD-002,Mechanical Keyboard,2,03-04-2025 14:39,85,CUST-1052,France
INV-537099,PROD-007,Ergonomic Office Chair,2,03-04-2025 14:42,199,CUST-1022,United Kingdom
INV-537099,PROD-004,27-inch Monitor,1,03-04-2025 14:42,249.99,CUST-1022,United Kingdom
INV-537099,PROD-008,Laptop Stand,3,03-04-2025 14:42,29.99,CUST-1022,United Kingdom
INV-537100,PROD-008,Laptop Stand,2,03-04-2025 15:59,29.99,CUST-1043,United Kingdom
INV-537100,PROD-004,27-inch Monitor,1,03-04-2025 15:59,249.99,CUST-1043,United Kingdom
INV-537100,PROD-006,Desk Mat,1,03-04-2025 15:59,15.5,CUST-1043,United Kingdom
INV-537100,PROD-003,USB-C Hub,2,03-04-2025 15:59,35,CUST-1043,United Kingdom
INV-537101,PROD-002,Mechanical Keyboard,1,03-04-2025 16:10,85,CUST-1064,United Kingdom
INV-537101,PROD-001,Wireless Mouse,1,03-04-2025 16:10,25,CUST-1064,United Kingdom
INV-537102,PROD-007,Ergonomic Office Chair,2,04-04-2025 10:44,199,CUST-1023,France
INV-537102,PROD-005,Bluetooth Headphones,1,04-04-2025 10:44,59.99,CUST-1023,France
INV-537102,PROD-006,Desk Mat,1,04-04-2025 10:44,15.5,CUST-1023,France
INV-537102,PROD-001,Wireless Mouse,3,04-04-2025 10:44,25,CUST-1023,France
INV-537103,PROD-001,Wireless Mouse,2,04-04-2025 12:20,25,CUST-1056,France
INV-537104,PROD-002,Mechanical Keyboard,3,04-04-2025 14:44,85,CUST-1113,United Kingdom
INV-537104,PROD-004,27-inch Monitor,1,04-04-2025 14:44,249.99,CUST-1113,United Kingdom
INV-537105,PROD-008,Laptop Stand,3,04-04-2025 15:32,29.99,CUST-1093,United Kingdom
INV-537106,PROD-001,Wireless Mouse,2,05-04-2025 09:08,25,CUST-1184,France
INV-537106,PROD-003,USB-C Hub,2,05-04-2025 09:08,35,CUST-1184,France
INV-537106,PROD-006,Desk Mat,2,05-04-2025 09:08,15.5,CUST-1184,France
INV-537106,PROD-008,Laptop Stand,3,05-04-2025 09:08,29.99,CUST-1184,France
INV-537107,PROD-005,Bluetooth Headphones,1,05-04-2025 09:46,59.99,CUST-1178,United Kingdom
INV-537108,PROD-001,Wireless Mouse,3,05-04-2025 13:29,25,CUST-1146,United Kingdom
INV-537109,PROD-003,USB-C Hub,1,05-04-2025 13:37,35,CUST-1197,United Kingdom
INV-537109,PROD-008,Laptop Stand,2,05-04-2025 13:37,29.99,CUST-1197,United Kingdom
INV-537110,PROD-001,Wireless Mouse,12,05-04-2025 14:31,25,CUST-1110,United Kingdom
INV-537111,PROD-005,Bluetooth Headphones,1,05-04-2025 17:58,59.99,CUST-1004,France
INV-537111,PROD-001,Wireless Mouse,3,05-04-2025 17:58,25,CUST-1004,France
INV-537111,PROD-002,Mechanical Keyboard,1,05-04-2025 17:58,85,CUST-1004,France
INV-537111,PROD-007,Ergonomic Office Chair,1,05-04-2025 17:58,199,CUST-1004,France
INV-537112,PROD-004,27-inch Monitor,1,06-04-2025 09:47,249.99,CUST-1001,United Kingdom
INV-537112,PROD-006,Desk Mat,3,06-04-2025 09:47,15.5,CUST-1001,United Kingdom
INV-537113,PROD-005,Bluetooth Headphones,3,06-04-2025 11:14,59.99,CUST-1149,France
INV-537113,PROD-006,Desk Mat,1,06-04-2025 11:14,15.5,CUST-1149,France
INV-537113,PROD-007,Ergonomic Office Chair,2,06-04-2025 11:14,199,CUST-1149,France
INV-537113,PROD-008,Laptop Stand,1,06-04-2025 11:14,29.99,CUST-1149,France
INV-537114,PROD-006,Desk Mat,1,06-04-2025 11:58,15.5,CUST-1018,Germany
INV-537114,PROD-002,Mechanical Keyboard,1,06-04-2025 11:58,85,CUST-1018,Germany
INV-537114,PROD-004,27-inch Monitor,3,06-04-2025 11:58,249.99,CUST-1018,Germany
INV-537114,PROD-007,Ergonomic Office Chair,3,06-04-2025 11:58,199,CUST-1018,Germany
INV-537115,PROD-006,Desk Mat,3,06-04-2025 12:29,15.5,CUST-1052,France
INV-537116,PROD-006,Desk Mat,1,06-04-2025 12:46,15.5,CUST-1008,United Kingdom
INV-537116,PROD-001,Wireless Mouse,1,06-04-2025 12:46,25,CUST-1008,United Kingdom
INV-537116,PROD-008,Laptop Stand,1,06-04-2025 12:46,29.99,CUST-1008,United Kingdom
INV-537117,PROD-006,Desk Mat,3,06-04-2025 12:49,15.5,CUST-1056,United Kingdom
INV-537117,PROD-005,Bluetooth Headphones,1,06-04-2025 12:49,59.99,CUST-1056,United Kingdom
INV-537118,PROD-002,Mechanical Keyboard,2,06-04-2025 12:49,85,CUST-1148,Germany
INV-537119,PROD-001,Wireless Mouse,3,06-04-2025 14:04,25,CUST-1008,United Kingdom
INV-537119,PROD-005,Bluetooth Headphones,3,06-04-2025 14:04,59.99,CUST-1008,United Kingdom
INV-537119,PROD-002,Mechanical Keyboard,1,06-04-2025 14:04,85,CUST-1008,United Kingdom
INV-537120,PROD-005,Bluetooth Headphones,8,06-04-2025 16:13,59.99,CUST-1035,United Kingdom
INV-537120,PROD-003,USB-C Hub,4,06-04-2025 16:13,35,CUST-1035,United Kingdom
INV-537121,PROD-005,Bluetooth Headphones,3,06-04-2025 17:28,59.99,CUST-1049,United Kingdom
INV-537122,PROD-006,Desk Mat,2,06-04-2025 17:35,15.5,CUST-1179,United Kingdom
INV-537122,PROD-003,USB-C Hub,1,06-04-2025 17:35,35,CUST-1179,United Kingdom
INV-537122,PROD-005,Bluetooth Headphones,1,06-04-2025 17:35,59.99,CUST-1179,United Kingdom
INV-537123,PROD-008,Laptop Stand,2,07-04-2025 09:23,29.99,CUST-1127,Germany
INV-537124,PROD-002,Mechanical Keyboard,1,07-04-2025 10:32,85,CUST-1148,United Kingdom
INV-537124,PROD-004,27-inch Monitor,1,07-04-2025 10:32,249.99,CUST-1148,United Kingdom
INV-537124,PROD-008,Laptop Stand,2,07-04-2025 10:32,29.99,CUST-1148,United Kingdom
INV-537125,PROD-004,27-inch Monitor,2,07-04-2025 13:48,249.99,CUST-1007,Germany
INV-537125,PROD-002,Mechanical Keyboard,3,07-04-2025 13:48,85,CUST-1007,Germany
INV-537125,PROD-003,USB-C Hub,2,07-04-2025 13:48,35,CUST-1007,Germany
INV-537125,PROD-008,Laptop Stand,1,07-04-2025 13:48,29.99,CUST-1007,Germany
INV-537126,PROD-001,Wireless Mouse,8,07-04-2025 13:56,25,CUST-1145,Germany
INV-537127,PROD-004,27-inch Monitor,3,07-04-2025 14:57,249.99,CUST-1011,United Kingdom
INV-537127,PROD-005,Bluetooth Headphones,1,07-04-2025 14:57,59.99,CUST-1011,United Kingdom
INV-537128,PROD-006,Desk Mat,2,07-04-2025 17:40,15.5,CUST-1034,United Kingdom
INV-537128,PROD-004,27-inch Monitor,3,07-04-2025 17:40,249.99,CUST-1034,United Kingdom
INV-537128,PROD-007,Ergonomic Office Chair,1,07-04-2025 17:40,199,CUST-1034,United Kingdom
INV-537128,PROD-003,USB-C Hub,1,07-04-2025 17:40,35,CUST-1034,United Kingdom
INV-537129,PROD-001,Wireless Mouse,2,07-04-2025 17:59,25,CUST-1144,United Kingdom
INV-537129,PROD-007,Ergonomic Office Chair,3,07-04-2025 17:59,199,CUST-1144,United Kingdom
INV-537130,PROD-002,Mechanical Keyboard,3,08-04-2025 11:39,85,CUST-1099,France
INV-537130,PROD-005,Bluetooth Headphones,1,08-04-2025 11:39,59.99,CUST-1099,France
INV-537130,PROD-008,Laptop Stand,1,08-04-2025 11:39,29.99,CUST-1099,France
INV-537130,PROD-004,27-inch Monitor,2,08-04-2025 11:39,249.99,CUST-1099,France
INV-537131,PROD-004,27-inch Monitor,3,08-04-2025 14:21,249.99,CUST-1116,United Kingdom
INV-537132,PROD-003,USB-C Hub,3,08-04-2025 15:23,35,CUST-1043,United Kingdom
INV-537132,PROD-005,Bluetooth Headphones,3,08-04-2025 15:23,59.99,CUST-1043,United Kingdom
INV-537132,PROD-006,Desk Mat,2,08-04-2025 15:23,15.5,CUST-1043,United Kingdom
INV-537133,PROD-001,Wireless Mouse,2,08-04-2025 15:46,25,CUST-1054,France
INV-537133,PROD-006,Desk Mat,3,08-04-2025 15:46,15.5,CUST-1054,France
INV-537133,PROD-007,Ergonomic Office Chair,2,08-04-2025 15:46,199,CUST-1054,France
INV-537134,PROD-004,27-inch Monitor,3,08-04-2025 16:21,249.99,CUST-1196,United Kingdom
INV-537135,PROD-006,Desk Mat,3,08-04-2025 16:34,15.5,CUST-1099,United Kingdom
INV-537135,PROD-004,27-inch Monitor,3,08-04-2025 16:34,249.99,CUST-1099,United Kingdom
INV-537135,PROD-001,Wireless Mouse,3,08-04-2025 16:34,25,CUST-1099,United Kingdom
INV-537136,PROD-004,27-inch Monitor,2,08-04-2025 17:55,249.99,CUST-1042,United Kingdom
INV-537136,PROD-002,Mechanical Keyboard,3,08-04-2025 17:55,85,CUST-1042,United Kingdom
INV-537136,PROD-007,Ergonomic Office Chair,3,08-04-2025 17:55,199,CUST-1042,United Kingdom
INV-537136,PROD-003,USB-C Hub,1,08-04-2025 17:55,35,CUST-1042,United Kingdom
INV-537137,PROD-008,Laptop Stand,2,09-04-2025 10:39,29.99,CUST-1017,United Kingdom
INV-537137,PROD-007,Ergonomic Office Chair,2,09-04-2025 10:39,199,CUST-1017,United Kingdom
INV-537137,PROD-001,Wireless Mouse,3,09-04-2025 10:39,25,CUST-1017,United Kingdom
INV-537138,PROD-005,Bluetooth Headphones,3,09-04-2025 11:18,59.99,CUST-1149,France
INV-537138,PROD-004,27-inch Monitor,3,09-04-2025 11:18,249.99,CUST-1149,France
INV-537138,PROD-008,Laptop Stand,1,09-04-2025 11:18,29.99,CUST-1149,France
INV-537139,PROD-008,Laptop Stand,1,09-04-2025 11:30,29.99,CUST-1191,Germany
INV-537140,PROD-004,27-inch Monitor,3,09-04-2025 12:17,249.99,CUST-1177,United Kingdom
INV-537141,PROD-003,USB-C Hub,1,09-04-2025 13:08,35,CUST-1083,Germany
INV-537141,PROD-001,Wireless Mouse,1,09-04-2025 13:08,25,CUST-1083,Germany
INV-537141,PROD-004,27-inch Monitor,3,09-04-2025 13:08,249.99,CUST-1083,Germany
INV-537142,PROD-001,Wireless Mouse,1,09-04-2025 13:41,25,CUST-1011,France
INV-537142,PROD-007,Ergonomic Office Chair,2,09-04-2025 13:41,199,CUST-1011,France
INV-537142,PROD-003,USB-C Hub,3,09-04-2025 13:41,35,CUST-1011,France
INV-537143,PROD-004,27-inch Monitor,2,09-04-2025 15:57,249.99,CUST-1097,United Kingdom
INV-537143,PROD-007,Ergonomic Office Chair,2,09-04-2025 15:57,199,CUST-1097,United Kingdom
INV-537143,PROD-006,Desk Mat,1,09-04-2025 15:57,15.5,CUST-1097,United Kingdom
INV-537143,PROD-008,Laptop Stand,1,09-04-2025 15:57,29.99,CUST-1097,United Kingdom
INV-537144,PROD-008,Laptop Stand,1,09-04-2025 17:51,29.99,CUST-1069,United Kingdom
INV-537144,PROD-006,Desk Mat,1,09-04-2025 17:51,15.5,CUST-1069,United Kingdom
INV-537145,PROD-004,27-inch Monitor,2,10-04-2025 09:08,249.99,CUST-1118,Germany
INV-537146,PROD-002,Mechanical Keyboard,2,10-04-2025 09:16,85,CUST-1073,United Kingdom
INV-537146,PROD-006,Desk Mat,3,10-04-2025 09:16,15.5,CUST-1073,United Kingdom
INV-537146,PROD-003,USB-C Hub,1,10-04-2025 09:16,35,CUST-1073,United Kingdom
INV-537147,PROD-007,Ergonomic Office Chair,1,10-04-2025 09:17,199,CUST-1038,United Kingdom
INV-537148,PROD-004,27-inch Monitor,21,10-04-2025 10:01,249.99,CUST-1140,France
INV-537148,PROD-003,USB-C Hub,7,10-04-2025 10:01,35,CUST-1140,France
INV-537149,PROD-007,Ergonomic Office Chair,3,10-04-2025 10:28,199,CUST-1187,Germany
INV-537149,PROD-004,27-inch Monitor,2,10-04-2025 10:28,249.99,CUST-1187,Germany
INV-537149,PROD-005,Bluetooth Headphones,3,10-04-2025 10:28,59.99,CUST-1187,Germany
INV-537150,PROD-007,Ergonomic Office Chair,3,10-04-2025 11:31,199,CUST-1147,United Kingdom
INV-537151,PROD-008,Laptop Stand,4,10-04-2025 13:32,29.99,CUST-1200,United Kingdom
INV-537151,PROD-007,Ergonomic Office Chair,4,10-04-2025 13:32,199,CUST-1200,United Kingdom
INV-537151,PROD-004,27-inch Monitor,4,10-04-2025 13:32,249.99,CUST-1200,United Kingdom
INV-537151,PROD-005,Bluetooth Headphones,8,10-04-2025 13:32,59.99,CUST-1200,United Kingdom
INV-537152,PROD-007,Ergonomic Office Chair,3,10-04-2025 14:17,199,CUST-1134,Germany
INV-537153,PROD-003,USB-C Hub,12,10-04-2025 15:16,35,CUST-1105,United Kingdom
INV-537154,PROD-005,Bluetooth Headphones,2,10-04-2025 15:18,59.99,CUST-1031,Germany
INV-537154,PROD-001,Wireless Mouse,3,10-04-2025 15:18,25,CUST-1031,Germany
INV-537154,PROD-006,Desk Mat,2,10-04-2025 15:18,15.5,CUST-1031,Germany
INV-537154,PROD-007,Ergonomic Office Chair,3,10-04-2025 15:18,199,CUST-1031,Germany
INV-537155,PROD-007,Ergonomic Office Chair,2,10-04-2025 15:29,199,CUST-1102,United Kingdom
INV-537155,PROD-002,Mechanical Keyboard,2,10-04-2025 15:29,85,CUST-1102,United Kingdom
INV-537155,PROD-001,Wireless Mouse,1,10-04-2025 15:29,25,CUST-1102,United Kingdom
INV-537156,PROD-007,Ergonomic Office Chair,2,10-04-2025 15:46,199,CUST-1021,France
INV-537156,PROD-004,27-inch Monitor,2,10-04-2025 15:46,249.99,CUST-1021,France
INV-537157,PROD-001,Wireless Mouse,3,11-04-2025 09:07,25,CUST-1188,France
INV-537158,PROD-006,Desk Mat,1,11-04-2025 09:23,15.5,CUST-1013,Germany
INV-537158,PROD-004,27-inch Monitor,2,11-04-2025 09:23,249.99,CUST-1013,Germany
INV-537158,PROD-003,USB-C Hub,1,11-04-2025 09:23,35,CUST-1013,Germany
INV-537158,PROD-005,Bluetooth Headphones,2,11-04-2025 09:23,59.99,CUST-1013,Germany
INV-537159,PROD-003,USB-C Hub,2,11-04-2025 09:40,35,CUST-1146,United Kingdom
INV-537160,PROD-001,Wireless Mouse,2,11-04-2025 10:43,25,CUST-1168,Germany
INV-537160,PROD-005,Bluetooth Headphones,2,11-04-2025 10:43,59.99,CUST-1168,Germany
INV-537160,PROD-002,Mechanical Keyboard,2,11-04-2025 10:43,85,CUST-1168,Germany
INV-537160,PROD-003,USB-C Hub,1,11-04-2025 10:43,35,CUST-1168,Germany
INV-537161,PROD-002,Mechanical Keyboard,2,11-04-2025 11:00,85,CUST-1179,United Kingdom
INV-537161,PROD-004,27-inch Monitor,1,11-04-2025 11:00,249.99,CUST-1179,United Kingdom
INV-537161,PROD-008,Laptop Stand,3,11-04-2025 11:00,29.99,CUST-1179,United Kingdom
INV-537162,PROD-005,Bluetooth Headphones,15,11-04-2025 13:14,59.99,CUST-1015,France
INV-537163,PROD-004,27-inch Monitor,15,11-04-2025 13:57,249.99,CUST-1115,United Kingdom
INV-537163,PROD-008,Laptop Stand,5,11-04-2025 13:57,29.99,CUST-1115,United Kingdom
INV-537164,PROD-004,27-inch Monitor,1,11-04-2025 16:11,249.99,CUST-1052,Germany
INV-537164,PROD-007,Ergonomic Office Chair,1,11-04-2025 16:11,199,CUST-1052,Germany
INV-537165,PROD-005,Bluetooth Headphones,1,11-04-2025 17:06,59.99,CUST-1148,Germany
INV-537165,PROD-006,Desk Mat,1,11-04-2025 17:06,15.5,CUST-1148,Germany
INV-537165,PROD-002,Mechanical Keyboard,2,11-04-2025 17:06,85,CUST-1148,Germany
INV-537165,PROD-001,Wireless Mouse,1,11-04-2025 17:06,25,CUST-1148,Germany
INV-537166,PROD-005,Bluetooth Headphones,2,11-04-2025 17:28,59.99,CUST-1022,United Kingdom
INV-537166,PROD-008,Laptop Stand,2,11-04-2025 17:28,29.99,CUST-1022,United Kingdom
INV-537166,PROD-002,Mechanical Keyboard,2,11-04-2025 17:28,85,CUST-1022,United Kingdom
INV-537166,PROD-003,USB-C Hub,3,11-04-2025 17:28,35,CUST-1022,United Kingdom
INV-537167,PROD-007,Ergonomic Office Chair,3,12-04-2025 09:11,199,CUST-1111,Germany
INV-537167,PROD-002,Mechanical Keyboard,3,12-04-2025 09:11,85,CUST-1111,Germany
INV-537167,PROD-001,Wireless Mouse,1,12-04-2025 09:11,25,CUST-1111,Germany
INV-537168,PROD-001,Wireless Mouse,4,12-04-2025 11:07,25,CUST-1035,United Kingdom
INV-537168,PROD-002,Mechanical Keyboard,8,12-04-2025 11:07,85,CUST-1035,United Kingdom
INV-537169,PROD-008,Laptop Stand,3,12-04-2025 12:37,29.99,CUST-1098,United Kingdom
INV-537170,PROD-001,Wireless Mouse,3,12-04-2025 14:20,25,CUST-1121,France
INV-537170,PROD-005,Bluetooth Headphones,1,12-04-2025 14:20,59.99,CUST-1121,France
INV-537170,PROD-003,USB-C Hub,1,12-04-2025 14:20,35,CUST-1121,France
INV-537171,PROD-006,Desk Mat,9,12-04-2025 16:01,15.5,CUST-1165,United Kingdom
INV-537171,PROD-005,Bluetooth Headphones,6,12-04-2025 16:01,59.99,CUST-1165,United Kingdom
INV-537172,PROD-002,Mechanical Keyboard,1,12-04-2025 16:24,85,CUST-1164,France
INV-537172,PROD-004,27-inch Monitor,1,12-04-2025 16:24,249.99,CUST-1164,France
INV-537172,PROD-001,Wireless Mouse,1,12-04-2025 16:24,25,CUST-1164,France
INV-537173,PROD-002,Mechanical Keyboard,3,13-04-2025 09:13,85,CUST-1167,United Kingdom
INV-537173,PROD-004,27-inch Monitor,2,13-04-2025 09:13,249.99,CUST-1167,United Kingdom
INV-537173,PROD-007,Ergonomic Office Chair,2,13-04-2025 09:13,199,CUST-1167,United Kingdom
INV-537173,PROD-005,Bluetooth Headphones,1,13-04-2025 09:13,59.99,CUST-1167,United Kingdom
INV-537174,PROD-002,Mechanical Keyboard,1,13-04-2025 09:54,85,CUST-1198,United Kingdom
INV-537175,PROD-005,Bluetooth Headphones,2,13-04-2025 16:38,59.99,CUST-1023,France
INV-537175,PROD-008,Laptop Stand,1,13-04-2025 16:38,29.99,CUST-1023,France
INV-537176,PROD-005,Bluetooth Headphones,3,13-04-2025 16:47,59.99,CUST-1148,Germany
INV-537176,PROD-002,Mechanical Keyboard,2,13-04-2025 16:47,85,CUST-1148,Germany
INV-537176,PROD-003,USB-C Hub,1,13-04-2025 16:47,35,CUST-1148,Germany
INV-537177,PROD-005,Bluetooth Headphones,10,13-04-2025 17:15,59.99,CUST-1115,United Kingdom
INV-537177,PROD-006,Desk Mat,5,13-04-2025 17:15,15.5,CUST-1115,United Kingdom
INV-537178,PROD-001,Wireless Mouse,2,13-04-2025 17:26,25,CUST-1112,Germany
INV-537179,PROD-007,Ergonomic Office Chair,3,14-04-2025 09:24,199,CUST-1128,France
INV-537179,PROD-004,27-inch Monitor,3,14-04-2025 09:24,249.99,CUST-1128,France
INV-537180,PROD-006,Desk Mat,10,14-04-2025 10:10,15.5,CUST-1090,Germany
INV-537180,PROD-004,27-inch Monitor,5,14-04-2025 10:10,249.99,CUST-1090,Germany
INV-537180,PROD-002,Mechanical Keyboard,5,14-04-2025 10:10,85,CUST-1090,Germany
INV-537181,PROD-005,Bluetooth Headphones,3,14-04-2025 10:24,59.99,CUST-1151,France
INV-537181,PROD-006,Desk Mat,3,14-04-2025 10:24,15.5,CUST-1151,France
INV-537181,PROD-002,Mechanical Keyboard,2,14-04-2025 10:24,85,CUST-1151,France
INV-537181,PROD-003,USB-C Hub,1,14-04-2025 10:24,35,CUST-1151,France
INV-537182,PROD-006,Desk Mat,2,14-04-2025 11:31,15.5,CUST-1003,United Kingdom
INV-537183,PROD-002,Mechanical Keyboard,3,14-04-2025 12:34,85,CUST-1166,United Kingdom
INV-537183,PROD-004,27-inch Monitor,3,14-04-2025 12:34,249.99,CUST-1166,United Kingdom
INV-537184,PROD-005,Bluetooth Headphones,2,14-04-2025 12:47,59.99,CUST-1111,Germany
INV-537184,PROD-004,27-inch Monitor,1,14-04-2025 12:47,249.99,CUST-1111,Germany
INV-537184,PROD-003,USB-C Hub,1,14-04-2025 12:47,35,CUST-1111,Germany
INV-537185,PROD-008,Laptop Stand,1,14-04-2025 13:48,29.99,CUST-1117,United Kingdom
INV-537185,PROD-006,Desk Mat,2,14-04-2025 13:48,15.5,CUST-1117,United Kingdom
INV-537185,PROD-004,27-inch Monitor,2,14-04-2025 13:48,249.99,CUST-1117,United Kingdom
INV-537186,PROD-001,Wireless Mouse,2,14-04-2025 14:17,25,CUST-1199,United Kingdom
INV-537186,PROD-008,Laptop Stand,2,14-04-2025 14:17,29.99,CUST-1199,United Kingdom
INV-537186,PROD-003,USB-C Hub,3,14-04-2025 14:17,35,CUST-1199,United Kingdom
INV-537186,PROD-004,27-inch Monitor,1,14-04-2025 14:17,249.99,CUST-1199,United Kingdom
INV-537187,PROD-006,Desk Mat,3,14-04-2025 14:17,15.5,CUST-1054,France
INV-537187,PROD-003,USB-C Hub,3,14-04-2025 14:17,35,CUST-1054,France
INV-537187,PROD-002,Mechanical Keyboard,2,14-04-2025 14:17,85,CUST-1054,France
INV-537188,PROD-006,Desk Mat,2,14-04-2025 14:26,15.5,CUST-1099,United Kingdom
INV-537188,PROD-008,Laptop Stand,1,14-04-2025 14:26,29.99,CUST-1099,United Kingdom
INV-537188,PROD-001,Wireless Mouse,2,14-04-2025 14:26,25,CUST-1099,United Kingdom
INV-537188,PROD-005,Bluetooth Headphones,1,14-04-2025 14:26,59.99,CUST-1099,United Kingdom
INV-537189,PROD-008,Laptop Stand,2,14-04-2025 15:08,29.99,CUST-1191,United Kingdom
INV-537189,PROD-002,Mechanical Keyboard,3,14-04-2025 15:08,85,CUST-1191,United Kingdom
INV-537189,PROD-005,Bluetooth Headphones,3,14-04-2025 15:08,59.99,CUST-1191,United Kingdom
INV-537189,PROD-004,27-inch Monitor,2,14-04-2025 15:08,249.99,CUST-1191,United Kingdom
INV-537190,PROD-008,Laptop Stand,2,14-04-2025 16:50,29.99,CUST-1053,United Kingdom
INV-537190,PROD-006,Desk Mat,2,14-04-2025 16:50,15.5,CUST-1053,United Kingdom
INV-537190,PROD-003,USB-C Hub,3,14-04-2025 16:50,35,CUST-1053,United Kingdom
INV-537191,PROD-008,Laptop Stand,3,15-04-2025 09:55,29.99,CUST-1113,United Kingdom
INV-537191,PROD-007,Ergonomic Office Chair,3,15-04-2025 09:55,199,CUST-1113,United Kingdom
INV-537192,PROD-007,Ergonomic Office Chair,3,15-04-2025 12:19,199,CUST-1128,United Kingdom
INV-537192,PROD-003,USB-C Hub,1,15-04-2025 12:19,35,CUST-1128,United Kingdom
INV-537192,PROD-005,Bluetooth Headphones,3,15-04-2025 12:19,59.99,CUST-1128,United Kingdom
INV-537193,PROD-002,Mechanical Keyboard,1,15-04-2025 12:50,85,CUST-1029,United Kingdom
INV-537193,PROD-004,27-inch Monitor,2,15-04-2025 12:50,249.99,CUST-1029,United Kingdom
INV-537194,PROD-006,Desk Mat,6,15-04-2025 13:14,15.5,CUST-1105,United Kingdom
INV-537194,PROD-004,27-inch Monitor,12,15-04-2025 13:14,249.99,CUST-1105,United Kingdom
INV-537194,PROD-001,Wireless Mouse,12,15-04-2025 13:14,25,CUST-1105,United Kingdom
INV-537194,PROD-008,Laptop Stand,18,15-04-2025 13:14,29.99,CUST-1105,United Kingdom
INV-537195,PROD-005,Bluetooth Headphones,6,15-04-2025 14:54,59.99,CUST-1025,United Kingdom
INV-537195,PROD-002,Mechanical Keyboard,3,15-04-2025 14:54,85,CUST-1025,United Kingdom
INV-537195,PROD-006,Desk Mat,9,15-04-2025 14:54,15.5,CUST-1025,United Kingdom
INV-537196,PROD-003,USB-C Hub,3,15-04-2025 15:00,35,CUST-1127,United Kingdom
INV-537196,PROD-008,Laptop Stand,3,15-04-2025 15:00,29.99,CUST-1127,United Kingdom
INV-537196,PROD-001,Wireless Mouse,3,15-04-2025 15:00,25,CUST-1127,United Kingdom
INV-537196,PROD-004,27-inch Monitor,1,15-04-2025 15:00,249.99,CUST-1127,United Kingdom
INV-537197,PROD-006,Desk Mat,9,15-04-2025 17:41,15.5,CUST-1045,France
INV-537197,PROD-007,Ergonomic Office Chair,3,15-04-2025 17:41,199,CUST-1045,France
INV-537198,PROD-007,Ergonomic Office Chair,3,15-04-2025 17:48,199,CUST-1182,United Kingdom
INV-537199,PROD-006,Desk Mat,3,16-04-2025 10:16,15.5,CUST-1122,Germany
INV-537199,PROD-002,Mechanical Keyboard,1,16-04-2025 10:16,85,CUST-1122,Germany
INV-537199,PROD-008,Laptop Stand,1,16-04-2025 10:16,29.99,CUST-1122,Germany
INV-537199,PROD-007,Ergonomic Office Chair,1,16-04-2025 10:16,199,CUST-1122,Germany
INV-537200,PROD-005,Bluetooth Headphones,3,16-04-2025 13:53,59.99,CUST-1102,Germany
INV-537200,PROD-008,Laptop Stand,2,16-04-2025 13:53,29.99,CUST-1102,Germany
INV-537201,PROD-002,Mechanical Keyboard,1,16-04-2025 13:55,85,CUST-1057,United Kingdom
INV-537201,PROD-003,USB-C Hub,1,16-04-2025 13:55,35,CUST-1057,United Kingdom
INV-537201,PROD-005,Bluetooth Headphones,3,16-04-2025 13:55,59.99,CUST-1057,United Kingdom
INV-537201,PROD-008,Laptop Stand,1,16-04-2025 13:55,29.99,CUST-1057,United Kingdom
INV-537202,PROD-004,27-inch Monitor,1,16-04-2025 14:47,249.99,CUST-1046,United Kingdom
INV-537203,PROD-008,Laptop Stand,1,16-04-2025 15:03,29.99,CUST-1137,United Kingdom
INV-537203,PROD-004,27-inch Monitor,3,16-04-2025 15:03,249.99,CUST-1137,United Kingdom
INV-537204,PROD-001,Wireless Mouse,12,16-04-2025 15:17,25,CUST-1010,United Kingdom
INV-537204,PROD-007,Ergonomic Office Chair,6,16-04-2025 15:17,199,CUST-1010,United Kingdom
INV-537204,PROD-008,Laptop Stand,12,16-04-2025 15:17,29.99,CUST-1010,United Kingdom
INV-537204,PROD-003,USB-C Hub,18,16-04-2025 15:17,35,CUST-1010,United Kingdom
INV-537205,PROD-006,Desk Mat,5,16-04-2025 15:38,15.5,CUST-1115,France
INV-537205,PROD-005,Bluetooth Headphones,15,16-04-2025 15:38,59.99,CUST-1115,France
INV-537205,PROD-007,Ergonomic Office Chair,10,16-04-2025 15:38,199,CUST-1115,France
INV-537206,PROD-001,Wireless Mouse,3,16-04-2025 16:17,25,CUST-1166,United Kingdom
INV-537206,PROD-007,Ergonomic Office Chair,3,16-04-2025 16:17,199,CUST-1166,United Kingdom
INV-537207,PROD-004,27-inch Monitor,3,16-04-2025 16:42,249.99,CUST-1058,United Kingdom
INV-537207,PROD-006,Desk Mat,3,16-04-2025 16:42,15.5,CUST-1058,United Kingdom
INV-537208,PROD-007,Ergonomic Office Chair,1,17-04-2025 10:19,199,CUST-1114,Germany
INV-537208,PROD-003,USB-C Hub,3,17-04-2025 10:19,35,CUST-1114,Germany
INV-537208,PROD-006,Desk Mat,2,17-04-2025 10:19,15.5,CUST-1114,Germany
INV-537208,PROD-001,Wireless Mouse,2,17-04-2025 10:19,25,CUST-1114,Germany
INV-537209,PROD-008,Laptop Stand,3,17-04-2025 10:35,29.99,CUST-1021,United Kingdom
INV-537210,PROD-008,Laptop Stand,2,17-04-2025 12:17,29.99,CUST-1184,United Kingdom
INV-537211,PROD-005,Bluetooth Headphones,2,17-04-2025 13:03,59.99,CUST-1176,United Kingdom
INV-537211,PROD-007,Ergonomic Office Chair,3,17-04-2025 13:03,199,CUST-1176,United Kingdom
INV-537211,PROD-001,Wireless Mouse,1,17-04-2025 13:03,25,CUST-1176,United Kingdom
INV-537211,PROD-008,Laptop Stand,3,17-04-2025 13:03,29.99,CUST-1176,United Kingdom
INV-537212,PROD-003,USB-C Hub,3,17-04-2025 16:21,35,CUST-1183,Germany
INV-537212,PROD-006,Desk Mat,3,17-04-2025 16:21,15.5,CUST-1183,Germany
INV-537212,PROD-007,Ergonomic Office Chair,1,17-04-2025 16:21,199,CUST-1183,Germany
INV-537212,PROD-004,27-inch Monitor,3,17-04-2025 16:21,249.99,CUST-1183,Germany
INV-537213,PROD-003,USB-C Hub,1,17-04-2025 16:59,35,CUST-1057,France
INV-537214,PROD-007,Ergonomic Office Chair,1,17-04-2025 17:15,199,CUST-1022,United Kingdom
INV-537214,PROD-008,Laptop Stand,1,17-04-2025 17:15,29.99,CUST-1022,United Kingdom
INV-537215,PROD-005,Bluetooth Headphones,1,18-04-2025 09:16,59.99,CUST-1008,United Kingdom
INV-537215,PROD-008,Laptop Stand,3,18-04-2025 09:16,29.99,CUST-1008,United Kingdom
INV-537216,PROD-002,Mechanical Keyboard,1,18-04-2025 10:29,85,CUST-1134,United Kingdom
INV-537216,PROD-004,27-inch Monitor,1,18-04-2025 10:29,249.99,CUST-1134,United Kingdom
INV-537216,PROD-007,Ergonomic Office Chair,3,18-04-2025 10:29,199,CUST-1134,United Kingdom
INV-537217,PROD-008,Laptop Stand,1,18-04-2025 11:32,29.99,CUST-1069,Germany
INV-537217,PROD-003,USB-C Hub,3,18-04-2025 11:32,35,CUST-1069,Germany
INV-537218,PROD-003,USB-C Hub,3,18-04-2025 12:44,35,CUST-1197,Germany
INV-537218,PROD-001,Wireless Mouse,2,18-04-2025 12:44,25,CUST-1197,Germany
INV-537218,PROD-006,Desk Mat,1,18-04-2025 12:44,15.5,CUST-1197,Germany
INV-537219,PROD-007,Ergonomic Office Chair,2,18-04-2025 13:08,199,CUST-1082,Germany
INV-537220,PROD-003,USB-C Hub,5,18-04-2025 13:38,35,CUST-1060,Germany
INV-537220,PROD-006,Desk Mat,15,18-04-2025 13:38,15.5,CUST-1060,Germany
INV-537220,PROD-002,Mechanical Keyboard,5,18-04-2025 13:38,85,CUST-1060,Germany
INV-537221,PROD-004,27-inch Monitor,1,19-04-2025 15:36,249.99,CUST-1062,United Kingdom
INV-537222,PROD-001,Wireless Mouse,4,19-04-2025 15:44,25,CUST-1100,France
INV-537222,PROD-006,Desk Mat,8,19-04-2025 15:44,15.5,CUST-1100,France
INV-537222,PROD-007,Ergonomic Office Chair,4,19-04-2025 15:44,199,CUST-1100,France
INV-537222,PROD-002,Mechanical Keyboard,4,19-04-2025 15:44,85,CUST-1100,France
INV-537223,PROD-001,Wireless Mouse,3,19-04-2025 15:52,25,CUST-1063,France
INV-537223,PROD-003,USB-C Hub,2,19-04-2025 15:52,35,CUST-1063,France
INV-537223,PROD-005,Bluetooth Headphones,1,19-04-2025 15:52,59.99,CUST-1063,France
INV-537224,PROD-008,Laptop Stand,2,19-04-2025 15:54,29.99,CUST-1127,France
INV-537224,PROD-003,USB-C Hub,2,19-04-2025 15:54,35,CUST-1127,France
INV-537224,PROD-006,Desk Mat,3,19-04-2025 15:54,15.5,CUST-1127,France
INV-537224,PROD-004,27-inch Monitor,3,19-04-2025 15:54,249.99,CUST-1127,France
INV-537225,PROD-003,USB-C Hub,3,19-04-2025 16:40,35,CUST-1116,United Kingdom
INV-537226,PROD-007,Ergonomic Office Chair,1,19-04-2025 17:30,199,CUST-1057,United Kingdom
INV-537226,PROD-004,27-inch Monitor,2,19-04-2025 17:30,249.99,CUST-1057,United Kingdom
INV-537226,PROD-002,Mechanical Keyboard,2,19-04-2025 17:30,85,CUST-1057,United Kingdom
INV-537226,PROD-003,USB-C Hub,2,19-04-2025 17:30,35,CUST-1057,United Kingdom
INV-537227,PROD-006,Desk Mat,2,20-04-2025 09:17,15.5,CUST-1183,United Kingdom
INV-537227,PROD-008,Laptop Stand,2,20-04-2025 09:17,29.99,CUST-1183,United Kingdom
INV-537227,PROD-003,USB-C Hub,1,20-04-2025 09:17,35,CUST-1183,United Kingdom
INV-537228,PROD-005,Bluetooth Headphones,2,20-04-2025 09:33,59.99,CUST-1034,France
INV-537229,PROD-005,Bluetooth Headphones,1,20-04-2025 09:41,59.99,CUST-1036,United Kingdom
INV-537229,PROD-001,Wireless Mouse,1,20-04-2025 09:41,25,CUST-1036,United Kingdom
INV-537229,PROD-006,Desk Mat,2,20-04-2025 09:41,15.5,CUST-1036,United Kingdom
INV-537230,PROD-002,Mechanical Keyboard,1,20-04-2025 10:47,85,CUST-1194,Germany
INV-537230,PROD-008,Laptop Stand,3,20-04-2025 10:47,29.99,CUST-1194,Germany
INV-537230,PROD-005,Bluetooth Headphones,3,20-04-2025 10:47,59.99,CUST-1194,Germany
INV-537230,PROD-006,Desk Mat,3,20-04-2025 10:47,15.5,CUST-1194,Germany
INV-537231,PROD-004,27-inch Monitor,3,20-04-2025 11:02,249.99,CUST-1083,United Kingdom
INV-537231,PROD-005,Bluetooth Headphones,2,20-04-2025 11:02,59.99,CUST-1083,United Kingdom
INV-537232,PROD-002,Mechanical Keyboard,1,20-04-2025 12:06,85,CUST-1156,United Kingdom
INV-537232,PROD-004,27-inch Monitor,3,20-04-2025 12:06,249.99,CUST-1156,United Kingdom
INV-537232,PROD-001,Wireless Mouse,1,20-04-2025 12:06,25,CUST-1156,United Kingdom
INV-537232,PROD-003,USB-C Hub,2,20-04-2025 12:06,35,CUST-1156,United Kingdom
INV-537233,PROD-002,Mechanical Keyboard,1,20-04-2025 16:07,85,CUST-1146,France
INV-537234,PROD-007,Ergonomic Office Chair,3,20-04-2025 16:23,199,CUST-1118,Germany
INV-537234,PROD-003,USB-C Hub,2,20-04-2025 16:23,35,CUST-1118,Germany
INV-537234,PROD-001,Wireless Mouse,2,20-04-2025 16:23,25,CUST-1118,Germany
INV-537234,PROD-002,Mechanical Keyboard,3,20-04-2025 16:23,85,CUST-1118,Germany
INV-537235,PROD-004,27-inch Monitor,2,20-04-2025 16:24,249.99,CUST-1079,United Kingdom
INV-537235,PROD-007,Ergonomic Office Chair,2,20-04-2025 16:24,199,CUST-1079,United Kingdom
INV-537235,PROD-008,Laptop Stand,2,20-04-2025 16:24,29.99,CUST-1079,United Kingdom
INV-537235,PROD-003,USB-C Hub,1,20-04-2025 16:24,35,CUST-1079,United Kingdom
INV-537236,PROD-008,Laptop Stand,2,21-04-2025 09:30,29.99,CUST-1038,United Kingdom
INV-537237,PROD-001,Wireless Mouse,3,21-04-2025 10:11,25,CUST-1071,United Kingdom
INV-537237,PROD-008,Laptop Stand,3,21-04-2025 10:11,29.99,CUST-1071,United Kingdom
INV-537237,PROD-003,USB-C Hub,2,21-04-2025 10:11,35,CUST-1071,United Kingdom
INV-537237,PROD-002,Mechanical Keyboard,1,21-04-2025 10:11,85,CUST-1071,United Kingdom
INV-537238,PROD-001,Wireless Mouse,2,21-04-2025 10:56,25,CUST-1067,United Kingdom
INV-537239,PROD-007,Ergonomic Office Chair,2,21-04-2025 11:53,199,CUST-1184,United Kingdom
INV-537239,PROD-006,Desk Mat,1,21-04-2025 11:53,15.5,CUST-1184,United Kingdom
INV-537239,PROD-002,Mechanical Keyboard,1,21-04-2025 11:53,85,CUST-1184,United Kingdom
INV-537239,PROD-005,Bluetooth Headphones,3,21-04-2025 11:53,59.99,CUST-1184,United Kingdom
INV-537240,PROD-007,Ergonomic Office Chair,3,21-04-2025 12:08,199,CUST-1022,United Kingdom
INV-537240,PROD-003,USB-C Hub,2,21-04-2025 12:08,35,CUST-1022,United Kingdom
INV-537241,PROD-006,Desk Mat,2,21-04-2025 12:46,15.5,CUST-1151,United Kingdom
INV-537241,PROD-005,Bluetooth Headphones,3,21-04-2025 12:46,59.99,CUST-1151,United Kingdom
INV-537241,PROD-007,Ergonomic Office Chair,3,21-04-2025 12:46,199,CUST-1151,United Kingdom
INV-537242,PROD-005,Bluetooth Headphones,3,21-04-2025 12:46,59.99,CUST-1146,United Kingdom
INV-537242,PROD-001,Wireless Mouse,2,21-04-2025 12:46,25,CUST-1146,United Kingdom
INV-537242,PROD-002,Mechanical Keyboard,3,21-04-2025 12:46,85,CUST-1146,United Kingdom
INV-537243,PROD-006,Desk Mat,3,21-04-2025 13:44,15.5,CUST-1052,United Kingdom
INV-537243,PROD-001,Wireless Mouse,3,21-04-2025 13:44,25,CUST-1052,United Kingdom
INV-537244,PROD-008,Laptop Stand,2,21-04-2025 15:10,29.99,CUST-1062,Germany
INV-537244,PROD-001,Wireless Mouse,2,21-04-2025 15:10,25,CUST-1062,Germany
INV-537245,PROD-005,Bluetooth Headphones,21,21-04-2025 17:39,59.99,CUST-1160,Germany
INV-537246,PROD-004,27-inch Monitor,2,22-04-2025 11:26,249.99,CUST-1043,France
INV-537246,PROD-002,Mechanical Keyboard,2,22-04-2025 11:26,85,CUST-1043,France
INV-537247,PROD-005,Bluetooth Headphones,3,22-04-2025 11:35,59.99,CUST-1147,France
INV-537248,PROD-003,USB-C Hub,2,22-04-2025 11:57,35,CUST-1026,Germany
INV-537249,PROD-005,Bluetooth Headphones,2,22-04-2025 16:58,59.99,CUST-1006,United Kingdom
INV-537250,PROD-006,Desk Mat,14,23-04-2025 09:25,15.5,CUST-1020,France
INV-537251,PROD-008,Laptop Stand,12,23-04-2025 09:57,29.99,CUST-1180,Germany
INV-537252,PROD-004,27-inch Monitor,1,23-04-2025 10:29,249.99,CUST-1194,United Kingdom
INV-537253,PROD-007,Ergonomic Office Chair,1,23-04-2025 11:03,199,CUST-1046,France
INV-537253,PROD-001,Wireless Mouse,3,23-04-2025 11:03,25,CUST-1046,France
INV-537253,PROD-002,Mechanical Keyboard,1,23-04-2025 11:03,85,CUST-1046,France
INV-537253,PROD-006,Desk Mat,3,23-04-2025 11:03,15.5,CUST-1046,France
INV-537254,PROD-005,Bluetooth Headphones,3,23-04-2025 11:11,59.99,CUST-1027,United Kingdom
INV-537255,PROD-001,Wireless Mouse,3,23-04-2025 14:22,25,CUST-1199,United Kingdom
INV-537255,PROD-008,Laptop Stand,1,23-04-2025 14:22,29.99,CUST-1199,United Kingdom
INV-537255,PROD-004,27-inch Monitor,2,23-04-2025 14:22,249.99,CUST-1199,United Kingdom
INV-537256,PROD-003,USB-C Hub,2,23-04-2025 15:13,35,CUST-1092,France
INV-537257,PROD-007,Ergonomic Office Chair,3,23-04-2025 15:39,199,CUST-1164,United Kingdom
INV-537257,PROD-005,Bluetooth Headphones,1,23-04-2025 15:39,59.99,CUST-1164,United Kingdom
INV-537257,PROD-002,Mechanical Keyboard,1,23-04-2025 15:39,85,CUST-1164,United Kingdom
INV-537258,PROD-007,Ergonomic Office Chair,2,23-04-2025 16:16,199,CUST-1101,United Kingdom
INV-537259,PROD-002,Mechanical Keyboard,3,23-04-2025 17:08,85,CUST-1018,United Kingdom
INV-537260,PROD-002,Mechanical Keyboard,3,23-04-2025 17:55,85,CUST-1092,United Kingdom
INV-537260,PROD-005,Bluetooth Headphones,3,23-04-2025 17:55,59.99,CUST-1092,United Kingdom
INV-537260,PROD-008,Laptop Stand,2,23-04-2025 17:55,29.99,CUST-1092,United Kingdom
INV-537260,PROD-001,Wireless Mouse,3,23-04-2025 17:55,25,CUST-1092,United Kingdom
INV-537261,PROD-004,27-inch Monitor,2,24-04-2025 09:19,249.99,CUST-1127,Germany
INV-537261,PROD-002,Mechanical Keyboard,1,24-04-2025 09:19,85,CUST-1127,Germany
INV-537261,PROD-007,Ergonomic Office Chair,1,24-04-2025 09:19,199,CUST-1127,Germany
INV-537262,PROD-003,USB-C Hub,3,24-04-2025 10:16,35,CUST-1158,United Kingdom
INV-537262,PROD-001,Wireless Mouse,3,24-04-2025 10:16,25,CUST-1158,United Kingdom
INV-537263,PROD-003,USB-C Hub,1,24-04-2025 11:10,35,CUST-1134,France
INV-537263,PROD-001,Wireless Mouse,1,24-04-2025 11:10,25,CUST-1134,France
INV-537264,PROD-008,Laptop Stand,1,24-04-2025 14:44,29.99,CUST-1014,United Kingdom
INV-537264,PROD-003,USB-C Hub,1,24-04-2025 14:44,35,CUST-1014,United Kingdom
INV-537265,PROD-006,Desk Mat,9,24-04-2025 17:14,15.5,CUST-1125,United Kingdom
INV-537266,PROD-001,Wireless Mouse,3,25-04-2025 09:13,25,CUST-1114,United Kingdom
INV-537266,PROD-005,Bluetooth Headphones,1,25-04-2025 09:13,59.99,CUST-1114,United Kingdom
INV-537266,PROD-006,Desk Mat,3,25-04-2025 09:13,15.5,CUST-1114,United Kingdom
INV-537267,PROD-007,Ergonomic Office Chair,3,25-04-2025 10:39,199,CUST-1149,United Kingdom
INV-537267,PROD-003,USB-C Hub,3,25-04-2025 10:39,35,CUST-1149,United Kingdom
INV-537267,PROD-004,27-inch Monitor,3,25-04-2025 10:39,249.99,CUST-1149,United Kingdom
INV-537267,PROD-006,Desk Mat,3,25-04-2025 10:39,15.5,CUST-1149,United Kingdom
INV-537268,PROD-008,Laptop Stand,2,25-04-2025 10:40,29.99,CUST-1048,France
INV-537269,PROD-002,Mechanical Keyboard,3,25-04-2025 12:33,85,CUST-1138,United Kingdom
INV-537270,PROD-003,USB-C Hub,2,25-04-2025 14:17,35,CUST-1127,United Kingdom
INV-537270,PROD-001,Wireless Mouse,1,25-04-2025 14:17,25,CUST-1127,United Kingdom
INV-537270,PROD-004,27-inch Monitor,3,25-04-2025 14:17,249.99,CUST-1127,United Kingdom
INV-537270,PROD-002,Mechanical Keyboard,2,25-04-2025 14:17,85,CUST-1127,United Kingdom
INV-537271,PROD-003,USB-C Hub,3,25-04-2025 14:54,35,CUST-1176,France
INV-537271,PROD-008,Laptop Stand,3,25-04-2025 14:54,29.99,CUST-1176,France
INV-537271,PROD-006,Desk Mat,1,25-04-2025 14:54,15.5,CUST-1176,France
INV-537272,PROD-001,Wireless Mouse,1,25-04-2025 17:41,25,CUST-1131,United Kingdom
INV-537272,PROD-007,Ergonomic Office Chair,1,25-04-2025 17:41,199,CUST-1131,United Kingdom
INV-537272,PROD-002,Mechanical Keyboard,1,25-04-2025 17:41,85,CUST-1131,United Kingdom
INV-537272,PROD-008,Laptop Stand,1,25-04-2025 17:41,29.99,CUST-1131,United Kingdom
INV-537273,PROD-007,Ergonomic Office Chair,3,25-04-2025 17:51,199,CUST-1061,Germany
INV-537273,PROD-005,Bluetooth Headphones,3,25-04-2025 17:51,59.99,CUST-1061,Germany
INV-537273,PROD-003,USB-C Hub,1,25-04-2025 17:51,35,CUST-1061,Germany
INV-537273,PROD-008,Laptop Stand,2,25-04-2025 17:51,29.99,CUST-1061,Germany
INV-537274,PROD-005,Bluetooth Headphones,2,25-04-2025 17:57,59.99,CUST-1156,Germany
INV-537275,PROD-003,USB-C Hub,1,26-04-2025 09:07,35,CUST-1152,Germany
INV-537275,PROD-008,Laptop Stand,3,26-04-2025 09:07,29.99,CUST-1152,Germany
INV-537276,PROD-005,Bluetooth Headphones,1,26-04-2025 09:13,59.99,CUST-1099,United Kingdom
INV-537276,PROD-003,USB-C Hub,2,26-04-2025 09:13,35,CUST-1099,United Kingdom
INV-537276,PROD-006,Desk Mat,2,26-04-2025 09:13,15.5,CUST-1099,United Kingdom
INV-537277,PROD-001,Wireless Mouse,3,26-04-2025 10:02,25,CUST-1106,United Kingdom
INV-537277,PROD-004,27-inch Monitor,1,26-04-2025 10:02,249.99,CUST-1106,United Kingdom
INV-537277,PROD-006,Desk Mat,1,26-04-2025 10:02,15.5,CUST-1106,United Kingdom
INV-537278,PROD-003,USB-C Hub,1,26-04-2025 14:20,35,CUST-1084,France
INV-537279,PROD-003,USB-C Hub,2,27-04-2025 11:34,35,CUST-1067,United Kingdom
INV-537279,PROD-002,Mechanical Keyboard,2,27-04-2025 11:34,85,CUST-1067,United Kingdom
INV-537279,PROD-005,Bluetooth Headphones,2,27-04-2025 11:34,59.99,CUST-1067,United Kingdom
INV-537280,PROD-008,Laptop Stand,2,27-04-2025 11:41,29.99,CUST-1048,United Kingdom
INV-537280,PROD-007,Ergonomic Office Chair,2,27-04-2025 11:41,199,CUST-1048,United Kingdom
INV-537281,PROD-004,27-inch Monitor,3,27-04-2025 12:19,249.99,CUST-1139,France
INV-537281,PROD-007,Ergonomic Office Chair,3,27-04-2025 12:19,199,CUST-1139,France
INV-537282,PROD-002,Mechanical Keyboard,1,27-04-2025 13:45,85,CUST-1057,Germany
INV-537282,PROD-003,USB-C Hub,2,27-04-2025 13:45,35,CUST-1057,Germany
INV-537282,PROD-008,Laptop Stand,1,27-04-2025 13:45,29.99,CUST-1057,Germany
INV-537283,PROD-003,USB-C Hub,3,27-04-2025 14:20,35,CUST-1087,United Kingdom
INV-537283,PROD-008,Laptop Stand,1,27-04-2025 14:20,29.99,CUST-1087,United Kingdom
INV-537284,PROD-001,Wireless Mouse,2,27-04-2025 14:57,25,CUST-1166,Germany
INV-537284,PROD-002,Mechanical Keyboard,2,27-04-2025 14:57,85,CUST-1166,Germany
INV-537284,PROD-004,27-inch Monitor,2,27-04-2025 14:57,249.99,CUST-1166,Germany
INV-537285,PROD-002,Mechanical Keyboard,1,27-04-2025 17:34,85,CUST-1057,Germany
INV-537285,PROD-006,Desk Mat,2,27-04-2025 17:34,15.5,CUST-1057,Germany
INV-537285,PROD-001,Wireless Mouse,3,27-04-2025 17:34,25,CUST-1057,Germany
INV-537285,PROD-005,Bluetooth Headphones,3,27-04-2025 17:34,59.99,CUST-1057,Germany
INV-537286,PROD-006,Desk Mat,3,28-04-2025 11:08,15.5,CUST-1142,United Kingdom
INV-537287,PROD-003,USB-C Hub,1,28-04-2025 11:58,35,CUST-1162,United Kingdom
INV-537288,PROD-007,Ergonomic Office Chair,3,28-04-2025 12:38,199,CUST-1011,France
INV-537289,PROD-002,Mechanical Keyboard,3,28-04-2025 14:09,85,CUST-1049,France
INV-537289,PROD-005,Bluetooth Headphones,1,28-04-2025 14:09,59.99,CUST-1049,France
INV-537289,PROD-003,USB-C Hub,1,28-04-2025 14:09,35,CUST-1049,France
INV-537289,PROD-006,Desk Mat,1,28-04-2025 14:09,15.5,CUST-1049,France
INV-537290,PROD-008,Laptop Stand,10,28-04-2025 14:12,29.99,CUST-1070,France
INV-537290,PROD-007,Ergonomic Office Chair,15,28-04-2025 14:12,199,CUST-1070,France
INV-537290,PROD-005,Bluetooth Headphones,10,28-04-2025 14:12,59.99,CUST-1070,France
INV-537290,PROD-002,Mechanical Keyboard,10,28-04-2025 14:12,85,CUST-1070,France
INV-537291,PROD-003,USB-C Hub,8,28-04-2025 14:56,35,CUST-1125,Germany
INV-537291,PROD-002,Mechanical Keyboard,12,28-04-2025 14:56,85,CUST-1125,Germany
INV-537291,PROD-001,Wireless Mouse,12,28-04-2025 14:56,25,CUST-1125,Germany
INV-537291,PROD-008,Laptop Stand,8,28-04-2025 14:56,29.99,CUST-1125,Germany
INV-537292,PROD-002,Mechanical Keyboard,1,28-04-2025 17:06,85,CUST-1179,France
INV-537292,PROD-006,Desk Mat,3,28-04-2025 17:06,15.5,CUST-1179,France
INV-537292,PROD-004,27-inch Monitor,3,28-04-2025 17:06,249.99,CUST-1179,France
INV-537292,PROD-005,Bluetooth Headphones,3,28-04-2025 17:06,59.99,CUST-1179,France
INV-537293,PROD-002,Mechanical Keyboard,3,29-04-2025 09:08,85,CUST-1179,United Kingdom
INV-537293,PROD-005,Bluetooth Headphones,1,29-04-2025 09:08,59.99,CUST-1179,United Kingdom
INV-537294,PROD-004,27-inch Monitor,2,29-04-2025 09:27,249.99,CUST-1057,Germany
INV-537294,PROD-002,Mechanical Keyboard,2,29-04-2025 09:27,85,CUST-1057,Germany
INV-537294,PROD-007,Ergonomic Office Chair,2,29-04-2025 09:27,199,CUST-1057,Germany
INV-537295,PROD-003,USB-C Hub,1,29-04-2025 09:39,35,CUST-1106,United Kingdom
INV-537295,PROD-007,Ergonomic Office Chair,1,29-04-2025 09:39,199,CUST-1106,United Kingdom
INV-537295,PROD-006,Desk Mat,1,29-04-2025 09:39,15.5,CUST-1106,United Kingdom
INV-537295,PROD-005,Bluetooth Headphones,1,29-04-2025 09:39,59.99,CUST-1106,United Kingdom
INV-537296,PROD-005,Bluetooth Headphones,2,29-04-2025 13:16,59.99,CUST-1161,France
INV-537296,PROD-006,Desk Mat,1,29-04-2025 13:16,15.5,CUST-1161,France
INV-537296,PROD-001,Wireless Mouse,3,29-04-2025 13:16,25,CUST-1161,France
INV-537297,PROD-005,Bluetooth Headphones,1,29-04-2025 13:18,59.99,CUST-1046,Germany
INV-537298,PROD-002,Mechanical Keyboard,2,29-04-2025 15:03,85,CUST-1017,France
INV-537298,PROD-008,Laptop Stand,1,29-04-2025 15:03,29.99,CUST-1017,France
INV-537299,PROD-002,Mechanical Keyboard,2,30-04-2025 09:56,85,CUST-1013,France
INV-537299,PROD-005,Bluetooth Headphones,3,30-04-2025 09:56,59.99,CUST-1013,France
INV-537299,PROD-001,Wireless Mouse,2,30-04-2025 09:56,25,CUST-1013,France
INV-537300,PROD-007,Ergonomic Office Chair,18,30-04-2025 10:47,199,CUST-1060,United Kingdom
INV-537300,PROD-004,27-inch Monitor,18,30-04-2025 10:47,249.99,CUST-1060,United Kingdom
INV-537300,PROD-005,Bluetooth Headphones,6,30-04-2025 10:47,59.99,CUST-1060,United Kingdom
INV-537301,PROD-003,USB-C Hub,1,30-04-2025 11:46,35,CUST-1057,France
INV-537302,PROD-005,Bluetooth Headphones,2,30-04-2025 11:59,59.99,CUST-1069,France
INV-537303,PROD-001,Wireless Mouse,1,30-04-2025 12:42,25,CUST-1057,United Kingdom
INV-537303,PROD-003,USB-C Hub,1,30-04-2025 12:42,35,CUST-1057,United Kingdom
INV-537303,PROD-005,Bluetooth Headphones,1,30-04-2025 12:42,59.99,CUST-1057,United Kingdom
INV-537304,PROD-008,Laptop Stand,2,30-04-2025 13:29,29.99,CUST-1191,United Kingdom
INV-537304,PROD-003,USB-C Hub,3,30-04-2025 13:29,35,CUST-1191,United Kingdom
INV-537304,PROD-005,Bluetooth Headphones,2,30-04-2025 13:29,59.99,CUST-1191,United Kingdom
INV-537305,PROD-004,27-inch Monitor,12,30-04-2025 13:33,249.99,CUST-1070,Germany
INV-537305,PROD-008,Laptop Stand,12,30-04-2025 13:33,29.99,CUST-1070,Germany
INV-537305,PROD-001,Wireless Mouse,4,30-04-2025 13:33,25,CUST-1070,Germany
INV-537305,PROD-005,Bluetooth Headphones,12,30-04-2025 13:33,59.99,CUST-1070,Germany
INV-537306,PROD-004,27-inch Monitor,1,30-04-2025 13:47,249.99,CUST-1098,United Kingdom
INV-537306,PROD-008,Laptop Stand,2,30-04-2025 13:47,29.99,CUST-1098,United Kingdom
INV-537306,PROD-002,Mechanical Keyboard,3,30-04-2025 13:47,85,CUST-1098,United Kingdom
INV-537306,PROD-007,Ergonomic Office Chair,1,30-04-2025 13:47,199,CUST-1098,United Kingdom
INV-537307,PROD-005,Bluetooth Headphones,2,30-04-2025 14:30,59.99,CUST-1014,United Kingdom
INV-537307,PROD-006,Desk Mat,2,30-04-2025 14:30,15.5,CUST-1014,United Kingdom
INV-537308,PROD-008,Laptop Stand,2,30-04-2025 14:52,29.99,CUST-1142,France
INV-537309,PROD-003,USB-C Hub,1,30-04-2025 15:16,35,CUST-1161,France
INV-537310,PROD-001,Wireless Mouse,3,30-04-2025 16:00,25,CUST-1073,France
INV-537310,PROD-007,Ergonomic Office Chair,1,30-04-2025 16:00,199,CUST-1073,France
INV-537311,PROD-005,Bluetooth Headphones,12,30-04-2025 16:20,59.99,CUST-1010,France
INV-537311,PROD-007,Ergonomic Office Chair,18,30-04-2025 16:20,199,CUST-1010,France
INV-537312,PROD-001,Wireless Mouse,2,30-04-2025 16:46,25,CUST-1148,United Kingdom
INV-537312,PROD-002,Mechanical Keyboard,3,30-04-2025 16:46,85,CUST-1148,United Kingdom
INV-537313,PROD-008,Laptop Stand,4,01-05-2025 09:26,29.99,CUST-1165,France
INV-537313,PROD-002,Mechanical Keyboard,4,01-05-2025 09:26,85,CUST-1165,France
INV-537314,PROD-004,27-inch Monitor,1,01-05-2025 09:42,249.99,CUST-1139,United Kingdom
INV-537314,PROD-005,Bluetooth Headphones,3,01-05-2025 09:42,59.99,CUST-1139,United Kingdom
INV-537314,PROD-001,Wireless Mouse,2,01-05-2025 09:42,25,CUST-1139,United Kingdom
INV-537314,PROD-003,USB-C Hub,1,01-05-2025 09:42,35,CUST-1139,United Kingdom
INV-537315,PROD-002,Mechanical Keyboard,7,01-05-2025 10:09,85,CUST-1185,United Kingdom
INV-537315,PROD-008,Laptop Stand,7,01-05-2025 10:09,29.99,CUST-1185,United Kingdom
INV-537316,PROD-003,USB-C Hub,2,01-05-2025 10:52,35,CUST-1014,United Kingdom
INV-537316,PROD-001,Wireless Mouse,3,01-05-2025 10:52,25,CUST-1014,United Kingdom
INV-537317,PROD-007,Ergonomic Office Chair,2,01-05-2025 11:46,199,CUST-1124,Germany
INV-537318,PROD-002,Mechanical Keyboard,3,01-05-2025 13:46,85,CUST-1028,France
INV-537318,PROD-008,Laptop Stand,2,01-05-2025 13:46,29.99,CUST-1028,France
INV-537318,PROD-003,USB-C Hub,3,01-05-2025 13:46,35,CUST-1028,France
INV-537319,PROD-002,Mechanical Keyboard,3,01-05-2025 14:06,85,CUST-1026,United Kingdom
INV-537319,PROD-007,Ergonomic Office Chair,3,01-05-2025 14:06,199,CUST-1026,United Kingdom
INV-537320,PROD-004,27-inch Monitor,18,01-05-2025 14:40,249.99,CUST-1025,United Kingdom
INV-537320,PROD-007,Ergonomic Office Chair,18,01-05-2025 14:40,199,CUST-1025,United Kingdom
INV-537321,PROD-007,Ergonomic Office Chair,1,01-05-2025 15:48,199,CUST-1099,United Kingdom
INV-537321,PROD-001,Wireless Mouse,1,01-05-2025 15:48,25,CUST-1099,United Kingdom
INV-537321,PROD-008,Laptop Stand,3,01-05-2025 15:48,29.99,CUST-1099,United Kingdom
INV-537322,PROD-007,Ergonomic Office Chair,3,01-05-2025 16:23,199,CUST-1122,United Kingdom
INV-537322,PROD-001,Wireless Mouse,1,01-05-2025 16:23,25,CUST-1122,United Kingdom
INV-537323,PROD-002,Mechanical Keyboard,3,02-05-2025 09:03,85,CUST-1108,United Kingdom
INV-537323,PROD-008,Laptop Stand,1,02-05-2025 09:03,29.99,CUST-1108,United Kingdom
INV-537323,PROD-007,Ergonomic Office Chair,1,02-05-2025 09:03,199,CUST-1108,United Kingdom
INV-537324,PROD-008,Laptop Stand,1,02-05-2025 12:34,29.99,CUST-1006,United Kingdom
INV-537324,PROD-002,Mechanical Keyboard,2,02-05-2025 12:34,85,CUST-1006,United Kingdom
INV-537324,PROD-006,Desk Mat,2,02-05-2025 12:34,15.5,CUST-1006,United Kingdom
INV-537324,PROD-001,Wireless Mouse,3,02-05-2025 12:34,25,CUST-1006,United Kingdom
INV-537325,PROD-003,USB-C Hub,3,02-05-2025 14:16,35,CUST-1189,United Kingdom
INV-537325,PROD-005,Bluetooth Headphones,1,02-05-2025 14:16,59.99,CUST-1189,United Kingdom
INV-537325,PROD-006,Desk Mat,3,02-05-2025 14:16,15.5,CUST-1189,United Kingdom
INV-537326,PROD-001,Wireless Mouse,1,02-05-2025 15:28,25,CUST-1182,United Kingdom
INV-537326,PROD-003,USB-C Hub,3,02-05-2025 15:28,35,CUST-1182,United Kingdom
INV-537327,PROD-006,Desk Mat,10,02-05-2025 15:38,15.5,CUST-1120,United Kingdom
INV-537327,PROD-001,Wireless Mouse,5,02-05-2025 15:38,25,CUST-1120,United Kingdom
INV-537327,PROD-002,Mechanical Keyboard,5,02-05-2025 15:38,85,CUST-1120,United Kingdom
INV-537328,PROD-001,Wireless Mouse,3,02-05-2025 15:49,25,CUST-1169,United Kingdom
INV-537328,PROD-004,27-inch Monitor,1,02-05-2025 15:49,249.99,CUST-1169,United Kingdom
INV-537329,PROD-008,Laptop Stand,1,02-05-2025 17:38,29.99,CUST-1073,United Kingdom
INV-537329,PROD-003,USB-C Hub,3,02-05-2025 17:38,35,CUST-1073,United Kingdom
INV-537329,PROD-002,Mechanical Keyboard,3,02-05-2025 17:38,85,CUST-1073,United Kingdom
INV-537330,PROD-002,Mechanical Keyboard,12,03-05-2025 09:00,85,CUST-1125,Germany
INV-537330,PROD-008,Laptop Stand,12,03-05-2025 09:00,29.99,CUST-1125,Germany
INV-537330,PROD-004,27-inch Monitor,12,03-05-2025 09:00,249.99,CUST-1125,Germany
INV-537330,PROD-001,Wireless Mouse,18,03-05-2025 09:00,25,CUST-1125,Germany
INV-537331,PROD-005,Bluetooth Headphones,2,03-05-2025 09:37,59.99,CUST-1184,France
INV-537331,PROD-006,Desk Mat,1,03-05-2025 09:37,15.5,CUST-1184,France
INV-537331,PROD-004,27-inch Monitor,2,03-05-2025 09:37,249.99,CUST-1184,France
INV-537332,PROD-005,Bluetooth Headphones,3,03-05-2025 12:09,59.99,CUST-1061,United Kingdom
INV-537332,PROD-003,USB-C Hub,2,03-05-2025 12:09,35,CUST-1061,United Kingdom
INV-537332,PROD-006,Desk Mat,3,03-05-2025 12:09,15.5,CUST-1061,United Kingdom
INV-537332,PROD-002,Mechanical Keyboard,2,03-05-2025 12:09,85,CUST-1061,United Kingdom
INV-537333,PROD-005,Bluetooth Headphones,2,03-05-2025 12:39,59.99,CUST-1151,France
INV-537333,PROD-001,Wireless Mouse,1,03-05-2025 12:39,25,CUST-1151,France
INV-537334,PROD-003,USB-C Hub,2,03-05-2025 14:08,35,CUST-1061,United Kingdom
INV-537334,PROD-006,Desk Mat,3,03-05-2025 14:08,15.5,CUST-1061,United Kingdom
INV-537334,PROD-005,Bluetooth Headphones,1,03-05-2025 14:08,59.99,CUST-1061,United Kingdom
INV-537334,PROD-008,Laptop Stand,3,03-05-2025 14:08,29.99,CUST-1061,United Kingdom
INV-537335,PROD-004,27-inch Monitor,2,03-05-2025 14:15,249.99,CUST-1083,United Kingdom
INV-537335,PROD-008,Laptop Stand,3,03-05-2025 14:15,29.99,CUST-1083,United Kingdom
INV-537335,PROD-007,Ergonomic Office Chair,1,03-05-2025 14:15,199,CUST-1083,United Kingdom
INV-537336,PROD-007,Ergonomic Office Chair,9,03-05-2025 14:29,199,CUST-1180,France
INV-537336,PROD-002,Mechanical Keyboard,9,03-05-2025 14:29,85,CUST-1180,France
INV-537336,PROD-003,USB-C Hub,3,03-05-2025 14:29,35,CUST-1180,France
INV-537336,PROD-008,Laptop Stand,6,03-05-2025 14:29,29.99,CUST-1180,France
INV-537337,PROD-002,Mechanical Keyboard,1,03-05-2025 14:42,85,CUST-1081,United Kingdom
INV-537338,PROD-006,Desk Mat,2,03-05-2025 14:43,15.5,CUST-1031,United Kingdom
INV-537339,PROD-004,27-inch Monitor,2,03-05-2025 16:18,249.99,CUST-1141,France
INV-537339,PROD-006,Desk Mat,1,03-05-2025 16:18,15.5,CUST-1141,France
INV-537340,PROD-007,Ergonomic Office Chair,3,03-05-2025 17:17,199,CUST-1036,Germany
INV-537340,PROD-006,Desk Mat,1,03-05-2025 17:17,15.5,CUST-1036,Germany
INV-537340,PROD-002,Mechanical Keyboard,3,03-05-2025 17:17,85,CUST-1036,Germany
INV-537340,PROD-005,Bluetooth Headphones,1,03-05-2025 17:17,59.99,CUST-1036,Germany
INV-537341,PROD-007,Ergonomic Office Chair,18,03-05-2025 17:35,199,CUST-1025,United Kingdom
INV-537341,PROD-006,Desk Mat,12,03-05-2025 17:35,15.5,CUST-1025,United Kingdom
INV-537342,PROD-005,Bluetooth Headphones,1,04-05-2025 09:07,59.99,CUST-1148,United Kingdom
INV-537343,PROD-004,27-inch Monitor,1,04-05-2025 09:25,249.99,CUST-1148,France
INV-537343,PROD-003,USB-C Hub,3,04-05-2025 09:25,35,CUST-1148,France
INV-537343,PROD-008,Laptop Stand,1,04-05-2025 09:25,29.99,CUST-1148,France
INV-537344,PROD-001,Wireless Mouse,2,04-05-2025 09:48,25,CUST-1072,Germany
INV-537344,PROD-008,Laptop Stand,1,04-05-2025 09:48,29.99,CUST-1072,Germany
INV-537344,PROD-004,27-inch Monitor,3,04-05-2025 09:48,249.99,CUST-1072,Germany
INV-537344,PROD-005,Bluetooth Headphones,3,04-05-2025 09:48,59.99,CUST-1072,Germany
INV-537345,PROD-004,27-inch Monitor,2,04-05-2025 10:55,249.99,CUST-1092,United Kingdom
INV-537345,PROD-001,Wireless Mouse,2,04-05-2025 10:55,25,CUST-1092,United Kingdom
INV-537345,PROD-005,Bluetooth Headphones,2,04-05-2025 10:55,59.99,CUST-1092,United Kingdom
INV-537346,PROD-008,Laptop Stand,2,04-05-2025 11:06,29.99,CUST-1081,France
INV-537347,PROD-006,Desk Mat,9,04-05-2025 12:23,15.5,CUST-1065,United Kingdom
INV-537347,PROD-005,Bluetooth Headphones,6,04-05-2025 12:23,59.99,CUST-1065,United Kingdom
INV-537348,PROD-004,27-inch Monitor,1,04-05-2025 13:28,249.99,CUST-1071,United Kingdom
INV-537349,PROD-003,USB-C Hub,1,04-05-2025 13:35,35,CUST-1139,United Kingdom
INV-537349,PROD-004,27-inch Monitor,2,04-05-2025 13:35,249.99,CUST-1139,United Kingdom
INV-537349,PROD-008,Laptop Stand,3,04-05-2025 13:35,29.99,CUST-1139,United Kingdom
INV-537350,PROD-002,Mechanical Keyboard,1,05-05-2025 09:58,85,CUST-1106,France
INV-537350,PROD-007,Ergonomic Office Chair,3,05-05-2025 09:58,199,CUST-1106,France
INV-537350,PROD-005,Bluetooth Headphones,2,05-05-2025 09:58,59.99,CUST-1106,France
INV-537350,PROD-008,Laptop Stand,3,05-05-2025 09:58,29.99,CUST-1106,France
INV-537351,PROD-002,Mechanical Keyboard,1,05-05-2025 10:26,85,CUST-1004,United Kingdom
INV-537352,PROD-005,Bluetooth Headphones,2,05-05-2025 11:10,59.99,CUST-1006,United Kingdom
INV-537353,PROD-005,Bluetooth Headphones,6,05-05-2025 11:24,59.99,CUST-1085,Germany
INV-537354,PROD-006,Desk Mat,2,05-05-2025 11:38,15.5,CUST-1182,Germany
INV-537354,PROD-005,Bluetooth Headphones,3,05-05-2025 11:38,59.99,CUST-1182,Germany
INV-537355,PROD-004,27-inch Monitor,2,05-05-2025 12:32,249.99,CUST-1092,United Kingdom
INV-537355,PROD-007,Ergonomic Office Chair,2,05-05-2025 12:32,199,CUST-1092,United Kingdom
INV-537355,PROD-005,Bluetooth Headphones,3,05-05-2025 12:32,59.99,CUST-1092,United Kingdom
INV-537355,PROD-002,Mechanical Keyboard,3,05-05-2025 12:32,85,CUST-1092,United Kingdom
INV-537356,PROD-005,Bluetooth Headphones,2,05-05-2025 13:46,59.99,CUST-1083,Germany
INV-537356,PROD-003,USB-C Hub,2,05-05-2025 13:46,35,CUST-1083,Germany
INV-537356,PROD-008,Laptop Stand,3,05-05-2025 13:46,29.99,CUST-1083,Germany
INV-537357,PROD-003,USB-C Hub,2,05-05-2025 15:40,35,CUST-1118,United Kingdom
INV-537358,PROD-004,27-inch Monitor,1,05-05-2025 15:50,249.99,CUST-1092,United Kingdom
INV-537358,PROD-008,Laptop Stand,1,05-05-2025 15:50,29.99,CUST-1092,United Kingdom
INV-537358,PROD-005,Bluetooth Headphones,1,05-05-2025 15:50,59.99,CUST-1092,United Kingdom
INV-537358,PROD-002,Mechanical Keyboard,1,05-05-2025 15:50,85,CUST-1092,United Kingdom
INV-537359,PROD-005,Bluetooth Headphones,2,06-05-2025 09:32,59.99,CUST-1149,United Kingdom
INV-537359,PROD-002,Mechanical Keyboard,2,06-05-2025 09:32,85,CUST-1149,United Kingdom
INV-537359,PROD-001,Wireless Mouse,2,06-05-2025 09:32,25,CUST-1149,United Kingdom
INV-537359,PROD-006,Desk Mat,2,06-05-2025 09:32,15.5,CUST-1149,United Kingdom
INV-537360,PROD-004,27-inch Monitor,3,06-05-2025 09:48,249.99,CUST-1188,France
INV-537360,PROD-006,Desk Mat,2,06-05-2025 09:48,15.5,CUST-1188,France
INV-537360,PROD-003,USB-C Hub,2,06-05-2025 09:48,35,CUST-1188,France
INV-537360,PROD-008,Laptop Stand,3,06-05-2025 09:48,29.99,CUST-1188,France
INV-537361,PROD-003,USB-C Hub,3,06-05-2025 10:24,35,CUST-1173,United Kingdom
INV-537361,PROD-004,27-inch Monitor,3,06-05-2025 10:24,249.99,CUST-1173,United Kingdom
INV-537361,PROD-006,Desk Mat,2,06-05-2025 10:24,15.5,CUST-1173,United Kingdom
INV-537361,PROD-005,Bluetooth Headphones,1,06-05-2025 10:24,59.99,CUST-1173,United Kingdom
INV-537362,PROD-003,USB-C Hub,3,06-05-2025 10:24,35,CUST-1043,United Kingdom
INV-537362,PROD-006,Desk Mat,3,06-05-2025 10:24,15.5,CUST-1043,United Kingdom
INV-537362,PROD-008,Laptop Stand,1,06-05-2025 10:24,29.99,CUST-1043,United Kingdom
INV-537362,PROD-004,27-inch Monitor,3,06-05-2025 10:24,249.99,CUST-1043,United Kingdom
INV-537363,PROD-006,Desk Mat,1,06-05-2025 10:52,15.5,CUST-1129,Germany
INV-537364,PROD-003,USB-C Hub,3,06-05-2025 11:40,35,CUST-1022,United Kingdom
INV-537364,PROD-007,Ergonomic Office Chair,2,06-05-2025 11:40,199,CUST-1022,United Kingdom
INV-537365,PROD-006,Desk Mat,1,06-05-2025 12:16,15.5,CUST-1059,France
INV-537365,PROD-007,Ergonomic Office Chair,2,06-05-2025 12:16,199,CUST-1059,France
INV-537365,PROD-002,Mechanical Keyboard,1,06-05-2025 12:16,85,CUST-1059,France
INV-537365,PROD-008,Laptop Stand,3,06-05-2025 12:16,29.99,CUST-1059,France
INV-537366,PROD-003,USB-C Hub,3,06-05-2025 12:27,35,CUST-1141,France
INV-537367,PROD-003,USB-C Hub,1,06-05-2025 12:38,35,CUST-1023,United Kingdom
INV-537367,PROD-007,Ergonomic Office Chair,3,06-05-2025 12:38,199,CUST-1023,United Kingdom
INV-537367,PROD-002,Mechanical Keyboard,3,06-05-2025 12:38,85,CUST-1023,United Kingdom
INV-537368,PROD-002,Mechanical Keyboard,3,06-05-2025 13:34,85,CUST-1148,France
INV-537369,PROD-008,Laptop Stand,2,06-05-2025 13:42,29.99,CUST-1176,United Kingdom
INV-537370,PROD-004,27-inch Monitor,1,06-05-2025 14:47,249.99,CUST-1096,United Kingdom
INV-537370,PROD-005,Bluetooth Headphones,3,06-05-2025 14:47,59.99,CUST-1096,United Kingdom
INV-537370,PROD-002,Mechanical Keyboard,1,06-05-2025 14:47,85,CUST-1096,United Kingdom
INV-537370,PROD-008,Laptop Stand,3,06-05-2025 14:47,29.99,CUST-1096,United Kingdom
INV-537371,PROD-007,Ergonomic Office Chair,3,06-05-2025 15:15,199,CUST-1048,France
INV-537372,PROD-007,Ergonomic Office Chair,2,06-05-2025 15:23,199,CUST-1057,United Kingdom
INV-537372,PROD-004,27-inch Monitor,2,06-05-2025 15:23,249.99,CUST-1057,United Kingdom
INV-537372,PROD-006,Desk Mat,3,06-05-2025 15:23,15.5,CUST-1057,United Kingdom
INV-537372,PROD-008,Laptop Stand,1,06-05-2025 15:23,29.99,CUST-1057,United Kingdom
INV-537373,PROD-001,Wireless Mouse,3,06-05-2025 15:28,25,CUST-1057,United Kingdom
INV-537373,PROD-008,Laptop Stand,3,06-05-2025 15:28,29.99,CUST-1057,United Kingdom
INV-537373,PROD-006,Desk Mat,1,06-05-2025 15:28,15.5,CUST-1057,United Kingdom
INV-537373,PROD-007,Ergonomic Office Chair,1,06-05-2025 15:28,199,CUST-1057,United Kingdom
INV-537374,PROD-001,Wireless Mouse,2,06-05-2025 16:45,25,CUST-1149,Germany
INV-537374,PROD-008,Laptop Stand,2,06-05-2025 16:45,29.99,CUST-1149,Germany
INV-537374,PROD-003,USB-C Hub,2,06-05-2025 16:45,35,CUST-1149,Germany
INV-537375,PROD-002,Mechanical Keyboard,1,06-05-2025 17:16,85,CUST-1086,France
INV-537375,PROD-001,Wireless Mouse,1,06-05-2025 17:16,25,CUST-1086,France
INV-537375,PROD-003,USB-C Hub,1,06-05-2025 17:16,35,CUST-1086,France
INV-537375,PROD-008,Laptop Stand,1,06-05-2025 17:16,29.99,CUST-1086,France
INV-537376,PROD-004,27-inch Monitor,1,06-05-2025 17:16,249.99,CUST-1072,United Kingdom
INV-537376,PROD-001,Wireless Mouse,3,06-05-2025 17:16,25,CUST-1072,United Kingdom
INV-537377,PROD-007,Ergonomic Office Chair,1,07-05-2025 11:35,199,CUST-1038,United Kingdom
INV-537377,PROD-006,Desk Mat,1,07-05-2025 11:35,15.5,CUST-1038,United Kingdom
INV-537377,PROD-003,USB-C Hub,3,07-05-2025 11:35,35,CUST-1038,United Kingdom
INV-537378,PROD-003,USB-C Hub,3,07-05-2025 13:06,35,CUST-1002,United Kingdom
INV-537378,PROD-001,Wireless Mouse,2,07-05-2025 13:06,25,CUST-1002,United Kingdom
INV-537378,PROD-006,Desk Mat,1,07-05-2025 13:06,15.5,CUST-1002,United Kingdom
INV-537379,PROD-007,Ergonomic Office Chair,3,07-05-2025 14:44,199,CUST-1153,Germany
INV-537379,PROD-005,Bluetooth Headphones,2,07-05-2025 14:44,59.99,CUST-1153,Germany
INV-537380,PROD-004,27-inch Monitor,1,07-05-2025 17:24,249.99,CUST-1094,United Kingdom
INV-537381,PROD-007,Ergonomic Office Chair,6,07-05-2025 17:27,199,CUST-1085,Germany
INV-537381,PROD-005,Bluetooth Headphones,12,07-05-2025 17:27,59.99,CUST-1085,Germany
INV-537381,PROD-002,Mechanical Keyboard,6,07-05-2025 17:27,85,CUST-1085,Germany
INV-537381,PROD-008,Laptop Stand,6,07-05-2025 17:27,29.99,CUST-1085,Germany
INV-537382,PROD-003,USB-C Hub,1,08-05-2025 09:42,35,CUST-1122,United Kingdom
INV-537382,PROD-002,Mechanical Keyboard,2,08-05-2025 09:42,85,CUST-1122,United Kingdom
INV-537383,PROD-008,Laptop Stand,1,08-05-2025 10:24,29.99,CUST-1067,United Kingdom
INV-537383,PROD-005,Bluetooth Headphones,1,08-05-2025 10:24,59.99,CUST-1067,United Kingdom
INV-537383,PROD-001,Wireless Mouse,2,08-05-2025 10:24,25,CUST-1067,United Kingdom
INV-537384,PROD-006,Desk Mat,3,08-05-2025 11:42,15.5,CUST-1166,United Kingdom
INV-537384,PROD-007,Ergonomic Office Chair,2,08-05-2025 11:42,199,CUST-1166,United Kingdom
INV-537384,PROD-002,Mechanical Keyboard,2,08-05-2025 11:42,85,CUST-1166,United Kingdom
INV-537385,PROD-006,Desk Mat,2,08-05-2025 12:23,15.5,CUST-1198,United Kingdom
INV-537385,PROD-005,Bluetooth Headphones,2,08-05-2025 12:23,59.99,CUST-1198,United Kingdom
INV-537386,PROD-008,Laptop Stand,1,08-05-2025 13:55,29.99,CUST-1008,United Kingdom
INV-537386,PROD-002,Mechanical Keyboard,2,08-05-2025 13:55,85,CUST-1008,United Kingdom
INV-537386,PROD-006,Desk Mat,2,08-05-2025 13:55,15.5,CUST-1008,United Kingdom
INV-537387,PROD-007,Ergonomic Office Chair,9,08-05-2025 14:46,199,CUST-1190,France
INV-537388,PROD-006,Desk Mat,3,08-05-2025 15:17,15.5,CUST-1168,United Kingdom
INV-537388,PROD-007,Ergonomic Office Chair,1,08-05-2025 15:17,199,CUST-1168,United Kingdom
INV-537389,PROD-007,Ergonomic Office Chair,2,08-05-2025 16:34,199,CUST-1168,Germany
INV-537389,PROD-006,Desk Mat,1,08-05-2025 16:34,15.5,CUST-1168,Germany
INV-537389,PROD-001,Wireless Mouse,1,08-05-2025 16:34,25,CUST-1168,Germany
INV-537390,PROD-001,Wireless Mouse,2,09-05-2025 10:11,25,CUST-1094,France
INV-537390,PROD-004,27-inch Monitor,3,09-05-2025 10:11,249.99,CUST-1094,France
INV-537391,PROD-003,USB-C Hub,1,09-05-2025 10:59,35,CUST-1169,France
INV-537391,PROD-005,Bluetooth Headphones,1,09-05-2025 10:59,59.99,CUST-1169,France
INV-537392,PROD-004,27-inch Monitor,1,09-05-2025 11:32,249.99,CUST-1073,United Kingdom
INV-537392,PROD-006,Desk Mat,3,09-05-2025 11:32,15.5,CUST-1073,United Kingdom
INV-537392,PROD-008,Laptop Stand,1,09-05-2025 11:32,29.99,CUST-1073,United Kingdom
INV-537393,PROD-004,27-inch Monitor,1,09-05-2025 13:47,249.99,CUST-1099,Germany
INV-537394,PROD-007,Ergonomic Office Chair,3,09-05-2025 14:46,199,CUST-1084,France
INV-537394,PROD-003,USB-C Hub,2,09-05-2025 14:46,35,CUST-1084,France
INV-537394,PROD-006,Desk Mat,2,09-05-2025 14:46,15.5,CUST-1084,France
INV-537395,PROD-003,USB-C Hub,3,09-05-2025 15:09,35,CUST-1117,United Kingdom
INV-537396,PROD-006,Desk Mat,1,09-05-2025 15:20,15.5,CUST-1088,Germany
INV-537396,PROD-005,Bluetooth Headphones,1,09-05-2025 15:20,59.99,CUST-1088,Germany
INV-537397,PROD-005,Bluetooth Headphones,1,09-05-2025 16:23,59.99,CUST-1088,United Kingdom
INV-537398,PROD-001,Wireless Mouse,3,09-05-2025 16:56,25,CUST-1163,Germany
INV-537398,PROD-005,Bluetooth Headphones,1,09-05-2025 16:56,59.99,CUST-1163,Germany
INV-537398,PROD-004,27-inch Monitor,3,09-05-2025 16:56,249.99,CUST-1163,Germany
INV-537398,PROD-002,Mechanical Keyboard,3,09-05-2025 16:56,85,CUST-1163,Germany
INV-537399,PROD-004,27-inch Monitor,2,09-05-2025 17:28,249.99,CUST-1034,United Kingdom
INV-537399,PROD-002,Mechanical Keyboard,2,09-05-2025 17:28,85,CUST-1034,United Kingdom
INV-537399,PROD-006,Desk Mat,3,09-05-2025 17:28,15.5,CUST-1034,United Kingdom
INV-537399,PROD-005,Bluetooth Headphones,3,09-05-2025 17:28,59.99,CUST-1034,United Kingdom
INV-537400,PROD-007,Ergonomic Office Chair,2,10-05-2025 09:05,199,CUST-1176,United Kingdom
INV-537400,PROD-004,27-inch Monitor,1,10-05-2025 09:05,249.99,CUST-1176,United Kingdom
INV-537400,PROD-006,Desk Mat,2,10-05-2025 09:05,15.5,CUST-1176,United Kingdom
INV-537400,PROD-005,Bluetooth Headphones,3,10-05-2025 09:05,59.99,CUST-1176,United Kingdom
INV-537401,PROD-005,Bluetooth Headphones,3,10-05-2025 10:12,59.99,CUST-1047,France
INV-537401,PROD-004,27-inch Monitor,3,10-05-2025 10:12,249.99,CUST-1047,France
INV-537401,PROD-008,Laptop Stand,3,10-05-2025 10:12,29.99,CUST-1047,France
INV-537401,PROD-007,Ergonomic Office Chair,1,10-05-2025 10:12,199,CUST-1047,France
INV-537402,PROD-006,Desk Mat,2,10-05-2025 10:30,15.5,CUST-1089,United Kingdom
INV-537402,PROD-003,USB-C Hub,2,10-05-2025 10:30,35,CUST-1089,United Kingdom
INV-537402,PROD-008,Laptop Stand,2,10-05-2025 10:30,29.99,CUST-1089,United Kingdom
INV-537402,PROD-002,Mechanical Keyboard,3,10-05-2025 10:30,85,CUST-1089,United Kingdom
INV-537403,PROD-004,27-inch Monitor,4,10-05-2025 12:20,249.99,CUST-1080,United Kingdom
INV-537403,PROD-005,Bluetooth Headphones,12,10-05-2025 12:20,59.99,CUST-1080,United Kingdom
INV-537404,PROD-007,Ergonomic Office Chair,2,10-05-2025 12:49,199,CUST-1186,France
INV-537404,PROD-006,Desk Mat,3,10-05-2025 12:49,15.5,CUST-1186,France
INV-537404,PROD-005,Bluetooth Headphones,3,10-05-2025 12:49,59.99,CUST-1186,France
INV-537405,PROD-008,Laptop Stand,1,10-05-2025 13:44,29.99,CUST-1041,United Kingdom
INV-537405,PROD-004,27-inch Monitor,3,10-05-2025 13:44,249.99,CUST-1041,United Kingdom
INV-537406,PROD-001,Wireless Mouse,3,10-05-2025 15:05,25,CUST-1084,United Kingdom
INV-537406,PROD-007,Ergonomic Office Chair,1,10-05-2025 15:05,199,CUST-1084,United Kingdom
INV-537407,PROD-005,Bluetooth Headphones,15,11-05-2025 09:03,59.99,CUST-1025,United Kingdom
INV-537408,PROD-004,27-inch Monitor,3,11-05-2025 09:57,249.99,CUST-1197,Germany
INV-537409,PROD-005,Bluetooth Headphones,1,11-05-2025 11:36,59.99,CUST-1001,United Kingdom
INV-537409,PROD-003,USB-C Hub,2,11-05-2025 11:36,35,CUST-1001,United Kingdom
INV-537409,PROD-004,27-inch Monitor,2,11-05-2025 11:36,249.99,CUST-1001,United Kingdom
INV-537410,PROD-007,Ergonomic Office Chair,2,11-05-2025 13:19,199,CUST-1169,Germany
INV-537410,PROD-008,Laptop Stand,3,11-05-2025 13:19,29.99,CUST-1169,Germany
INV-537410,PROD-002,Mechanical Keyboard,2,11-05-2025 13:19,85,CUST-1169,Germany
INV-537411,PROD-005,Bluetooth Headphones,3,11-05-2025 13:50,59.99,CUST-1064,France
INV-537412,PROD-004,27-inch Monitor,3,11-05-2025 14:19,249.99,CUST-1189,United Kingdom
INV-537412,PROD-001,Wireless Mouse,3,11-05-2025 14:19,25,CUST-1189,United Kingdom
INV-537413,PROD-005,Bluetooth Headphones,2,11-05-2025 14:33,59.99,CUST-1156,France
INV-537413,PROD-008,Laptop Stand,3,11-05-2025 14:33,29.99,CUST-1156,France
INV-537413,PROD-007,Ergonomic Office Chair,1,11-05-2025 14:33,199,CUST-1156,France
INV-537413,PROD-006,Desk Mat,2,11-05-2025 14:33,15.5,CUST-1156,France
INV-537414,PROD-008,Laptop Stand,3,11-05-2025 16:25,29.99,CUST-1166,France
INV-537414,PROD-004,27-inch Monitor,1,11-05-2025 16:25,249.99,CUST-1166,France
INV-537414,PROD-007,Ergonomic Office Chair,1,11-05-2025 16:25,199,CUST-1166,France
INV-537415,PROD-008,Laptop Stand,3,11-05-2025 17:49,29.99,CUST-1188,Germany
INV-537415,PROD-003,USB-C Hub,2,11-05-2025 17:49,35,CUST-1188,Germany
INV-537415,PROD-004,27-inch Monitor,3,11-05-2025 17:49,249.99,CUST-1188,Germany
INV-537415,PROD-006,Desk Mat,2,11-05-2025 17:49,15.5,CUST-1188,Germany
INV-537416,PROD-005,Bluetooth Headphones,1,12-05-2025 09:07,59.99,CUST-1063,France
INV-537416,PROD-002,Mechanical Keyboard,3,12-05-2025 09:07,85,CUST-1063,France
INV-537416,PROD-006,Desk Mat,1,12-05-2025 09:07,15.5,CUST-1063,France
INV-537417,PROD-004,27-inch Monitor,6,12-05-2025 10:04,249.99,CUST-1125,United Kingdom
INV-537417,PROD-005,Bluetooth Headphones,3,12-05-2025 10:04,59.99,CUST-1125,United Kingdom
INV-537418,PROD-001,Wireless Mouse,2,12-05-2025 10:04,25,CUST-1121,United Kingdom
INV-537418,PROD-002,Mechanical Keyboard,1,12-05-2025 10:04,85,CUST-1121,United Kingdom
INV-537419,PROD-001,Wireless Mouse,1,12-05-2025 11:09,25,CUST-1074,United Kingdom
INV-537419,PROD-003,USB-C Hub,1,12-05-2025 11:09,35,CUST-1074,United Kingdom
INV-537419,PROD-002,Mechanical Keyboard,3,12-05-2025 11:09,85,CUST-1074,United Kingdom
INV-537420,PROD-002,Mechanical Keyboard,21,12-05-2025 12:05,85,CUST-1045,Germany
INV-537420,PROD-004,27-inch Monitor,21,12-05-2025 12:05,249.99,CUST-1045,Germany
INV-537420,PROD-006,Desk Mat,21,12-05-2025 12:05,15.5,CUST-1045,Germany
INV-537421,PROD-002,Mechanical Keyboard,1,12-05-2025 12:49,85,CUST-1127,France
INV-537421,PROD-003,USB-C Hub,3,12-05-2025 12:49,35,CUST-1127,France
INV-537421,PROD-001,Wireless Mouse,3,12-05-2025 12:49,25,CUST-1127,France
INV-537421,PROD-008,Laptop Stand,2,12-05-2025 12:49,29.99,CUST-1127,France
INV-537422,PROD-003,USB-C Hub,1,12-05-2025 12:53,35,CUST-1129,United Kingdom
INV-537422,PROD-005,Bluetooth Headphones,2,12-05-2025 12:53,59.99,CUST-1129,United Kingdom
INV-537422,PROD-006,Desk Mat,2,12-05-2025 12:53,15.5,CUST-1129,United Kingdom
INV-537423,PROD-006,Desk Mat,1,12-05-2025 15:06,15.5,CUST-1179,Germany
INV-537423,PROD-008,Laptop Stand,1,12-05-2025 15:06,29.99,CUST-1179,Germany
INV-537423,PROD-005,Bluetooth Headphones,2,12-05-2025 15:06,59.99,CUST-1179,Germany
INV-537424,PROD-008,Laptop Stand,1,12-05-2025 17:12,29.99,CUST-1037,United Kingdom
INV-537424,PROD-006,Desk Mat,2,12-05-2025 17:12,15.5,CUST-1037,United Kingdom
INV-537424,PROD-005,Bluetooth Headphones,2,12-05-2025 17:12,59.99,CUST-1037,United Kingdom
INV-537425,PROD-001,Wireless Mouse,2,12-05-2025 17:29,25,CUST-1077,United Kingdom
INV-537425,PROD-008,Laptop Stand,2,12-05-2025 17:29,29.99,CUST-1077,United Kingdom
INV-537425,PROD-004,27-inch Monitor,3,12-05-2025 17:29,249.99,CUST-1077,United Kingdom
INV-537426,PROD-005,Bluetooth Headphones,1,13-05-2025 09:27,59.99,CUST-1001,France
INV-537426,PROD-003,USB-C Hub,1,13-05-2025 09:27,35,CUST-1001,France
INV-537427,PROD-006,Desk Mat,1,13-05-2025 10:41,15.5,CUST-1106,Germany
INV-537427,PROD-002,Mechanical Keyboard,1,13-05-2025 10:41,85,CUST-1106,Germany
INV-537427,PROD-005,Bluetooth Headphones,1,13-05-2025 10:41,59.99,CUST-1106,Germany
INV-537428,PROD-002,Mechanical Keyboard,3,13-05-2025 11:10,85,CUST-1116,United Kingdom
INV-537428,PROD-008,Laptop Stand,2,13-05-2025 11:10,29.99,CUST-1116,United Kingdom
INV-537429,PROD-003,USB-C Hub,2,13-05-2025 12:09,35,CUST-1081,United Kingdom
INV-537429,PROD-002,Mechanical Keyboard,2,13-05-2025 12:09,85,CUST-1081,United Kingdom
INV-537429,PROD-004,27-inch Monitor,3,13-05-2025 12:09,249.99,CUST-1081,United Kingdom
INV-537429,PROD-001,Wireless Mouse,2,13-05-2025 12:09,25,CUST-1081,United Kingdom
INV-537430,PROD-007,Ergonomic Office Chair,12,13-05-2025 13:13,199,CUST-1040,Germany
INV-537430,PROD-006,Desk Mat,12,13-05-2025 13:13,15.5,CUST-1040,Germany
INV-537430,PROD-005,Bluetooth Headphones,6,13-05-2025 13:13,59.99,CUST-1040,Germany
INV-537430,PROD-002,Mechanical Keyboard,6,13-05-2025 13:13,85,CUST-1040,Germany
INV-537431,PROD-005,Bluetooth Headphones,3,13-05-2025 15:01,59.99,CUST-1086,United Kingdom
INV-537432,PROD-008,Laptop Stand,3,13-05-2025 15:24,29.99,CUST-1087,France
INV-537432,PROD-006,Desk Mat,2,13-05-2025 15:24,15.5,CUST-1087,France
INV-537432,PROD-002,Mechanical Keyboard,1,13-05-2025 15:24,85,CUST-1087,France
INV-537432,PROD-003,USB-C Hub,3,13-05-2025 15:24,35,CUST-1087,France
INV-537433,PROD-004,27-inch Monitor,21,13-05-2025 17:28,249.99,CUST-1035,United Kingdom
INV-537433,PROD-008,Laptop Stand,7,13-05-2025 17:28,29.99,CUST-1035,United Kingdom
INV-537433,PROD-002,Mechanical Keyboard,7,13-05-2025 17:28,85,CUST-1035,United Kingdom
INV-537433,PROD-003,USB-C Hub,7,13-05-2025 17:28,35,CUST-1035,United Kingdom
INV-537434,PROD-004,27-inch Monitor,3,13-05-2025 17:39,249.99,CUST-1014,United Kingdom
INV-537434,PROD-007,Ergonomic Office Chair,2,13-05-2025 17:39,199,CUST-1014,United Kingdom
INV-537434,PROD-005,Bluetooth Headphones,2,13-05-2025 17:39,59.99,CUST-1014,United Kingdom
INV-537434,PROD-006,Desk Mat,3,13-05-2025 17:39,15.5,CUST-1014,United Kingdom
INV-537435,PROD-006,Desk Mat,6,14-05-2025 09:07,15.5,CUST-1185,United Kingdom
INV-537436,PROD-001,Wireless Mouse,2,14-05-2025 09:15,25,CUST-1127,United Kingdom
INV-537436,PROD-008,Laptop Stand,2,14-05-2025 09:15,29.99,CUST-1127,United Kingdom
INV-537436,PROD-002,Mechanical Keyboard,2,14-05-2025 09:15,85,CUST-1127,United Kingdom
INV-537437,PROD-003,USB-C Hub,3,14-05-2025 11:04,35,CUST-1052,United Kingdom
INV-537437,PROD-005,Bluetooth Headphones,1,14-05-2025 11:04,59.99,CUST-1052,United Kingdom
INV-537438,PROD-002,Mechanical Keyboard,2,14-05-2025 11:06,85,CUST-1198,United Kingdom
INV-537438,PROD-006,Desk Mat,2,14-05-2025 11:06,15.5,CUST-1198,United Kingdom
INV-537438,PROD-007,Ergonomic Office Chair,2,14-05-2025 11:06,199,CUST-1198,United Kingdom
INV-537439,PROD-003,USB-C Hub,1,14-05-2025 11:59,35,CUST-1009,Germany
INV-537439,PROD-006,Desk Mat,3,14-05-2025 11:59,15.5,CUST-1009,Germany
INV-537439,PROD-001,Wireless Mouse,2,14-05-2025 11:59,25,CUST-1009,Germany
INV-537439,PROD-005,Bluetooth Headphones,2,14-05-2025 11:59,59.99,CUST-1009,Germany
INV-537440,PROD-002,Mechanical Keyboard,2,14-05-2025 12:29,85,CUST-1062,United Kingdom
INV-537440,PROD-008,Laptop Stand,3,14-05-2025 12:29,29.99,CUST-1062,United Kingdom
INV-537441,PROD-001,Wireless Mouse,5,14-05-2025 13:20,25,CUST-1080,Germany
INV-537441,PROD-006,Desk Mat,10,14-05-2025 13:20,15.5,CUST-1080,Germany
INV-537442,PROD-004,27-inch Monitor,21,14-05-2025 15:50,249.99,CUST-1065,United Kingdom
INV-537442,PROD-003,USB-C Hub,7,14-05-2025 15:50,35,CUST-1065,United Kingdom
INV-537442,PROD-005,Bluetooth Headphones,7,14-05-2025 15:50,59.99,CUST-1065,United Kingdom
INV-537442,PROD-002,Mechanical Keyboard,7,14-05-2025 15:50,85,CUST-1065,United Kingdom
INV-537443,PROD-003,USB-C Hub,3,14-05-2025 17:52,35,CUST-1091,France
INV-537444,PROD-001,Wireless Mouse,3,14-05-2025 17:54,25,CUST-1172,United Kingdom
INV-537445,PROD-006,Desk Mat,1,15-05-2025 09:31,15.5,CUST-1081,United Kingdom
INV-537445,PROD-002,Mechanical Keyboard,3,15-05-2025 09:31,85,CUST-1081,United Kingdom
INV-537445,PROD-004,27-inch Monitor,3,15-05-2025 09:31,249.99,CUST-1081,United Kingdom
INV-537446,PROD-008,Laptop Stand,3,15-05-2025 10:07,29.99,CUST-1127,United Kingdom
INV-537446,PROD-001,Wireless Mouse,2,15-05-2025 10:07,25,CUST-1127,United Kingdom
INV-537446,PROD-003,USB-C Hub,3,15-05-2025 10:07,35,CUST-1127,United Kingdom
INV-537446,PROD-004,27-inch Monitor,3,15-05-2025 10:07,249.99,CUST-1127,United Kingdom
INV-537447,PROD-007,Ergonomic Office Chair,10,15-05-2025 10:47,199,CUST-1170,Germany
INV-537447,PROD-005,Bluetooth Headphones,15,15-05-2025 10:47,59.99,CUST-1170,Germany
INV-537448,PROD-002,Mechanical Keyboard,2,15-05-2025 11:16,85,CUST-1048,United Kingdom
INV-537449,PROD-001,Wireless Mouse,2,15-05-2025 13:24,25,CUST-1134,United Kingdom
INV-537450,PROD-004,27-inch Monitor,2,15-05-2025 13:52,249.99,CUST-1134,United Kingdom
INV-537451,PROD-003,USB-C Hub,12,15-05-2025 14:28,35,CUST-1080,United Kingdom
INV-537451,PROD-002,Mechanical Keyboard,8,15-05-2025 14:28,85,CUST-1080,United Kingdom
INV-537451,PROD-001,Wireless Mouse,8,15-05-2025 14:28,25,CUST-1080,United Kingdom
INV-537452,PROD-006,Desk Mat,2,15-05-2025 15:15,15.5,CUST-1067,United Kingdom
INV-537452,PROD-005,Bluetooth Headphones,1,15-05-2025 15:15,59.99,CUST-1067,United Kingdom
INV-537453,PROD-001,Wireless Mouse,3,15-05-2025 17:00,25,CUST-1087,United Kingdom
INV-537454,PROD-003,USB-C Hub,1,15-05-2025 17:30,35,CUST-1001,Germany
INV-537454,PROD-005,Bluetooth Headphones,1,15-05-2025 17:30,59.99,CUST-1001,Germany
INV-537454,PROD-007,Ergonomic Office Chair,3,15-05-2025 17:30,199,CUST-1001,Germany
INV-537454,PROD-004,27-inch Monitor,1,15-05-2025 17:30,249.99,CUST-1001,Germany
INV-537455,PROD-006,Desk Mat,1,16-05-2025 09:16,15.5,CUST-1077,Germany
INV-537456,PROD-005,Bluetooth Headphones,2,16-05-2025 11:57,59.99,CUST-1083,United Kingdom
INV-537456,PROD-003,USB-C Hub,3,16-05-2025 11:57,35,CUST-1083,United Kingdom
INV-537456,PROD-004,27-inch Monitor,2,16-05-2025 11:57,249.99,CUST-1083,United Kingdom
INV-537456,PROD-001,Wireless Mouse,2,16-05-2025 11:57,25,CUST-1083,United Kingdom
INV-537457,PROD-006,Desk Mat,6,16-05-2025 12:02,15.5,CUST-1145,France
INV-537457,PROD-001,Wireless Mouse,18,16-05-2025 12:02,25,CUST-1145,France
INV-537458,PROD-008,Laptop Stand,10,16-05-2025 12:26,29.99,CUST-1180,Germany
INV-537458,PROD-004,27-inch Monitor,15,16-05-2025 12:26,249.99,CUST-1180,Germany
INV-537458,PROD-007,Ergonomic Office Chair,10,16-05-2025 12:26,199,CUST-1180,Germany
INV-537458,PROD-002,Mechanical Keyboard,5,16-05-2025 12:26,85,CUST-1180,Germany
INV-537459,PROD-003,USB-C Hub,2,16-05-2025 13:59,35,CUST-1141,United Kingdom
INV-537460,PROD-007,Ergonomic Office Chair,1,16-05-2025 14:44,199,CUST-1024,France
INV-537461,PROD-001,Wireless Mouse,1,16-05-2025 17:57,25,CUST-1164,United Kingdom
INV-537462,PROD-002,Mechanical Keyboard,2,17-05-2025 09:28,85,CUST-1071,Germany
INV-537462,PROD-003,USB-C Hub,2,17-05-2025 09:28,35,CUST-1071,Germany
INV-537462,PROD-004,27-inch Monitor,2,17-05-2025 09:28,249.99,CUST-1071,Germany
INV-537463,PROD-001,Wireless Mouse,1,17-05-2025 09:32,25,CUST-1106,Germany
INV-537463,PROD-005,Bluetooth Headphones,1,17-05-2025 09:32,59.99,CUST-1106,Germany
INV-537463,PROD-006,Desk Mat,2,17-05-2025 09:32,15.5,CUST-1106,Germany
INV-537464,PROD-002,Mechanical Keyboard,12,17-05-2025 10:11,85,CUST-1120,United Kingdom
INV-537465,PROD-003,USB-C Hub,5,17-05-2025 10:15,35,CUST-1075,France
INV-537465,PROD-005,Bluetooth Headphones,10,17-05-2025 10:15,59.99,CUST-1075,France
INV-537465,PROD-002,Mechanical Keyboard,10,17-05-2025 10:15,85,CUST-1075,France
INV-537465,PROD-001,Wireless Mouse,15,17-05-2025 10:15,25,CUST-1075,France
INV-537466,PROD-004,27-inch Monitor,3,17-05-2025 10:41,249.99,CUST-1189,Germany
INV-537466,PROD-008,Laptop Stand,3,17-05-2025 10:41,29.99,CUST-1189,Germany
INV-537467,PROD-004,27-inch Monitor,2,17-05-2025 11:47,249.99,CUST-1007,United Kingdom
INV-537467,PROD-005,Bluetooth Headphones,1,17-05-2025 11:47,59.99,CUST-1007,United Kingdom
INV-537467,PROD-003,USB-C Hub,1,17-05-2025 11:47,35,CUST-1007,United Kingdom
INV-537468,PROD-008,Laptop Stand,1,17-05-2025 12:40,29.99,CUST-1076,Germany
INV-537468,PROD-001,Wireless Mouse,3,17-05-2025 12:40,25,CUST-1076,Germany
INV-537468,PROD-005,Bluetooth Headphones,2,17-05-2025 12:40,59.99,CUST-1076,Germany
INV-537468,PROD-004,27-inch Monitor,2,17-05-2025 12:40,249.99,CUST-1076,Germany
INV-537469,PROD-004,27-inch Monitor,3,17-05-2025 12:55,249.99,CUST-1077,United Kingdom
INV-537470,PROD-001,Wireless Mouse,1,17-05-2025 14:50,25,CUST-1061,France
INV-537470,PROD-004,27-inch Monitor,2,17-05-2025 14:50,249.99,CUST-1061,France
INV-537470,PROD-002,Mechanical Keyboard,3,17-05-2025 14:50,85,CUST-1061,France
INV-537471,PROD-005,Bluetooth Headphones,2,17-05-2025 15:15,59.99,CUST-1032,United Kingdom
INV-537471,PROD-008,Laptop Stand,1,17-05-2025 15:15,29.99,CUST-1032,United Kingdom
INV-537471,PROD-001,Wireless Mouse,3,17-05-2025 15:15,25,CUST-1032,United Kingdom
INV-537471,PROD-003,USB-C Hub,2,17-05-2025 15:15,35,CUST-1032,United Kingdom
INV-537472,PROD-003,USB-C Hub,2,17-05-2025 16:07,35,CUST-1162,Germany
INV-537472,PROD-008,Laptop Stand,1,17-05-2025 16:07,29.99,CUST-1162,Germany
INV-537473,PROD-005,Bluetooth Headphones,6,17-05-2025 16:11,59.99,CUST-1155,France
INV-537473,PROD-003,USB-C Hub,9,17-05-2025 16:11,35,CUST-1155,France
INV-537473,PROD-001,Wireless Mouse,6,17-05-2025 16:11,25,CUST-1155,France
INV-537473,PROD-002,Mechanical Keyboard,6,17-05-2025 16:11,85,CUST-1155,France
INV-537474,PROD-006,Desk Mat,2,18-05-2025 10:01,15.5,CUST-1187,Germany
INV-537474,PROD-002,Mechanical Keyboard,3,18-05-2025 10:01,85,CUST-1187,Germany
INV-537475,PROD-004,27-inch Monitor,3,18-05-2025 10:12,249.99,CUST-1005,United Kingdom
INV-537475,PROD-007,Ergonomic Office Chair,6,18-05-2025 10:12,199,CUST-1005,United Kingdom
INV-537475,PROD-006,Desk Mat,9,18-05-2025 10:12,15.5,CUST-1005,United Kingdom
INV-537475,PROD-008,Laptop Stand,3,18-05-2025 10:12,29.99,CUST-1005,United Kingdom
INV-537476,PROD-008,Laptop Stand,21,18-05-2025 11:24,29.99,CUST-1100,United Kingdom
INV-537477,PROD-005,Bluetooth Headphones,1,18-05-2025 11:50,59.99,CUST-1059,United Kingdom
INV-537477,PROD-008,Laptop Stand,2,18-05-2025 11:50,29.99,CUST-1059,United Kingdom
INV-537478,PROD-008,Laptop Stand,1,18-05-2025 12:08,29.99,CUST-1083,France
INV-537478,PROD-002,Mechanical Keyboard,2,18-05-2025 12:08,85,CUST-1083,France
INV-537478,PROD-007,Ergonomic Office Chair,3,18-05-2025 12:08,199,CUST-1083,France
INV-537479,PROD-001,Wireless Mouse,1,19-05-2025 09:00,25,CUST-1092,France
INV-537479,PROD-003,USB-C Hub,3,19-05-2025 09:00,35,CUST-1092,France
INV-537479,PROD-006,Desk Mat,1,19-05-2025 09:00,15.5,CUST-1092,France
INV-537479,PROD-005,Bluetooth Headphones,1,19-05-2025 09:00,59.99,CUST-1092,France
INV-537480,PROD-003,USB-C Hub,1,19-05-2025 09:31,35,CUST-1106,Germany
INV-537480,PROD-005,Bluetooth Headphones,2,19-05-2025 09:31,59.99,CUST-1106,Germany
INV-537480,PROD-002,Mechanical Keyboard,2,19-05-2025 09:31,85,CUST-1106,Germany
INV-537480,PROD-004,27-inch Monitor,2,19-05-2025 09:31,249.99,CUST-1106,Germany
INV-537481,PROD-001,Wireless Mouse,3,19-05-2025 10:54,25,CUST-1087,Germany
INV-537481,PROD-006,Desk Mat,1,19-05-2025 10:54,15.5,CUST-1087,Germany
INV-537481,PROD-005,Bluetooth Headphones,2,19-05-2025 10:54,59.99,CUST-1087,Germany
INV-537482,PROD-007,Ergonomic Office Chair,2,19-05-2025 10:57,199,CUST-1177,United Kingdom
INV-537482,PROD-002,Mechanical Keyboard,2,19-05-2025 10:57,85,CUST-1177,United Kingdom
INV-537482,PROD-003,USB-C Hub,1,19-05-2025 10:57,35,CUST-1177,United Kingdom
INV-537483,PROD-007,Ergonomic Office Chair,2,19-05-2025 11:58,199,CUST-1142,United Kingdom
INV-537483,PROD-003,USB-C Hub,2,19-05-2025 11:58,35,CUST-1142,United Kingdom
INV-537483,PROD-004,27-inch Monitor,2,19-05-2025 11:58,249.99,CUST-1142,United Kingdom
INV-537484,PROD-004,27-inch Monitor,3,19-05-2025 12:12,249.99,CUST-1126,United Kingdom
INV-537484,PROD-002,Mechanical Keyboard,2,19-05-2025 12:12,85,CUST-1126,United Kingdom
INV-537484,PROD-006,Desk Mat,1,19-05-2025 12:12,15.5,CUST-1126,United Kingdom
INV-537484,PROD-008,Laptop Stand,2,19-05-2025 12:12,29.99,CUST-1126,United Kingdom
INV-537485,PROD-008,Laptop Stand,1,19-05-2025 13:17,29.99,CUST-1136,United Kingdom
INV-537486,PROD-005,Bluetooth Headphones,15,19-05-2025 13:45,59.99,CUST-1015,United Kingdom
INV-537487,PROD-004,27-inch Monitor,2,19-05-2025 14:41,249.99,CUST-1162,United Kingdom
INV-537487,PROD-002,Mechanical Keyboard,2,19-05-2025 14:41,85,CUST-1162,United Kingdom
INV-537488,PROD-007,Ergonomic Office Chair,8,19-05-2025 15:42,199,CUST-1190,United Kingdom
INV-537488,PROD-004,27-inch Monitor,8,19-05-2025 15:42,249.99,CUST-1190,United Kingdom
INV-537488,PROD-002,Mechanical Keyboard,4,19-05-2025 15:42,85,CUST-1190,United Kingdom
INV-537488,PROD-006,Desk Mat,12,19-05-2025 15:42,15.5,CUST-1190,United Kingdom
INV-537489,PROD-002,Mechanical Keyboard,1,19-05-2025 17:03,85,CUST-1068,Germany
INV-537489,PROD-007,Ergonomic Office Chair,2,19-05-2025 17:03,199,CUST-1068,Germany
INV-537489,PROD-001,Wireless Mouse,2,19-05-2025 17:03,25,CUST-1068,Germany
INV-537490,PROD-007,Ergonomic Office Chair,3,19-05-2025 17:48,199,CUST-1113,United Kingdom
INV-537490,PROD-004,27-inch Monitor,1,19-05-2025 17:48,249.99,CUST-1113,United Kingdom
INV-537490,PROD-003,USB-C Hub,2,19-05-2025 17:48,35,CUST-1113,United Kingdom
INV-537490,PROD-008,Laptop Stand,2,19-05-2025 17:48,29.99,CUST-1113,United Kingdom
INV-537491,PROD-003,USB-C Hub,2,20-05-2025 11:09,35,CUST-1058,Germany
INV-537491,PROD-002,Mechanical Keyboard,1,20-05-2025 11:09,85,CUST-1058,Germany
INV-537492,PROD-006,Desk Mat,2,20-05-2025 11:13,15.5,CUST-1167,United Kingdom
INV-537492,PROD-005,Bluetooth Headphones,1,20-05-2025 11:13,59.99,CUST-1167,United Kingdom
INV-537492,PROD-004,27-inch Monitor,3,20-05-2025 11:13,249.99,CUST-1167,United Kingdom
INV-537493,PROD-008,Laptop Stand,3,20-05-2025 14:19,29.99,CUST-1071,United Kingdom
INV-537493,PROD-007,Ergonomic Office Chair,3,20-05-2025 14:19,199,CUST-1071,United Kingdom
INV-537493,PROD-002,Mechanical Keyboard,2,20-05-2025 14:19,85,CUST-1071,United Kingdom
INV-537494,PROD-006,Desk Mat,1,20-05-2025 15:03,15.5,CUST-1084,United Kingdom
INV-537495,PROD-004,27-inch Monitor,2,20-05-2025 17:01,249.99,CUST-1127,United Kingdom
INV-537495,PROD-008,Laptop Stand,1,20-05-2025 17:01,29.99,CUST-1127,United Kingdom
INV-537495,PROD-006,Desk Mat,3,20-05-2025 17:01,15.5,CUST-1127,United Kingdom
INV-537495,PROD-007,Ergonomic Office Chair,1,20-05-2025 17:01,199,CUST-1127,United Kingdom
INV-537496,PROD-001,Wireless Mouse,1,21-05-2025 09:16,25,CUST-1012,Germany
INV-537496,PROD-007,Ergonomic Office Chair,2,21-05-2025 09:16,199,CUST-1012,Germany
INV-537496,PROD-008,Laptop Stand,1,21-05-2025 09:16,29.99,CUST-1012,Germany
INV-537496,PROD-004,27-inch Monitor,2,21-05-2025 09:16,249.99,CUST-1012,Germany
INV-537497,PROD-007,Ergonomic Office Chair,3,21-05-2025 10:06,199,CUST-1152,France
INV-537497,PROD-003,USB-C Hub,2,21-05-2025 10:06,35,CUST-1152,France
INV-537497,PROD-006,Desk Mat,2,21-05-2025 10:06,15.5,CUST-1152,France
INV-537498,PROD-004,27-inch Monitor,3,21-05-2025 10:35,249.99,CUST-1116,France
INV-537498,PROD-002,Mechanical Keyboard,2,21-05-2025 10:35,85,CUST-1116,France
INV-537498,PROD-007,Ergonomic Office Chair,2,21-05-2025 10:35,199,CUST-1116,France
INV-537498,PROD-001,Wireless Mouse,1,21-05-2025 10:35,25,CUST-1116,France
INV-537499,PROD-003,USB-C Hub,1,21-05-2025 11:06,35,CUST-1158,United Kingdom
INV-537499,PROD-007,Ergonomic Office Chair,2,21-05-2025 11:06,199,CUST-1158,United Kingdom
INV-537499,PROD-008,Laptop Stand,1,21-05-2025 11:06,29.99,CUST-1158,United Kingdom
INV-537500,PROD-007,Ergonomic Office Chair,2,21-05-2025 12:08,199,CUST-1108,United Kingdom
INV-537500,PROD-006,Desk Mat,2,21-05-2025 12:08,15.5,CUST-1108,United Kingdom
INV-537501,PROD-005,Bluetooth Headphones,4,21-05-2025 12:19,59.99,CUST-1130,United Kingdom
INV-537501,PROD-003,USB-C Hub,12,21-05-2025 12:19,35,CUST-1130,United Kingdom
INV-537502,PROD-004,27-inch Monitor,2,21-05-2025 13:09,249.99,CUST-1164,Germany
INV-537502,PROD-008,Laptop Stand,3,21-05-2025 13:09,29.99,CUST-1164,Germany
INV-537503,PROD-007,Ergonomic Office Chair,1,21-05-2025 15:57,199,CUST-1197,United Kingdom
INV-537503,PROD-006,Desk Mat,2,21-05-2025 15:57,15.5,CUST-1197,United Kingdom
INV-537503,PROD-008,Laptop Stand,1,21-05-2025 15:57,29.99,CUST-1197,United Kingdom
INV-537503,PROD-002,Mechanical Keyboard,2,21-05-2025 15:57,85,CUST-1197,United Kingdom
INV-537504,PROD-007,Ergonomic Office Chair,3,21-05-2025 16:54,199,CUST-1137,France
INV-537504,PROD-004,27-inch Monitor,2,21-05-2025 16:54,249.99,CUST-1137,France
INV-537504,PROD-002,Mechanical Keyboard,2,21-05-2025 16:54,85,CUST-1137,France
INV-537505,PROD-001,Wireless Mouse,2,21-05-2025 17:10,25,CUST-1021,United Kingdom
INV-537506,PROD-005,Bluetooth Headphones,18,22-05-2025 09:12,59.99,CUST-1185,United Kingdom
INV-537506,PROD-007,Ergonomic Office Chair,12,22-05-2025 09:12,199,CUST-1185,United Kingdom
INV-537506,PROD-006,Desk Mat,18,22-05-2025 09:12,15.5,CUST-1185,United Kingdom
INV-537506,PROD-002,Mechanical Keyboard,12,22-05-2025 09:12,85,CUST-1185,United Kingdom
INV-537507,PROD-007,Ergonomic Office Chair,2,22-05-2025 13:34,199,CUST-1089,United Kingdom
INV-537508,PROD-003,USB-C Hub,3,22-05-2025 16:29,35,CUST-1003,United Kingdom
INV-537509,PROD-008,Laptop Stand,1,22-05-2025 17:36,29.99,CUST-1154,United Kingdom
INV-537509,PROD-004,27-inch Monitor,3,22-05-2025 17:36,249.99,CUST-1154,United Kingdom
INV-537509,PROD-001,Wireless Mouse,1,22-05-2025 17:36,25,CUST-1154,United Kingdom
INV-537510,PROD-007,Ergonomic Office Chair,4,23-05-2025 10:01,199,CUST-1115,United Kingdom
INV-537510,PROD-004,27-inch Monitor,12,23-05-2025 10:01,249.99,CUST-1115,United Kingdom
INV-537511,PROD-008,Laptop Stand,3,23-05-2025 10:17,29.99,CUST-1071,Germany
INV-537511,PROD-003,USB-C Hub,1,23-05-2025 10:17,35,CUST-1071,Germany
INV-537511,PROD-002,Mechanical Keyboard,2,23-05-2025 10:17,85,CUST-1071,Germany
INV-537512,PROD-002,Mechanical Keyboard,1,23-05-2025 15:20,85,CUST-1148,United Kingdom
INV-537512,PROD-006,Desk Mat,3,23-05-2025 15:20,15.5,CUST-1148,United Kingdom
INV-537512,PROD-004,27-inch Monitor,2,23-05-2025 15:20,249.99,CUST-1148,United Kingdom
INV-537513,PROD-001,Wireless Mouse,2,23-05-2025 16:11,25,CUST-1193,United Kingdom
INV-537514,PROD-001,Wireless Mouse,2,23-05-2025 16:12,25,CUST-1083,France
INV-537514,PROD-007,Ergonomic Office Chair,1,23-05-2025 16:12,199,CUST-1083,France
INV-537514,PROD-002,Mechanical Keyboard,1,23-05-2025 16:12,85,CUST-1083,France
INV-537515,PROD-001,Wireless Mouse,18,23-05-2025 16:14,25,CUST-1155,United Kingdom
INV-537516,PROD-008,Laptop Stand,1,23-05-2025 17:42,29.99,CUST-1163,United Kingdom
INV-537516,PROD-007,Ergonomic Office Chair,2,23-05-2025 17:42,199,CUST-1163,United Kingdom
INV-537517,PROD-007,Ergonomic Office Chair,1,23-05-2025 17:51,199,CUST-1116,United Kingdom
INV-537517,PROD-006,Desk Mat,2,23-05-2025 17:51,15.5,CUST-1116,United Kingdom
INV-537517,PROD-001,Wireless Mouse,2,23-05-2025 17:51,25,CUST-1116,United Kingdom
INV-537517,PROD-005,Bluetooth Headphones,3,23-05-2025 17:51,59.99,CUST-1116,United Kingdom
INV-537518,PROD-001,Wireless Mouse,3,24-05-2025 10:34,25,CUST-1132,United Kingdom
INV-537518,PROD-002,Mechanical Keyboard,3,24-05-2025 10:34,85,CUST-1132,United Kingdom
INV-537518,PROD-007,Ergonomic Office Chair,2,24-05-2025 10:34,199,CUST-1132,United Kingdom
INV-537519,PROD-007,Ergonomic Office Chair,1,24-05-2025 12:11,199,CUST-1082,France
INV-537519,PROD-001,Wireless Mouse,2,24-05-2025 12:11,25,CUST-1082,France
INV-537520,PROD-001,Wireless Mouse,3,24-05-2025 13:38,25,CUST-1197,Germany
INV-537520,PROD-005,Bluetooth Headphones,1,24-05-2025 13:38,59.99,CUST-1197,Germany
INV-537520,PROD-008,Laptop Stand,2,24-05-2025 13:38,29.99,CUST-1197,Germany
INV-537521,PROD-006,Desk Mat,1,24-05-2025 14:39,15.5,CUST-1049,United Kingdom
INV-537521,PROD-001,Wireless Mouse,3,24-05-2025 14:39,25,CUST-1049,United Kingdom
INV-537522,PROD-003,USB-C Hub,3,24-05-2025 14:59,35,CUST-1124,United Kingdom
INV-537522,PROD-004,27-inch Monitor,1,24-05-2025 14:59,249.99,CUST-1124,United Kingdom
INV-537523,PROD-001,Wireless Mouse,1,24-05-2025 17:53,25,CUST-1124,Germany
INV-537524,PROD-001,Wireless Mouse,1,25-05-2025 09:33,25,CUST-1107,France
INV-537524,PROD-002,Mechanical Keyboard,2,25-05-2025 09:33,85,CUST-1107,France
INV-537525,PROD-005,Bluetooth Headphones,3,25-05-2025 09:46,59.99,CUST-1153,United Kingdom
INV-537525,PROD-007,Ergonomic Office Chair,3,25-05-2025 09:46,199,CUST-1153,United Kingdom
INV-537525,PROD-003,USB-C Hub,2,25-05-2025 09:46,35,CUST-1153,United Kingdom
INV-537526,PROD-004,27-inch Monitor,1,25-05-2025 10:36,249.99,CUST-1149,France
INV-537526,PROD-003,USB-C Hub,1,25-05-2025 10:36,35,CUST-1149,France
INV-537526,PROD-005,Bluetooth Headphones,3,25-05-2025 10:36,59.99,CUST-1149,France
INV-537527,PROD-006,Desk Mat,2,25-05-2025 11:49,15.5,CUST-1074,United Kingdom
INV-537527,PROD-005,Bluetooth Headphones,2,25-05-2025 11:49,59.99,CUST-1074,United Kingdom
INV-537527,PROD-002,Mechanical Keyboard,3,25-05-2025 11:49,85,CUST-1074,United Kingdom
INV-537527,PROD-001,Wireless Mouse,3,25-05-2025 11:49,25,CUST-1074,United Kingdom
INV-537528,PROD-006,Desk Mat,2,25-05-2025 13:13,15.5,CUST-1083,United Kingdom
INV-537528,PROD-002,Mechanical Keyboard,1,25-05-2025 13:13,85,CUST-1083,United Kingdom
INV-537529,PROD-005,Bluetooth Headphones,2,25-05-2025 14:16,59.99,CUST-1141,France
INV-537529,PROD-001,Wireless Mouse,1,25-05-2025 14:16,25,CUST-1141,France
INV-537529,PROD-007,Ergonomic Office Chair,3,25-05-2025 14:16,199,CUST-1141,France
INV-537530,PROD-003,USB-C Hub,1,25-05-2025 14:24,35,CUST-1053,United Kingdom
INV-537530,PROD-005,Bluetooth Headphones,3,25-05-2025 14:24,59.99,CUST-1053,United Kingdom
INV-537531,PROD-004,27-inch Monitor,1,25-05-2025 15:14,249.99,CUST-1057,France
INV-537532,PROD-008,Laptop Stand,2,25-05-2025 15:33,29.99,CUST-1168,United Kingdom
INV-537532,PROD-006,Desk Mat,2,25-05-2025 15:33,15.5,CUST-1168,United Kingdom
INV-537532,PROD-001,Wireless Mouse,2,25-05-2025 15:33,25,CUST-1168,United Kingdom
INV-537533,PROD-007,Ergonomic Office Chair,10,25-05-2025 15:42,199,CUST-1125,United Kingdom
INV-537534,PROD-005,Bluetooth Headphones,2,25-05-2025 17:23,59.99,CUST-1183,Germany
INV-537534,PROD-001,Wireless Mouse,1,25-05-2025 17:23,25,CUST-1183,Germany
INV-537535,PROD-005,Bluetooth Headphones,1,25-05-2025 17:32,59.99,CUST-1192,France
INV-537535,PROD-004,27-inch Monitor,1,25-05-2025 17:32,249.99,CUST-1192,France
INV-537536,PROD-007,Ergonomic Office Chair,1,26-05-2025 10:03,199,CUST-1082,United Kingdom
INV-537536,PROD-004,27-inch Monitor,2,26-05-2025 10:03,249.99,CUST-1082,United Kingdom
INV-537536,PROD-005,Bluetooth Headphones,3,26-05-2025 10:03,59.99,CUST-1082,United Kingdom
INV-537537,PROD-008,Laptop Stand,1,26-05-2025 11:35,29.99,CUST-1089,United Kingdom
INV-537537,PROD-002,Mechanical Keyboard,1,26-05-2025 11:35,85,CUST-1089,United Kingdom
INV-537538,PROD-002,Mechanical Keyboard,3,26-05-2025 12:48,85,CUST-1183,United Kingdom
INV-537538,PROD-008,Laptop Stand,1,26-05-2025 12:48,29.99,CUST-1183,United Kingdom
INV-537538,PROD-006,Desk Mat,1,26-05-2025 12:48,15.5,CUST-1183,United Kingdom
INV-537539,PROD-004,27-inch Monitor,1,26-05-2025 13:24,249.99,CUST-1068,United Kingdom
INV-537540,PROD-001,Wireless Mouse,2,26-05-2025 14:00,25,CUST-1089,France
INV-537541,PROD-006,Desk Mat,2,26-05-2025 14:58,15.5,CUST-1071,United Kingdom
INV-537541,PROD-002,Mechanical Keyboard,1,26-05-2025 14:58,85,CUST-1071,United Kingdom
INV-537541,PROD-003,USB-C Hub,1,26-05-2025 14:58,35,CUST-1071,United Kingdom
INV-537541,PROD-005,Bluetooth Headphones,2,26-05-2025 14:58,59.99,CUST-1071,United Kingdom
INV-537542,PROD-002,Mechanical Keyboard,15,26-05-2025 15:08,85,CUST-1150,United Kingdom
INV-537542,PROD-008,Laptop Stand,10,26-05-2025 15:08,29.99,CUST-1150,United Kingdom
INV-537542,PROD-004,27-inch Monitor,10,26-05-2025 15:08,249.99,CUST-1150,United Kingdom
INV-537542,PROD-003,USB-C Hub,5,26-05-2025 15:08,35,CUST-1150,United Kingdom
INV-537543,PROD-005,Bluetooth Headphones,3,26-05-2025 17:09,59.99,CUST-1075,United Kingdom
INV-537543,PROD-002,Mechanical Keyboard,6,26-05-2025 17:09,85,CUST-1075,United Kingdom
INV-537543,PROD-008,Laptop Stand,9,26-05-2025 17:09,29.99,CUST-1075,United Kingdom
INV-537543,PROD-003,USB-C Hub,6,26-05-2025 17:09,35,CUST-1075,United Kingdom
INV-537544,PROD-006,Desk Mat,15,26-05-2025 17:56,15.5,CUST-1100,France
INV-537545,PROD-005,Bluetooth Headphones,1,27-05-2025 09:21,59.99,CUST-1061,United Kingdom
INV-537545,PROD-008,Laptop Stand,1,27-05-2025 09:21,29.99,CUST-1061,United Kingdom
INV-537546,PROD-002,Mechanical Keyboard,1,27-05-2025 09:55,85,CUST-1158,United Kingdom
INV-537546,PROD-003,USB-C Hub,3,27-05-2025 09:55,35,CUST-1158,United Kingdom
INV-537546,PROD-008,Laptop Stand,1,27-05-2025 09:55,29.99,CUST-1158,United Kingdom
INV-537547,PROD-006,Desk Mat,2,27-05-2025 10:40,15.5,CUST-1083,France
INV-537547,PROD-001,Wireless Mouse,1,27-05-2025 10:40,25,CUST-1083,France
INV-537547,PROD-004,27-inch Monitor,3,27-05-2025 10:40,249.99,CUST-1083,France
INV-537548,PROD-001,Wireless Mouse,3,27-05-2025 11:19,25,CUST-1099,United Kingdom
INV-537549,PROD-001,Wireless Mouse,3,27-05-2025 11:38,25,CUST-1183,France
INV-537549,PROD-005,Bluetooth Headphones,3,27-05-2025 11:38,59.99,CUST-1183,France
INV-537550,PROD-008,Laptop Stand,3,27-05-2025 13:33,29.99,CUST-1164,United Kingdom
INV-537550,PROD-007,Ergonomic Office Chair,3,27-05-2025 13:33,199,CUST-1164,United Kingdom
INV-537551,PROD-005,Bluetooth Headphones,3,27-05-2025 15:45,59.99,CUST-1122,Germany
INV-537551,PROD-006,Desk Mat,2,27-05-2025 15:45,15.5,CUST-1122,Germany
INV-537552,PROD-002,Mechanical Keyboard,2,27-05-2025 17:19,85,CUST-1064,Germany
INV-537552,PROD-008,Laptop Stand,1,27-05-2025 17:19,29.99,CUST-1064,Germany
INV-537552,PROD-004,27-inch Monitor,2,27-05-2025 17:19,249.99,CUST-1064,Germany
INV-537552,PROD-006,Desk Mat,2,27-05-2025 17:19,15.5,CUST-1064,Germany
INV-537553,PROD-001,Wireless Mouse,2,28-05-2025 11:19,25,CUST-1182,United Kingdom
INV-537553,PROD-007,Ergonomic Office Chair,1,28-05-2025 11:19,199,CUST-1182,United Kingdom
INV-537553,PROD-005,Bluetooth Headphones,2,28-05-2025 11:19,59.99,CUST-1182,United Kingdom
INV-537553,PROD-006,Desk Mat,3,28-05-2025 11:19,15.5,CUST-1182,United Kingdom
INV-537554,PROD-002,Mechanical Keyboard,1,28-05-2025 11:40,85,CUST-1069,France
INV-537554,PROD-003,USB-C Hub,1,28-05-2025 11:40,35,CUST-1069,France
INV-537555,PROD-001,Wireless Mouse,10,28-05-2025 16:28,25,CUST-1150,United Kingdom
INV-537556,PROD-008,Laptop Stand,1,28-05-2025 17:05,29.99,CUST-1029,Germany
INV-537557,PROD-006,Desk Mat,2,29-05-2025 10:29,15.5,CUST-1086,Germany
INV-537557,PROD-002,Mechanical Keyboard,3,29-05-2025 10:29,85,CUST-1086,Germany
INV-537558,PROD-001,Wireless Mouse,4,29-05-2025 10:54,25,CUST-1085,France
INV-537559,PROD-003,USB-C Hub,1,29-05-2025 12:39,35,CUST-1026,United Kingdom
INV-537559,PROD-008,Laptop Stand,1,29-05-2025 12:39,29.99,CUST-1026,United Kingdom
INV-537559,PROD-005,Bluetooth Headphones,3,29-05-2025 12:39,59.99,CUST-1026,United Kingdom
INV-537559,PROD-007,Ergonomic Office Chair,2,29-05-2025 12:39,199,CUST-1026,United Kingdom
INV-537560,PROD-003,USB-C Hub,3,29-05-2025 13:04,35,CUST-1113,United Kingdom
INV-537560,PROD-002,Mechanical Keyboard,3,29-05-2025 13:04,85,CUST-1113,United Kingdom
INV-537560,PROD-006,Desk Mat,2,29-05-2025 13:04,15.5,CUST-1113,United Kingdom
INV-537561,PROD-001,Wireless Mouse,3,29-05-2025 15:56,25,CUST-1088,France
INV-537561,PROD-008,Laptop Stand,1,29-05-2025 15:56,29.99,CUST-1088,France
INV-537562,PROD-007,Ergonomic Office Chair,1,29-05-2025 16:19,199,CUST-1081,France
INV-537562,PROD-006,Desk Mat,2,29-05-2025 16:19,15.5,CUST-1081,France
INV-537562,PROD-003,USB-C Hub,2,29-05-2025 16:19,35,CUST-1081,France
INV-537563,PROD-005,Bluetooth Headphones,3,29-05-2025 16:48,59.99,CUST-1054,United Kingdom
INV-537563,PROD-001,Wireless Mouse,1,29-05-2025 16:48,25,CUST-1054,United Kingdom
INV-537563,PROD-004,27-inch Monitor,2,29-05-2025 16:48,249.99,CUST-1054,United Kingdom
INV-537564,PROD-008,Laptop Stand,2,30-05-2025 12:12,29.99,CUST-1127,France
INV-537564,PROD-004,27-inch Monitor,1,30-05-2025 12:12,249.99,CUST-1127,France
INV-537564,PROD-002,Mechanical Keyboard,1,30-05-2025 12:12,85,CUST-1127,France
INV-537564,PROD-006,Desk Mat,2,30-05-2025 12:12,15.5,CUST-1127,France
INV-537565,PROD-003,USB-C Hub,1,30-05-2025 13:22,35,CUST-1173,France
INV-537565,PROD-008,Laptop Stand,2,30-05-2025 13:22,29.99,CUST-1173,France
INV-537565,PROD-006,Desk Mat,3,30-05-2025 13:22,15.5,CUST-1173,France
INV-537566,PROD-007,Ergonomic Office Chair,2,30-05-2025 15:10,199,CUST-1022,France
INV-537566,PROD-005,Bluetooth Headphones,3,30-05-2025 15:10,59.99,CUST-1022,France
INV-537567,PROD-001,Wireless Mouse,1,30-05-2025 17:21,25,CUST-1086,Germany
INV-537567,PROD-007,Ergonomic Office Chair,3,30-05-2025 17:21,199,CUST-1086,Germany
INV-537567,PROD-005,Bluetooth Headphones,3,30-05-2025 17:21,59.99,CUST-1086,Germany
INV-537568,PROD-008,Laptop Stand,2,31-05-2025 10:31,29.99,CUST-1189,France
INV-537568,PROD-005,Bluetooth Headphones,3,31-05-2025 10:31,59.99,CUST-1189,France
INV-537568,PROD-004,27-inch Monitor,1,31-05-2025 10:31,249.99,CUST-1189,France
INV-537569,PROD-008,Laptop Stand,1,31-05-2025 10:55,29.99,CUST-1172,United Kingdom
INV-537570,PROD-001,Wireless Mouse,3,31-05-2025 11:06,25,CUST-1011,Germany
INV-537570,PROD-004,27-inch Monitor,3,31-05-2025 11:06,249.99,CUST-1011,Germany
INV-537570,PROD-007,Ergonomic Office Chair,2,31-05-2025 11:06,199,CUST-1011,Germany
INV-537570,PROD-003,USB-C Hub,1,31-05-2025 11:06,35,CUST-1011,Germany
INV-537571,PROD-004,27-inch Monitor,1,31-05-2025 11:39,249.99,CUST-1104,United Kingdom
INV-537571,PROD-006,Desk Mat,1,31-05-2025 11:39,15.5,CUST-1104,United Kingdom
INV-537572,PROD-007,Ergonomic Office Chair,3,31-05-2025 17:38,199,CUST-1053,France
INV-537572,PROD-005,Bluetooth Headphones,1,31-05-2025 17:38,59.99,CUST-1053,France
INV-537572,PROD-002,Mechanical Keyboard,2,31-05-2025 17:38,85,CUST-1053,France
INV-537572,PROD-008,Laptop Stand,2,31-05-2025 17:38,29.99,CUST-1053,France
INV-537573,PROD-002,Mechanical Keyboard,2,01-06-2025 09:01,85,CUST-1089,France
INV-537574,PROD-007,Ergonomic Office Chair,2,01-06-2025 09:04,199,CUST-1152,Germany
INV-537574,PROD-008,Laptop Stand,2,01-06-2025 09:04,29.99,CUST-1152,Germany
INV-537574,PROD-005,Bluetooth Headphones,1,01-06-2025 09:04,59.99,CUST-1152,Germany
INV-537574,PROD-002,Mechanical Keyboard,2,01-06-2025 09:04,85,CUST-1152,Germany
INV-537575,PROD-003,USB-C Hub,3,01-06-2025 10:27,35,CUST-1081,United Kingdom
INV-537575,PROD-001,Wireless Mouse,2,01-06-2025 10:27,25,CUST-1081,United Kingdom
INV-537575,PROD-006,Desk Mat,1,01-06-2025 10:27,15.5,CUST-1081,United Kingdom
INV-537575,PROD-005,Bluetooth Headphones,1,01-06-2025 10:27,59.99,CUST-1081,United Kingdom
INV-537576,PROD-003,USB-C Hub,2,01-06-2025 11:33,35,CUST-1174,Germany
INV-537576,PROD-006,Desk Mat,1,01-06-2025 11:33,15.5,CUST-1174,Germany
INV-537576,PROD-002,Mechanical Keyboard,1,01-06-2025 11:33,85,CUST-1174,Germany
INV-537577,PROD-001,Wireless Mouse,2,01-06-2025 13:02,25,CUST-1067,United Kingdom
INV-537577,PROD-003,USB-C Hub,1,01-06-2025 13:02,35,CUST-1067,United Kingdom
INV-537578,PROD-003,USB-C Hub,6,01-06-2025 14:18,35,CUST-1200,France
INV-537578,PROD-004,27-inch Monitor,9,01-06-2025 14:18,249.99,CUST-1200,France
INV-537578,PROD-006,Desk Mat,3,01-06-2025 14:18,15.5,CUST-1200,France
INV-537579,PROD-004,27-inch Monitor,2,01-06-2025 14:31,249.99,CUST-1172,United Kingdom
INV-537579,PROD-007,Ergonomic Office Chair,1,01-06-2025 14:31,199,CUST-1172,United Kingdom
INV-537579,PROD-006,Desk Mat,2,01-06-2025 14:31,15.5,CUST-1172,United Kingdom
INV-537580,PROD-004,27-inch Monitor,12,01-06-2025 14:52,249.99,CUST-1150,Germany
INV-537580,PROD-006,Desk Mat,4,01-06-2025 14:52,15.5,CUST-1150,Germany
INV-537581,PROD-006,Desk Mat,1,01-06-2025 15:31,15.5,CUST-1096,France
INV-537581,PROD-001,Wireless Mouse,2,01-06-2025 15:31,25,CUST-1096,France
INV-537581,PROD-005,Bluetooth Headphones,3,01-06-2025 15:31,59.99,CUST-1096,France
INV-537582,PROD-002,Mechanical Keyboard,1,01-06-2025 16:09,85,CUST-1152,Germany
INV-537582,PROD-005,Bluetooth Headphones,3,01-06-2025 16:09,59.99,CUST-1152,Germany
INV-537582,PROD-008,Laptop Stand,1,01-06-2025 16:09,29.99,CUST-1152,Germany
INV-537582,PROD-006,Desk Mat,2,01-06-2025 16:09,15.5,CUST-1152,Germany
INV-537583,PROD-005,Bluetooth Headphones,2,01-06-2025 16:42,59.99,CUST-1118,France
INV-537583,PROD-003,USB-C Hub,3,01-06-2025 16:42,35,CUST-1118,France
INV-537583,PROD-001,Wireless Mouse,2,01-06-2025 16:42,25,CUST-1118,France
INV-537584,PROD-008,Laptop Stand,3,02-06-2025 14:02,29.99,CUST-1180,France
INV-537584,PROD-005,Bluetooth Headphones,3,02-06-2025 14:02,59.99,CUST-1180,France
INV-537584,PROD-006,Desk Mat,3,02-06-2025 14:02,15.5,CUST-1180,France
INV-537584,PROD-007,Ergonomic Office Chair,9,02-06-2025 14:02,199,CUST-1180,France
INV-537585,PROD-008,Laptop Stand,7,02-06-2025 14:57,29.99,CUST-1165,Germany
INV-537585,PROD-004,27-inch Monitor,7,02-06-2025 14:57,249.99,CUST-1165,Germany
INV-537586,PROD-001,Wireless Mouse,21,02-06-2025 15:27,25,CUST-1130,United Kingdom
INV-537586,PROD-008,Laptop Stand,7,02-06-2025 15:27,29.99,CUST-1130,United Kingdom
INV-537586,PROD-005,Bluetooth Headphones,21,02-06-2025 15:27,59.99,CUST-1130,United Kingdom
INV-537586,PROD-006,Desk Mat,14,02-06-2025 15:27,15.5,CUST-1130,United Kingdom
INV-537587,PROD-005,Bluetooth Headphones,15,02-06-2025 16:10,59.99,CUST-1075,United Kingdom
INV-537587,PROD-008,Laptop Stand,10,02-06-2025 16:10,29.99,CUST-1075,United Kingdom
INV-537587,PROD-004,27-inch Monitor,15,02-06-2025 16:10,249.99,CUST-1075,United Kingdom
INV-537587,PROD-006,Desk Mat,15,02-06-2025 16:10,15.5,CUST-1075,United Kingdom
INV-537588,PROD-005,Bluetooth Headphones,2,02-06-2025 16:50,59.99,CUST-1088,France
INV-537588,PROD-004,27-inch Monitor,3,02-06-2025 16:50,249.99,CUST-1088,France
INV-537588,PROD-001,Wireless Mouse,3,02-06-2025 16:50,25,CUST-1088,France
INV-537588,PROD-007,Ergonomic Office Chair,2,02-06-2025 16:50,199,CUST-1088,France
INV-537589,PROD-008,Laptop Stand,6,03-06-2025 09:28,29.99,CUST-1120,France
INV-537590,PROD-007,Ergonomic Office Chair,1,03-06-2025 10:31,199,CUST-1093,United Kingdom
INV-537590,PROD-001,Wireless Mouse,3,03-06-2025 10:31,25,CUST-1093,United Kingdom
INV-537590,PROD-005,Bluetooth Headphones,3,03-06-2025 10:31,59.99,CUST-1093,United Kingdom
INV-537591,PROD-002,Mechanical Keyboard,2,03-06-2025 12:51,85,CUST-1058,United Kingdom
INV-537591,PROD-004,27-inch Monitor,3,03-06-2025 12:51,249.99,CUST-1058,United Kingdom
INV-537591,PROD-003,USB-C Hub,1,03-06-2025 12:51,35,CUST-1058,United Kingdom
INV-537591,PROD-008,Laptop Stand,2,03-06-2025 12:51,29.99,CUST-1058,United Kingdom
INV-537592,PROD-008,Laptop Stand,12,03-06-2025 14:45,29.99,CUST-1140,Germany
INV-537592,PROD-006,Desk Mat,18,03-06-2025 14:45,15.5,CUST-1140,Germany
INV-537592,PROD-005,Bluetooth Headphones,18,03-06-2025 14:45,59.99,CUST-1140,Germany
INV-537593,PROD-001,Wireless Mouse,2,03-06-2025 14:54,25,CUST-1173,United Kingdom
INV-537594,PROD-004,27-inch Monitor,2,03-06-2025 16:16,249.99,CUST-1164,United Kingdom
INV-537594,PROD-002,Mechanical Keyboard,2,03-06-2025 16:16,85,CUST-1164,United Kingdom
INV-537594,PROD-005,Bluetooth Headphones,1,03-06-2025 16:16,59.99,CUST-1164,United Kingdom
INV-537594,PROD-001,Wireless Mouse,3,03-06-2025 16:16,25,CUST-1164,United Kingdom
INV-537595,PROD-007,Ergonomic Office Chair,2,03-06-2025 16:35,199,CUST-1082,United Kingdom
INV-537595,PROD-004,27-inch Monitor,2,03-06-2025 16:35,249.99,CUST-1082,United Kingdom
INV-537595,PROD-002,Mechanical Keyboard,2,03-06-2025 16:35,85,CUST-1082,United Kingdom
INV-537595,PROD-006,Desk Mat,1,03-06-2025 16:35,15.5,CUST-1082,United Kingdom
INV-537596,PROD-003,USB-C Hub,1,03-06-2025 16:56,35,CUST-1017,Germany
INV-537596,PROD-001,Wireless Mouse,2,03-06-2025 16:56,25,CUST-1017,Germany
INV-537596,PROD-008,Laptop Stand,3,03-06-2025 16:56,29.99,CUST-1017,Germany
INV-537596,PROD-007,Ergonomic Office Chair,1,03-06-2025 16:56,199,CUST-1017,Germany
INV-537597,PROD-005,Bluetooth Headphones,1,04-06-2025 09:40,59.99,CUST-1046,United Kingdom
INV-537598,PROD-001,Wireless Mouse,3,04-06-2025 09:42,25,CUST-1147,Germany
INV-537598,PROD-005,Bluetooth Headphones,3,04-06-2025 09:42,59.99,CUST-1147,Germany
INV-537598,PROD-003,USB-C Hub,2,04-06-2025 09:42,35,CUST-1147,Germany
INV-537598,PROD-006,Desk Mat,2,04-06-2025 09:42,15.5,CUST-1147,Germany
INV-537599,PROD-008,Laptop Stand,1,04-06-2025 14:59,29.99,CUST-1191,France
INV-537599,PROD-002,Mechanical Keyboard,2,04-06-2025 14:59,85,CUST-1191,France
INV-537599,PROD-003,USB-C Hub,1,04-06-2025 14:59,35,CUST-1191,France
INV-537599,PROD-005,Bluetooth Headphones,2,04-06-2025 14:59,59.99,CUST-1191,France
INV-537600,PROD-002,Mechanical Keyboard,3,05-06-2025 09:05,85,CUST-1103,United Kingdom
INV-537600,PROD-005,Bluetooth Headphones,2,05-06-2025 09:05,59.99,CUST-1103,United Kingdom
INV-537600,PROD-004,27-inch Monitor,2,05-06-2025 09:05,249.99,CUST-1103,United Kingdom
INV-537600,PROD-007,Ergonomic Office Chair,3,05-06-2025 09:05,199,CUST-1103,United Kingdom
INV-537601,PROD-001,Wireless Mouse,1,05-06-2025 09:27,25,CUST-1019,United Kingdom
INV-537601,PROD-005,Bluetooth Headphones,1,05-06-2025 09:27,59.99,CUST-1019,United Kingdom
INV-537601,PROD-002,Mechanical Keyboard,2,05-06-2025 09:27,85,CUST-1019,United Kingdom
INV-537601,PROD-003,USB-C Hub,2,05-06-2025 09:27,35,CUST-1019,United Kingdom
INV-537602,PROD-007,Ergonomic Office Chair,3,05-06-2025 09:39,199,CUST-1119,Germany
INV-537602,PROD-003,USB-C Hub,2,05-06-2025 09:39,35,CUST-1119,Germany
INV-537603,PROD-008,Laptop Stand,3,05-06-2025 09:43,29.99,CUST-1063,Germany
INV-537603,PROD-005,Bluetooth Headphones,1,05-06-2025 09:43,59.99,CUST-1063,Germany
INV-537603,PROD-003,USB-C Hub,2,05-06-2025 09:43,35,CUST-1063,Germany
INV-537603,PROD-006,Desk Mat,2,05-06-2025 09:43,15.5,CUST-1063,Germany
INV-537604,PROD-007,Ergonomic Office Chair,1,05-06-2025 13:07,199,CUST-1152,United Kingdom
INV-537604,PROD-004,27-inch Monitor,3,05-06-2025 13:07,249.99,CUST-1152,United Kingdom
INV-537605,PROD-002,Mechanical Keyboard,1,05-06-2025 14:43,85,CUST-1056,United Kingdom
INV-537605,PROD-001,Wireless Mouse,1,05-06-2025 14:43,25,CUST-1056,United Kingdom
INV-537606,PROD-003,USB-C Hub,3,05-06-2025 17:22,35,CUST-1195,United Kingdom
INV-537606,PROD-007,Ergonomic Office Chair,3,05-06-2025 17:22,199,CUST-1195,United Kingdom
INV-537606,PROD-005,Bluetooth Headphones,3,05-06-2025 17:22,59.99,CUST-1195,United Kingdom
INV-537606,PROD-006,Desk Mat,3,05-06-2025 17:22,15.5,CUST-1195,United Kingdom
INV-537607,PROD-003,USB-C Hub,1,06-06-2025 09:01,35,CUST-1062,United Kingdom
INV-537607,PROD-002,Mechanical Keyboard,2,06-06-2025 09:01,85,CUST-1062,United Kingdom
INV-537608,PROD-005,Bluetooth Headphones,2,06-06-2025 11:04,59.99,CUST-1151,United Kingdom
INV-537608,PROD-002,Mechanical Keyboard,2,06-06-2025 11:04,85,CUST-1151,United Kingdom
INV-537608,PROD-006,Desk Mat,1,06-06-2025 11:04,15.5,CUST-1151,United Kingdom
INV-537609,PROD-002,Mechanical Keyboard,1,06-06-2025 12:17,85,CUST-1014,United Kingdom
INV-537609,PROD-007,Ergonomic Office Chair,1,06-06-2025 12:17,199,CUST-1014,United Kingdom
INV-537610,PROD-003,USB-C Hub,5,06-06-2025 15:17,35,CUST-1125,United Kingdom
INV-537610,PROD-007,Ergonomic Office Chair,10,06-06-2025 15:17,199,CUST-1125,United Kingdom
INV-537610,PROD-008,Laptop Stand,5,06-06-2025 15:17,29.99,CUST-1125,United Kingdom
INV-537610,PROD-002,Mechanical Keyboard,5,06-06-2025 15:17,85,CUST-1125,United Kingdom
INV-537611,PROD-002,Mechanical Keyboard,18,06-06-2025 15:27,85,CUST-1200,Germany
INV-537611,PROD-007,Ergonomic Office Chair,18,06-06-2025 15:27,199,CUST-1200,Germany
INV-537612,PROD-005,Bluetooth Headphones,2,07-06-2025 10:01,59.99,CUST-1164,United Kingdom
INV-537613,PROD-008,Laptop Stand,3,07-06-2025 10:41,29.99,CUST-1153,United Kingdom
INV-537614,PROD-001,Wireless Mouse,2,07-06-2025 11:10,25,CUST-1062,United Kingdom
INV-537614,PROD-002,Mechanical Keyboard,2,07-06-2025 11:10,85,CUST-1062,United Kingdom
INV-537614,PROD-005,Bluetooth Headphones,2,07-06-2025 11:10,59.99,CUST-1062,United Kingdom
INV-537614,PROD-006,Desk Mat,2,07-06-2025 11:10,15.5,CUST-1062,United Kingdom
INV-537615,PROD-004,27-inch Monitor,10,07-06-2025 11:58,249.99,CUST-1115,United Kingdom
INV-537615,PROD-007,Ergonomic Office Chair,15,07-06-2025 11:58,199,CUST-1115,United Kingdom
INV-537615,PROD-005,Bluetooth Headphones,10,07-06-2025 11:58,59.99,CUST-1115,United Kingdom
INV-537615,PROD-006,Desk Mat,15,07-06-2025 11:58,15.5,CUST-1115,United Kingdom
INV-537616,PROD-006,Desk Mat,15,07-06-2025 14:10,15.5,CUST-1030,United Kingdom
INV-537616,PROD-003,USB-C Hub,15,07-06-2025 14:10,35,CUST-1030,United Kingdom
INV-537616,PROD-002,Mechanical Keyboard,15,07-06-2025 14:10,85,CUST-1030,United Kingdom
INV-537617,PROD-002,Mechanical Keyboard,5,07-06-2025 17:54,85,CUST-1190,Germany
INV-537617,PROD-006,Desk Mat,10,07-06-2025 17:54,15.5,CUST-1190,Germany
INV-537617,PROD-003,USB-C Hub,10,07-06-2025 17:54,35,CUST-1190,Germany
INV-537617,PROD-008,Laptop Stand,5,07-06-2025 17:54,29.99,CUST-1190,Germany
INV-537618,PROD-001,Wireless Mouse,2,08-06-2025 11:48,25,CUST-1147,United Kingdom
INV-537618,PROD-004,27-inch Monitor,3,08-06-2025 11:48,249.99,CUST-1147,United Kingdom
INV-537619,PROD-002,Mechanical Keyboard,14,08-06-2025 17:13,85,CUST-1130,United Kingdom
INV-537619,PROD-008,Laptop Stand,21,08-06-2025 17:13,29.99,CUST-1130,United Kingdom
INV-537619,PROD-004,27-inch Monitor,21,08-06-2025 17:13,249.99,CUST-1130,United Kingdom
INV-537620,PROD-008,Laptop Stand,1,09-06-2025 10:10,29.99,CUST-1181,United Kingdom
INV-537620,PROD-001,Wireless Mouse,2,09-06-2025 10:10,25,CUST-1181,United Kingdom
INV-537620,PROD-002,Mechanical Keyboard,1,09-06-2025 10:10,85,CUST-1181,United Kingdom
INV-537620,PROD-007,Ergonomic Office Chair,2,09-06-2025 10:10,199,CUST-1181,United Kingdom
INV-537621,PROD-007,Ergonomic Office Chair,15,09-06-2025 10:59,199,CUST-1060,United Kingdom
INV-537621,PROD-004,27-inch Monitor,15,09-06-2025 10:59,249.99,CUST-1060,United Kingdom
INV-537622,PROD-005,Bluetooth Headphones,3,09-06-2025 12:23,59.99,CUST-1128,Germany
INV-537623,PROD-008,Laptop Stand,3,09-06-2025 13:15,29.99,CUST-1173,France
INV-537623,PROD-001,Wireless Mouse,2,09-06-2025 13:15,25,CUST-1173,France
INV-537624,PROD-001,Wireless Mouse,3,09-06-2025 13:29,25,CUST-1138,United Kingdom
INV-537625,PROD-008,Laptop Stand,2,09-06-2025 17:13,29.99,CUST-1143,France
INV-537625,PROD-002,Mechanical Keyboard,1,09-06-2025 17:13,85,CUST-1143,France
INV-537626,PROD-002,Mechanical Keyboard,2,09-06-2025 17:53,85,CUST-1048,Germany
INV-537626,PROD-006,Desk Mat,3,09-06-2025 17:53,15.5,CUST-1048,Germany
INV-537626,PROD-007,Ergonomic Office Chair,1,09-06-2025 17:53,199,CUST-1048,Germany
INV-537627,PROD-003,USB-C Hub,4,10-06-2025 10:29,35,CUST-1125,Germany
INV-537627,PROD-004,27-inch Monitor,12,10-06-2025 10:29,249.99,CUST-1125,Germany
INV-537627,PROD-005,Bluetooth Headphones,8,10-06-2025 10:29,59.99,CUST-1125,Germany
INV-537627,PROD-007,Ergonomic Office Chair,12,10-06-2025 10:29,199,CUST-1125,Germany
INV-537628,PROD-003,USB-C Hub,3,10-06-2025 10:52,35,CUST-1085,Germany
INV-537628,PROD-006,Desk Mat,6,10-06-2025 10:52,15.5,CUST-1085,Germany
INV-537629,PROD-005,Bluetooth Headphones,2,10-06-2025 11:59,59.99,CUST-1112,United Kingdom
INV-537629,PROD-008,Laptop Stand,2,10-06-2025 11:59,29.99,CUST-1112,United Kingdom
INV-537629,PROD-007,Ergonomic Office Chair,3,10-06-2025 11:59,199,CUST-1112,United Kingdom
INV-537630,PROD-005,Bluetooth Headphones,2,10-06-2025 13:36,59.99,CUST-1077,United Kingdom
INV-537630,PROD-006,Desk Mat,2,10-06-2025 13:36,15.5,CUST-1077,United Kingdom
INV-537630,PROD-003,USB-C Hub,1,10-06-2025 13:36,35,CUST-1077,United Kingdom
INV-537630,PROD-002,Mechanical Keyboard,3,10-06-2025 13:36,85,CUST-1077,United Kingdom
INV-537631,PROD-004,27-inch Monitor,1,10-06-2025 14:49,249.99,CUST-1003,United Kingdom
INV-537631,PROD-005,Bluetooth Headphones,3,10-06-2025 14:49,59.99,CUST-1003,United Kingdom
INV-537632,PROD-004,27-inch Monitor,3,10-06-2025 15:32,249.99,CUST-1156,United Kingdom
INV-537633,PROD-008,Laptop Stand,2,10-06-2025 16:24,29.99,CUST-1164,Germany
INV-537633,PROD-004,27-inch Monitor,1,10-06-2025 16:24,249.99,CUST-1164,Germany
INV-537633,PROD-005,Bluetooth Headphones,2,10-06-2025 16:24,59.99,CUST-1164,Germany
INV-537633,PROD-001,Wireless Mouse,2,10-06-2025 16:24,25,CUST-1164,Germany
INV-537634,PROD-008,Laptop Stand,8,10-06-2025 16:32,29.99,CUST-1050,France
INV-537634,PROD-001,Wireless Mouse,12,10-06-2025 16:32,25,CUST-1050,France
INV-537634,PROD-007,Ergonomic Office Chair,12,10-06-2025 16:32,199,CUST-1050,France
INV-537635,PROD-005,Bluetooth Headphones,12,11-06-2025 09:22,59.99,CUST-1110,Germany
INV-537635,PROD-001,Wireless Mouse,4,11-06-2025 09:22,25,CUST-1110,Germany
INV-537636,PROD-004,27-inch Monitor,2,11-06-2025 12:35,249.99,CUST-1137,United Kingdom
INV-537636,PROD-005,Bluetooth Headphones,3,11-06-2025 12:35,59.99,CUST-1137,United Kingdom
INV-537636,PROD-006,Desk Mat,1,11-06-2025 12:35,15.5,CUST-1137,United Kingdom
INV-537636,PROD-007,Ergonomic Office Chair,3,11-06-2025 12:35,199,CUST-1137,United Kingdom
INV-537637,PROD-006,Desk Mat,3,11-06-2025 14:49,15.5,CUST-1119,France
INV-537637,PROD-002,Mechanical Keyboard,1,11-06-2025 14:49,85,CUST-1119,France
INV-537637,PROD-005,Bluetooth Headphones,2,11-06-2025 14:49,59.99,CUST-1119,France
INV-537638,PROD-002,Mechanical Keyboard,1,11-06-2025 14:52,85,CUST-1049,United Kingdom
INV-537638,PROD-001,Wireless Mouse,1,11-06-2025 14:52,25,CUST-1049,United Kingdom
INV-537639,PROD-003,USB-C Hub,2,11-06-2025 15:30,35,CUST-1184,Germany
INV-537639,PROD-005,Bluetooth Headphones,2,11-06-2025 15:30,59.99,CUST-1184,Germany
INV-537640,PROD-001,Wireless Mouse,2,12-06-2025 09:32,25,CUST-1178,France
INV-537640,PROD-006,Desk Mat,2,12-06-2025 09:32,15.5,CUST-1178,France
INV-537641,PROD-001,Wireless Mouse,2,12-06-2025 09:50,25,CUST-1052,United Kingdom
INV-537641,PROD-002,Mechanical Keyboard,1,12-06-2025 09:50,85,CUST-1052,United Kingdom
INV-537641,PROD-003,USB-C Hub,2,12-06-2025 09:50,35,CUST-1052,United Kingdom
INV-537641,PROD-006,Desk Mat,1,12-06-2025 09:50,15.5,CUST-1052,United Kingdom
INV-537642,PROD-006,Desk Mat,2,12-06-2025 10:26,15.5,CUST-1143,United Kingdom
INV-537643,PROD-004,27-inch Monitor,2,12-06-2025 11:32,249.99,CUST-1081,United Kingdom
INV-537644,PROD-001,Wireless Mouse,1,12-06-2025 11:49,25,CUST-1047,United Kingdom
INV-537644,PROD-002,Mechanical Keyboard,2,12-06-2025 11:49,85,CUST-1047,United Kingdom
INV-537644,PROD-003,USB-C Hub,3,12-06-2025 11:49,35,CUST-1047,United Kingdom
INV-537644,PROD-008,Laptop Stand,1,12-06-2025 11:49,29.99,CUST-1047,United Kingdom
INV-537645,PROD-005,Bluetooth Headphones,12,12-06-2025 12:33,59.99,CUST-1190,United Kingdom
INV-537645,PROD-004,27-inch Monitor,12,12-06-2025 12:33,249.99,CUST-1190,United Kingdom
INV-537645,PROD-002,Mechanical Keyboard,12,12-06-2025 12:33,85,CUST-1190,United Kingdom
INV-537645,PROD-001,Wireless Mouse,4,12-06-2025 12:33,25,CUST-1190,United Kingdom
INV-537646,PROD-003,USB-C Hub,12,12-06-2025 13:16,35,CUST-1075,United Kingdom
INV-537646,PROD-002,Mechanical Keyboard,8,12-06-2025 13:16,85,CUST-1075,United Kingdom
INV-537646,PROD-005,Bluetooth Headphones,8,12-06-2025 13:16,59.99,CUST-1075,United Kingdom
INV-537646,PROD-004,27-inch Monitor,12,12-06-2025 13:16,249.99,CUST-1075,United Kingdom
INV-537647,PROD-007,Ergonomic Office Chair,1,12-06-2025 15:28,199,CUST-1133,United Kingdom
INV-537647,PROD-002,Mechanical Keyboard,3,12-06-2025 15:28,85,CUST-1133,United Kingdom
INV-537647,PROD-003,USB-C Hub,2,12-06-2025 15:28,35,CUST-1133,United Kingdom
INV-537647,PROD-001,Wireless Mouse,1,12-06-2025 15:28,25,CUST-1133,United Kingdom
INV-537648,PROD-008,Laptop Stand,1,12-06-2025 16:14,29.99,CUST-1006,France
INV-537649,PROD-005,Bluetooth Headphones,2,12-06-2025 17:20,59.99,CUST-1159,France
INV-537649,PROD-008,Laptop Stand,3,12-06-2025 17:20,29.99,CUST-1159,France
INV-537649,PROD-006,Desk Mat,2,12-06-2025 17:20,15.5,CUST-1159,France
INV-537649,PROD-002,Mechanical Keyboard,1,12-06-2025 17:20,85,CUST-1159,France
INV-537650,PROD-006,Desk Mat,1,13-06-2025 10:58,15.5,CUST-1091,United Kingdom
INV-537650,PROD-007,Ergonomic Office Chair,3,13-06-2025 10:58,199,CUST-1091,United Kingdom
INV-537650,PROD-002,Mechanical Keyboard,1,13-06-2025 10:58,85,CUST-1091,United Kingdom
INV-537650,PROD-004,27-inch Monitor,1,13-06-2025 10:58,249.99,CUST-1091,United Kingdom
INV-537651,PROD-004,27-inch Monitor,3,13-06-2025 11:06,249.99,CUST-1002,United Kingdom
INV-537651,PROD-003,USB-C Hub,1,13-06-2025 11:06,35,CUST-1002,United Kingdom
INV-537652,PROD-003,USB-C Hub,2,13-06-2025 11:08,35,CUST-1097,United Kingdom
INV-537652,PROD-006,Desk Mat,1,13-06-2025 11:08,15.5,CUST-1097,United Kingdom
INV-537653,PROD-007,Ergonomic Office Chair,2,13-06-2025 11:57,199,CUST-1059,United Kingdom
INV-537653,PROD-003,USB-C Hub,1,13-06-2025 11:57,35,CUST-1059,United Kingdom
INV-537653,PROD-001,Wireless Mouse,2,13-06-2025 11:57,25,CUST-1059,United Kingdom
INV-537654,PROD-003,USB-C Hub,1,13-06-2025 12:17,35,CUST-1096,United Kingdom
INV-537654,PROD-005,Bluetooth Headphones,1,13-06-2025 12:17,59.99,CUST-1096,United Kingdom
INV-537655,PROD-006,Desk Mat,2,13-06-2025 13:20,15.5,CUST-1041,United Kingdom
INV-537655,PROD-007,Ergonomic Office Chair,2,13-06-2025 13:20,199,CUST-1041,United Kingdom
INV-537655,PROD-005,Bluetooth Headphones,1,13-06-2025 13:20,59.99,CUST-1041,United Kingdom
INV-537656,PROD-008,Laptop Stand,2,13-06-2025 13:36,29.99,CUST-1049,Germany
INV-537656,PROD-007,Ergonomic Office Chair,1,13-06-2025 13:36,199,CUST-1049,Germany
INV-537656,PROD-006,Desk Mat,2,13-06-2025 13:36,15.5,CUST-1049,Germany
INV-537656,PROD-002,Mechanical Keyboard,3,13-06-2025 13:36,85,CUST-1049,Germany
INV-537657,PROD-005,Bluetooth Headphones,2,13-06-2025 15:46,59.99,CUST-1184,United Kingdom
INV-537657,PROD-004,27-inch Monitor,3,13-06-2025 15:46,249.99,CUST-1184,United Kingdom
INV-537658,PROD-006,Desk Mat,2,13-06-2025 16:01,15.5,CUST-1149,France
INV-537659,PROD-002,Mechanical Keyboard,5,13-06-2025 16:04,85,CUST-1050,France
INV-537659,PROD-005,Bluetooth Headphones,10,13-06-2025 16:04,59.99,CUST-1050,France
INV-537659,PROD-008,Laptop Stand,10,13-06-2025 16:04,29.99,CUST-1050,France
INV-537660,PROD-005,Bluetooth Headphones,3,14-06-2025 14:20,59.99,CUST-1144,United Kingdom
INV-537660,PROD-007,Ergonomic Office Chair,2,14-06-2025 14:20,199,CUST-1144,United Kingdom
INV-537661,PROD-003,USB-C Hub,3,14-06-2025 14:29,35,CUST-1108,United Kingdom
INV-537661,PROD-006,Desk Mat,3,14-06-2025 14:29,15.5,CUST-1108,United Kingdom
INV-537662,PROD-001,Wireless Mouse,12,15-06-2025 14:52,25,CUST-1120,France
INV-537663,PROD-005,Bluetooth Headphones,2,15-06-2025 14:55,59.99,CUST-1073,United Kingdom
INV-537663,PROD-007,Ergonomic Office Chair,3,15-06-2025 14:55,199,CUST-1073,United Kingdom
INV-537663,PROD-008,Laptop Stand,2,15-06-2025 14:55,29.99,CUST-1073,United Kingdom
INV-537663,PROD-004,27-inch Monitor,3,15-06-2025 14:55,249.99,CUST-1073,United Kingdom
INV-537664,PROD-006,Desk Mat,6,15-06-2025 15:03,15.5,CUST-1125,United Kingdom
INV-537664,PROD-002,Mechanical Keyboard,9,15-06-2025 15:03,85,CUST-1125,United Kingdom
INV-537664,PROD-003,USB-C Hub,6,15-06-2025 15:03,35,CUST-1125,United Kingdom
INV-537664,PROD-001,Wireless Mouse,3,15-06-2025 15:03,25,CUST-1125,United Kingdom
INV-537665,PROD-006,Desk Mat,1,15-06-2025 16:55,15.5,CUST-1082,United Kingdom
INV-537666,PROD-005,Bluetooth Headphones,9,15-06-2025 17:13,59.99,CUST-1170,United Kingdom
INV-537666,PROD-007,Ergonomic Office Chair,6,15-06-2025 17:13,199,CUST-1170,United Kingdom
INV-537666,PROD-002,Mechanical Keyboard,9,15-06-2025 17:13,85,CUST-1170,United Kingdom
INV-537666,PROD-001,Wireless Mouse,6,15-06-2025 17:13,25,CUST-1170,United Kingdom
INV-537667,PROD-007,Ergonomic Office Chair,3,15-06-2025 17:44,199,CUST-1117,United Kingdom
INV-537668,PROD-003,USB-C Hub,3,16-06-2025 10:03,35,CUST-1073,United Kingdom
INV-537668,PROD-007,Ergonomic Office Chair,1,16-06-2025 10:03,199,CUST-1073,United Kingdom
INV-537669,PROD-005,Bluetooth Headphones,2,16-06-2025 10:55,59.99,CUST-1124,Germany
INV-537669,PROD-003,USB-C Hub,2,16-06-2025 10:55,35,CUST-1124,Germany
INV-537669,PROD-008,Laptop Stand,1,16-06-2025 10:55,29.99,CUST-1124,Germany
INV-537670,PROD-008,Laptop Stand,2,16-06-2025 12:22,29.99,CUST-1006,United Kingdom
INV-537671,PROD-004,27-inch Monitor,3,16-06-2025 12:32,249.99,CUST-1047,France
INV-537671,PROD-005,Bluetooth Headphones,2,16-06-2025 12:32,59.99,CUST-1047,France
INV-537671,PROD-008,Laptop Stand,1,16-06-2025 12:32,29.99,CUST-1047,France
INV-537671,PROD-002,Mechanical Keyboard,1,16-06-2025 12:32,85,CUST-1047,France
INV-537672,PROD-005,Bluetooth Headphones,2,16-06-2025 12:32,59.99,CUST-1154,Germany
INV-537672,PROD-007,Ergonomic Office Chair,3,16-06-2025 12:32,199,CUST-1154,Germany
INV-537673,PROD-006,Desk Mat,2,16-06-2025 12:50,15.5,CUST-1073,United Kingdom
INV-537673,PROD-003,USB-C Hub,1,16-06-2025 12:50,35,CUST-1073,United Kingdom
INV-537673,PROD-007,Ergonomic Office Chair,2,16-06-2025 12:50,199,CUST-1073,United Kingdom
INV-537673,PROD-008,Laptop Stand,2,16-06-2025 12:50,29.99,CUST-1073,United Kingdom
INV-537674,PROD-008,Laptop Stand,14,16-06-2025 14:11,29.99,CUST-1125,Germany
INV-537674,PROD-007,Ergonomic Office Chair,14,16-06-2025 14:11,199,CUST-1125,Germany
INV-537674,PROD-004,27-inch Monitor,14,16-06-2025 14:11,249.99,CUST-1125,Germany
INV-537675,PROD-005,Bluetooth Headphones,2,16-06-2025 17:32,59.99,CUST-1157,United Kingdom
INV-537675,PROD-006,Desk Mat,3,16-06-2025 17:32,15.5,CUST-1157,United Kingdom
INV-537676,PROD-008,Laptop Stand,7,17-06-2025 09:01,29.99,CUST-1125,United Kingdom
INV-537676,PROD-006,Desk Mat,14,17-06-2025 09:01,15.5,CUST-1125,United Kingdom
INV-537676,PROD-005,Bluetooth Headphones,7,17-06-2025 09:01,59.99,CUST-1125,United Kingdom
INV-537677,PROD-002,Mechanical Keyboard,1,17-06-2025 11:52,85,CUST-1177,United Kingdom
INV-537677,PROD-004,27-inch Monitor,1,17-06-2025 11:52,249.99,CUST-1177,United Kingdom
INV-537677,PROD-005,Bluetooth Headphones,2,17-06-2025 11:52,59.99,CUST-1177,United Kingdom
INV-537677,PROD-006,Desk Mat,3,17-06-2025 11:52,15.5,CUST-1177,United Kingdom
INV-537678,PROD-008,Laptop Stand,21,17-06-2025 12:08,29.99,CUST-1100,United Kingdom
INV-537678,PROD-003,USB-C Hub,7,17-06-2025 12:08,35,CUST-1100,United Kingdom
INV-537679,PROD-004,27-inch Monitor,1,17-06-2025 13:40,249.99,CUST-1096,United Kingdom
INV-537680,PROD-008,Laptop Stand,1,17-06-2025 15:38,29.99,CUST-1138,France
INV-537680,PROD-001,Wireless Mouse,1,17-06-2025 15:38,25,CUST-1138,France
INV-537680,PROD-006,Desk Mat,2,17-06-2025 15:38,15.5,CUST-1138,France
INV-537680,PROD-004,27-inch Monitor,1,17-06-2025 15:38,249.99,CUST-1138,France
INV-537681,PROD-001,Wireless Mouse,1,17-06-2025 17:44,25,CUST-1191,United Kingdom
INV-537681,PROD-002,Mechanical Keyboard,3,17-06-2025 17:44,85,CUST-1191,United Kingdom
INV-537682,PROD-007,Ergonomic Office Chair,1,18-06-2025 10:21,199,CUST-1178,United Kingdom
INV-537682,PROD-005,Bluetooth Headphones,3,18-06-2025 10:21,59.99,CUST-1178,United Kingdom
INV-537682,PROD-008,Laptop Stand,3,18-06-2025 10:21,29.99,CUST-1178,United Kingdom
INV-537683,PROD-001,Wireless Mouse,1,18-06-2025 11:34,25,CUST-1012,United Kingdom
INV-537683,PROD-003,USB-C Hub,2,18-06-2025 11:34,35,CUST-1012,United Kingdom
INV-537684,PROD-004,27-inch Monitor,12,18-06-2025 12:22,249.99,CUST-1170,France
INV-537684,PROD-003,USB-C Hub,12,18-06-2025 12:22,35,CUST-1170,France
INV-537684,PROD-008,Laptop Stand,12,18-06-2025 12:22,29.99,CUST-1170,France
INV-537685,PROD-003,USB-C Hub,1,18-06-2025 13:31,35,CUST-1163,United Kingdom
INV-537686,PROD-003,USB-C Hub,2,18-06-2025 16:34,35,CUST-1194,United Kingdom
INV-537687,PROD-004,27-inch Monitor,2,18-06-2025 17:47,249.99,CUST-1161,France
INV-537687,PROD-008,Laptop Stand,1,18-06-2025 17:47,29.99,CUST-1161,France
INV-537688,PROD-002,Mechanical Keyboard,3,19-06-2025 10:29,85,CUST-1104,United Kingdom
INV-537688,PROD-005,Bluetooth Headphones,1,19-06-2025 10:29,59.99,CUST-1104,United Kingdom
INV-537688,PROD-006,Desk Mat,3,19-06-2025 10:29,15.5,CUST-1104,United Kingdom
INV-537688,PROD-003,USB-C Hub,1,19-06-2025 10:29,35,CUST-1104,United Kingdom
INV-537689,PROD-004,27-inch Monitor,2,19-06-2025 10:56,249.99,CUST-1019,France
INV-537690,PROD-001,Wireless Mouse,1,19-06-2025 12:04,25,CUST-1028,United Kingdom
INV-537690,PROD-003,USB-C Hub,1,19-06-2025 12:04,35,CUST-1028,United Kingdom
INV-537690,PROD-007,Ergonomic Office Chair,2,19-06-2025 12:04,199,CUST-1028,United Kingdom
INV-537691,PROD-003,USB-C Hub,15,19-06-2025 13:08,35,CUST-1020,United Kingdom
INV-537691,PROD-005,Bluetooth Headphones,5,19-06-2025 13:08,59.99,CUST-1020,United Kingdom
INV-537691,PROD-008,Laptop Stand,10,19-06-2025 13:08,29.99,CUST-1020,United Kingdom
INV-537691,PROD-002,Mechanical Keyboard,5,19-06-2025 13:08,85,CUST-1020,United Kingdom
INV-537692,PROD-008,Laptop Stand,2,19-06-2025 13:34,29.99,CUST-1037,Germany
INV-537692,PROD-004,27-inch Monitor,2,19-06-2025 13:34,249.99,CUST-1037,Germany
INV-537692,PROD-006,Desk Mat,2,19-06-2025 13:34,15.5,CUST-1037,Germany
INV-537692,PROD-003,USB-C Hub,3,19-06-2025 13:34,35,CUST-1037,Germany
INV-537693,PROD-004,27-inch Monitor,1,19-06-2025 14:24,249.99,CUST-1038,France
INV-537693,PROD-007,Ergonomic Office Chair,3,19-06-2025 14:24,199,CUST-1038,France
INV-537694,PROD-008,Laptop Stand,1,19-06-2025 17:14,29.99,CUST-1076,United Kingdom
INV-537694,PROD-002,Mechanical Keyboard,2,19-06-2025 17:14,85,CUST-1076,United Kingdom
INV-537694,PROD-005,Bluetooth Headphones,2,19-06-2025 17:14,59.99,CUST-1076,United Kingdom
INV-537694,PROD-001,Wireless Mouse,1,19-06-2025 17:14,25,CUST-1076,United Kingdom
INV-537695,PROD-006,Desk Mat,2,19-06-2025 17:49,15.5,CUST-1168,United Kingdom
INV-537696,PROD-004,27-inch Monitor,5,20-06-2025 10:43,249.99,CUST-1135,France
INV-537696,PROD-005,Bluetooth Headphones,5,20-06-2025 10:43,59.99,CUST-1135,France
INV-537696,PROD-003,USB-C Hub,5,20-06-2025 10:43,35,CUST-1135,France
INV-537697,PROD-006,Desk Mat,3,20-06-2025 12:02,15.5,CUST-1082,France
INV-537697,PROD-003,USB-C Hub,1,20-06-2025 12:02,35,CUST-1082,France
INV-537697,PROD-008,Laptop Stand,1,20-06-2025 12:02,29.99,CUST-1082,France
INV-537698,PROD-001,Wireless Mouse,3,20-06-2025 14:46,25,CUST-1023,France
INV-537698,PROD-007,Ergonomic Office Chair,1,20-06-2025 14:46,199,CUST-1023,France
INV-537698,PROD-002,Mechanical Keyboard,3,20-06-2025 14:46,85,CUST-1023,France
INV-537698,PROD-006,Desk Mat,2,20-06-2025 14:46,15.5,CUST-1023,France
INV-537699,PROD-007,Ergonomic Office Chair,3,20-06-2025 15:48,199,CUST-1180,United Kingdom
INV-537699,PROD-001,Wireless Mouse,3,20-06-2025 15:48,25,CUST-1180,United Kingdom
INV-537699,PROD-004,27-inch Monitor,6,20-06-2025 15:48,249.99,CUST-1180,United Kingdom
INV-537700,PROD-001,Wireless Mouse,9,21-06-2025 10:20,25,CUST-1180,United Kingdom
INV-537700,PROD-003,USB-C Hub,6,21-06-2025 10:20,35,CUST-1180,United Kingdom
INV-537701,PROD-006,Desk Mat,3,21-06-2025 11:29,15.5,CUST-1108,United Kingdom
INV-537701,PROD-003,USB-C Hub,1,21-06-2025 11:29,35,CUST-1108,United Kingdom
INV-537701,PROD-007,Ergonomic Office Chair,3,21-06-2025 11:29,199,CUST-1108,United Kingdom
INV-537702,PROD-008,Laptop Stand,10,21-06-2025 13:09,29.99,CUST-1030,Germany
INV-537702,PROD-002,Mechanical Keyboard,15,21-06-2025 13:09,85,CUST-1030,Germany
INV-537702,PROD-004,27-inch Monitor,15,21-06-2025 13:09,249.99,CUST-1030,Germany
INV-537702,PROD-001,Wireless Mouse,15,21-06-2025 13:09,25,CUST-1030,Germany
INV-537703,PROD-004,27-inch Monitor,1,21-06-2025 13:53,249.99,CUST-1002,United Kingdom
INV-537703,PROD-008,Laptop Stand,3,21-06-2025 13:53,29.99,CUST-1002,United Kingdom
INV-537703,PROD-007,Ergonomic Office Chair,3,21-06-2025 13:53,199,CUST-1002,United Kingdom
INV-537704,PROD-006,Desk Mat,12,21-06-2025 14:17,15.5,CUST-1180,United Kingdom
INV-537704,PROD-007,Ergonomic Office Chair,4,21-06-2025 14:17,199,CUST-1180,United Kingdom
INV-537705,PROD-002,Mechanical Keyboard,21,21-06-2025 15:15,85,CUST-1185,United Kingdom
INV-537705,PROD-008,Laptop Stand,7,21-06-2025 15:15,29.99,CUST-1185,United Kingdom
INV-537705,PROD-004,27-inch Monitor,21,21-06-2025 15:15,249.99,CUST-1185,United Kingdom
INV-537705,PROD-007,Ergonomic Office Chair,14,21-06-2025 15:15,199,CUST-1185,United Kingdom
INV-537706,PROD-003,USB-C Hub,6,21-06-2025 16:06,35,CUST-1025,United Kingdom
INV-537706,PROD-001,Wireless Mouse,6,21-06-2025 16:06,25,CUST-1025,United Kingdom
INV-537707,PROD-002,Mechanical Keyboard,10,21-06-2025 16:46,85,CUST-1175,United Kingdom
INV-537708,PROD-004,27-inch Monitor,14,22-06-2025 09:55,249.99,CUST-1100,United Kingdom
INV-537709,PROD-001,Wireless Mouse,2,22-06-2025 14:20,25,CUST-1054,United Kingdom
INV-537710,PROD-002,Mechanical Keyboard,1,22-06-2025 14:34,85,CUST-1163,Germany
INV-537710,PROD-005,Bluetooth Headphones,1,22-06-2025 14:34,59.99,CUST-1163,Germany
INV-537710,PROD-004,27-inch Monitor,3,22-06-2025 14:34,249.99,CUST-1163,Germany
INV-537710,PROD-001,Wireless Mouse,2,22-06-2025 14:34,25,CUST-1163,Germany
INV-537711,PROD-008,Laptop Stand,1,22-06-2025 15:04,29.99,CUST-1171,United Kingdom
INV-537711,PROD-007,Ergonomic Office Chair,1,22-06-2025 15:04,199,CUST-1171,United Kingdom
INV-537711,PROD-002,Mechanical Keyboard,3,22-06-2025 15:04,85,CUST-1171,United Kingdom
INV-537712,PROD-004,27-inch Monitor,9,22-06-2025 15:21,249.99,CUST-1120,France
INV-537713,PROD-007,Ergonomic Office Chair,2,22-06-2025 15:25,199,CUST-1048,France
INV-537713,PROD-003,USB-C Hub,3,22-06-2025 15:25,35,CUST-1048,France
INV-537713,PROD-002,Mechanical Keyboard,1,22-06-2025 15:25,85,CUST-1048,France
INV-537714,PROD-001,Wireless Mouse,2,22-06-2025 16:43,25,CUST-1163,France
INV-537714,PROD-008,Laptop Stand,3,22-06-2025 16:43,29.99,CUST-1163,France
INV-537714,PROD-006,Desk Mat,3,22-06-2025 16:43,15.5,CUST-1163,France
INV-537715,PROD-003,USB-C Hub,2,22-06-2025 17:21,35,CUST-1102,Germany
INV-537715,PROD-004,27-inch Monitor,2,22-06-2025 17:21,249.99,CUST-1102,Germany
INV-537716,PROD-003,USB-C Hub,2,23-06-2025 15:29,35,CUST-1091,France
INV-537716,PROD-008,Laptop Stand,1,23-06-2025 15:29,29.99,CUST-1091,France
INV-537717,PROD-004,27-inch Monitor,1,24-06-2025 09:32,249.99,CUST-1137,United Kingdom
INV-537717,PROD-003,USB-C Hub,2,24-06-2025 09:32,35,CUST-1137,United Kingdom
INV-537717,PROD-002,Mechanical Keyboard,1,24-06-2025 09:32,85,CUST-1137,United Kingdom
INV-537718,PROD-008,Laptop Stand,3,24-06-2025 10:35,29.99,CUST-1190,France
INV-537718,PROD-001,Wireless Mouse,9,24-06-2025 10:35,25,CUST-1190,France
INV-537718,PROD-006,Desk Mat,6,24-06-2025 10:35,15.5,CUST-1190,France
INV-537719,PROD-006,Desk Mat,1,24-06-2025 10:46,15.5,CUST-1114,United Kingdom
INV-537719,PROD-005,Bluetooth Headphones,2,24-06-2025 10:46,59.99,CUST-1114,United Kingdom
INV-537719,PROD-003,USB-C Hub,2,24-06-2025 10:46,35,CUST-1114,United Kingdom
INV-537719,PROD-008,Laptop Stand,3,24-06-2025 10:46,29.99,CUST-1114,United Kingdom
INV-537720,PROD-004,27-inch Monitor,2,24-06-2025 12:50,249.99,CUST-1084,France
INV-537720,PROD-002,Mechanical Keyboard,1,24-06-2025 12:50,85,CUST-1084,France
INV-537721,PROD-004,27-inch Monitor,4,24-06-2025 14:02,249.99,CUST-1185,Germany
INV-537721,PROD-007,Ergonomic Office Chair,4,24-06-2025 14:02,199,CUST-1185,Germany
INV-537722,PROD-007,Ergonomic Office Chair,1,24-06-2025 14:03,199,CUST-1083,United Kingdom
INV-537722,PROD-006,Desk Mat,2,24-06-2025 14:03,15.5,CUST-1083,United Kingdom
INV-537722,PROD-003,USB-C Hub,2,24-06-2025 14:03,35,CUST-1083,United Kingdom
INV-537722,PROD-005,Bluetooth Headphones,2,24-06-2025 14:03,59.99,CUST-1083,United Kingdom
INV-537723,PROD-001,Wireless Mouse,2,24-06-2025 15:00,25,CUST-1076,United Kingdom
INV-537724,PROD-001,Wireless Mouse,1,24-06-2025 16:22,25,CUST-1074,United Kingdom
INV-537724,PROD-006,Desk Mat,1,24-06-2025 16:22,15.5,CUST-1074,United Kingdom
INV-537724,PROD-002,Mechanical Keyboard,1,24-06-2025 16:22,85,CUST-1074,United Kingdom
INV-537725,PROD-006,Desk Mat,1,24-06-2025 17:33,15.5,CUST-1187,France
INV-537725,PROD-008,Laptop Stand,2,24-06-2025 17:33,29.99,CUST-1187,France
INV-537725,PROD-001,Wireless Mouse,2,24-06-2025 17:33,25,CUST-1187,France
INV-537726,PROD-008,Laptop Stand,1,25-06-2025 10:05,29.99,CUST-1133,France
INV-537726,PROD-005,Bluetooth Headphones,3,25-06-2025 10:05,59.99,CUST-1133,France
INV-537726,PROD-004,27-inch Monitor,1,25-06-2025 10:05,249.99,CUST-1133,France
INV-537726,PROD-001,Wireless Mouse,2,25-06-2025 10:05,25,CUST-1133,France
INV-537727,PROD-008,Laptop Stand,3,25-06-2025 11:22,29.99,CUST-1161,France
INV-537727,PROD-005,Bluetooth Headphones,2,25-06-2025 11:22,59.99,CUST-1161,France
INV-537727,PROD-004,27-inch Monitor,3,25-06-2025 11:22,249.99,CUST-1161,France
INV-537727,PROD-002,Mechanical Keyboard,2,25-06-2025 11:22,85,CUST-1161,France
INV-537728,PROD-006,Desk Mat,3,25-06-2025 12:11,15.5,CUST-1038,United Kingdom
INV-537729,PROD-008,Laptop Stand,2,25-06-2025 12:55,29.99,CUST-1136,Germany
INV-537729,PROD-001,Wireless Mouse,1,25-06-2025 12:55,25,CUST-1136,Germany
INV-537730,PROD-006,Desk Mat,10,25-06-2025 13:12,15.5,CUST-1060,United Kingdom
INV-537730,PROD-004,27-inch Monitor,5,25-06-2025 13:12,249.99,CUST-1060,United Kingdom
INV-537731,PROD-002,Mechanical Keyboard,6,25-06-2025 13:53,85,CUST-1090,United Kingdom
INV-537731,PROD-004,27-inch Monitor,3,25-06-2025 13:53,249.99,CUST-1090,United Kingdom
INV-537732,PROD-002,Mechanical Keyboard,3,25-06-2025 14:34,85,CUST-1168,Germany
INV-537732,PROD-001,Wireless Mouse,1,25-06-2025 14:34,25,CUST-1168,Germany
INV-537733,PROD-002,Mechanical Keyboard,2,25-06-2025 17:38,85,CUST-1167,United Kingdom
INV-537734,PROD-006,Desk Mat,2,26-06-2025 09:33,15.5,CUST-1027,United Kingdom
INV-537734,PROD-003,USB-C Hub,1,26-06-2025 09:33,35,CUST-1027,United Kingdom
INV-537734,PROD-004,27-inch Monitor,2,26-06-2025 09:33,249.99,CUST-1027,United Kingdom
INV-537735,PROD-007,Ergonomic Office Chair,3,26-06-2025 12:11,199,CUST-1019,France
INV-537735,PROD-002,Mechanical Keyboard,2,26-06-2025 12:11,85,CUST-1019,France
INV-537736,PROD-004,27-inch Monitor,21,26-06-2025 12:53,249.99,CUST-1105,Germany
INV-537736,PROD-006,Desk Mat,21,26-06-2025 12:53,15.5,CUST-1105,Germany
INV-537736,PROD-003,USB-C Hub,21,26-06-2025 12:53,35,CUST-1105,Germany
INV-537737,PROD-004,27-inch Monitor,2,26-06-2025 13:21,249.99,CUST-1117,France
INV-537737,PROD-002,Mechanical Keyboard,1,26-06-2025 13:21,85,CUST-1117,France
INV-537738,PROD-007,Ergonomic Office Chair,1,26-06-2025 15:19,199,CUST-1077,France
INV-537739,PROD-001,Wireless Mouse,1,27-06-2025 10:14,25,CUST-1137,Germany
INV-537739,PROD-006,Desk Mat,3,27-06-2025 10:14,15.5,CUST-1137,Germany
INV-537739,PROD-007,Ergonomic Office Chair,3,27-06-2025 10:14,199,CUST-1137,Germany
INV-537740,PROD-003,USB-C Hub,1,27-06-2025 10:16,35,CUST-1163,United Kingdom
INV-537740,PROD-006,Desk Mat,1,27-06-2025 10:16,15.5,CUST-1163,United Kingdom
INV-537740,PROD-002,Mechanical Keyboard,2,27-06-2025 10:16,85,CUST-1163,United Kingdom
INV-537740,PROD-005,Bluetooth Headphones,3,27-06-2025 10:16,59.99,CUST-1163,United Kingdom
INV-537741,PROD-001,Wireless Mouse,1,27-06-2025 11:04,25,CUST-1123,United Kingdom
INV-537741,PROD-007,Ergonomic Office Chair,3,27-06-2025 11:04,199,CUST-1123,United Kingdom
INV-537741,PROD-004,27-inch Monitor,3,27-06-2025 11:04,249.99,CUST-1123,United Kingdom
INV-537741,PROD-008,Laptop Stand,1,27-06-2025 11:04,29.99,CUST-1123,United Kingdom
INV-537742,PROD-004,27-inch Monitor,2,27-06-2025 12:36,249.99,CUST-1042,United Kingdom
INV-537742,PROD-002,Mechanical Keyboard,2,27-06-2025 12:36,85,CUST-1042,United Kingdom
INV-537742,PROD-005,Bluetooth Headphones,3,27-06-2025 12:36,59.99,CUST-1042,United Kingdom
INV-537742,PROD-003,USB-C Hub,3,27-06-2025 12:36,35,CUST-1042,United Kingdom
INV-537743,PROD-002,Mechanical Keyboard,1,27-06-2025 12:52,85,CUST-1014,Germany
INV-537744,PROD-006,Desk Mat,2,27-06-2025 13:58,15.5,CUST-1002,United Kingdom
INV-537744,PROD-002,Mechanical Keyboard,1,27-06-2025 13:58,85,CUST-1002,United Kingdom
INV-537744,PROD-004,27-inch Monitor,3,27-06-2025 13:58,249.99,CUST-1002,United Kingdom
INV-537745,PROD-006,Desk Mat,1,27-06-2025 15:28,15.5,CUST-1032,United Kingdom
INV-537745,PROD-003,USB-C Hub,3,27-06-2025 15:28,35,CUST-1032,United Kingdom
INV-537745,PROD-008,Laptop Stand,1,27-06-2025 15:28,29.99,CUST-1032,United Kingdom
INV-537746,PROD-003,USB-C Hub,2,28-06-2025 09:05,35,CUST-1019,France
INV-537746,PROD-004,27-inch Monitor,3,28-06-2025 09:05,249.99,CUST-1019,France
INV-537746,PROD-006,Desk Mat,2,28-06-2025 09:05,15.5,CUST-1019,France
INV-537746,PROD-008,Laptop Stand,2,28-06-2025 09:05,29.99,CUST-1019,France
INV-537747,PROD-007,Ergonomic Office Chair,5,28-06-2025 09:26,199,CUST-1065,France
INV-537747,PROD-001,Wireless Mouse,10,28-06-2025 09:26,25,CUST-1065,France
INV-537748,PROD-002,Mechanical Keyboard,2,28-06-2025 10:43,85,CUST-1058,United Kingdom
INV-537748,PROD-005,Bluetooth Headphones,3,28-06-2025 10:43,59.99,CUST-1058,United Kingdom
INV-537748,PROD-008,Laptop Stand,3,28-06-2025 10:43,29.99,CUST-1058,United Kingdom
INV-537749,PROD-002,Mechanical Keyboard,2,28-06-2025 12:47,85,CUST-1072,United Kingdom
INV-537749,PROD-001,Wireless Mouse,2,28-06-2025 12:47,25,CUST-1072,United Kingdom
INV-537750,PROD-007,Ergonomic Office Chair,1,28-06-2025 13:07,199,CUST-1128,United Kingdom
INV-537750,PROD-002,Mechanical Keyboard,3,28-06-2025 13:07,85,CUST-1128,United Kingdom
INV-537751,PROD-001,Wireless Mouse,6,28-06-2025 15:36,25,CUST-1020,United Kingdom
INV-537751,PROD-003,USB-C Hub,12,28-06-2025 15:36,35,CUST-1020,United Kingdom
INV-537751,PROD-007,Ergonomic Office Chair,12,28-06-2025 15:36,199,CUST-1020,United Kingdom
INV-537751,PROD-002,Mechanical Keyboard,18,28-06-2025 15:36,85,CUST-1020,United Kingdom
INV-537752,PROD-001,Wireless Mouse,2,29-06-2025 09:36,25,CUST-1123,United Kingdom
INV-537752,PROD-004,27-inch Monitor,3,29-06-2025 09:36,249.99,CUST-1123,United Kingdom
INV-537752,PROD-008,Laptop Stand,1,29-06-2025 09:36,29.99,CUST-1123,United Kingdom
INV-537752,PROD-007,Ergonomic Office Chair,1,29-06-2025 09:36,199,CUST-1123,United Kingdom
INV-537753,PROD-008,Laptop Stand,1,29-06-2025 10:51,29.99,CUST-1077,Germany
INV-537753,PROD-001,Wireless Mouse,3,29-06-2025 10:51,25,CUST-1077,Germany
INV-537754,PROD-008,Laptop Stand,2,29-06-2025 14:52,29.99,CUST-1199,United Kingdom
INV-537754,PROD-006,Desk Mat,1,29-06-2025 14:52,15.5,CUST-1199,United Kingdom
INV-537755,PROD-002,Mechanical Keyboard,2,29-06-2025 15:23,85,CUST-1031,United Kingdom
INV-537755,PROD-008,Laptop Stand,3,29-06-2025 15:23,29.99,CUST-1031,United Kingdom
INV-537755,PROD-007,Ergonomic Office Chair,3,29-06-2025 15:23,199,CUST-1031,United Kingdom
INV-537755,PROD-001,Wireless Mouse,2,29-06-2025 15:23,25,CUST-1031,United Kingdom
INV-537756,PROD-006,Desk Mat,3,30-06-2025 11:59,15.5,CUST-1046,United Kingdom
INV-537757,PROD-006,Desk Mat,1,30-06-2025 13:08,15.5,CUST-1023,United Kingdom
INV-537758,PROD-002,Mechanical Keyboard,1,30-06-2025 14:58,85,CUST-1041,United Kingdom
INV-537758,PROD-007,Ergonomic Office Chair,1,30-06-2025 14:58,199,CUST-1041,United Kingdom
INV-537759,PROD-006,Desk Mat,7,30-06-2025 16:51,15.5,CUST-1185,France
INV-537759,PROD-002,Mechanical Keyboard,7,30-06-2025 16:51,85,CUST-1185,France
INV-537759,PROD-001,Wireless Mouse,7,30-06-2025 16:51,25,CUST-1185,France
INV-537759,PROD-003,USB-C Hub,7,30-06-2025 16:51,35,CUST-1185,France
INV-537760,PROD-006,Desk Mat,3,30-06-2025 16:59,15.5,CUST-1093,United Kingdom
INV-537760,PROD-002,Mechanical Keyboard,3,30-06-2025 16:59,85,CUST-1093,United Kingdom
INV-537760,PROD-004,27-inch Monitor,1,30-06-2025 16:59,249.99,CUST-1093,United Kingdom
INV-537760,PROD-007,Ergonomic Office Chair,2,30-06-2025 16:59,199,CUST-1093,United Kingdom
INV-537761,PROD-008,Laptop Stand,1,01-07-2025 11:09,29.99,CUST-1083,Germany
INV-537761,PROD-007,Ergonomic Office Chair,1,01-07-2025 11:09,199,CUST-1083,Germany
INV-537761,PROD-006,Desk Mat,3,01-07-2025 11:09,15.5,CUST-1083,Germany
INV-537761,PROD-003,USB-C Hub,3,01-07-2025 11:09,35,CUST-1083,Germany
INV-537762,PROD-001,Wireless Mouse,3,01-07-2025 11:28,25,CUST-1154,United Kingdom
INV-537762,PROD-004,27-inch Monitor,2,01-07-2025 11:28,249.99,CUST-1154,United Kingdom
INV-537763,PROD-003,USB-C Hub,2,01-07-2025 11:29,35,CUST-1151,United Kingdom
INV-537763,PROD-004,27-inch Monitor,3,01-07-2025 11:29,249.99,CUST-1151,United Kingdom
INV-537763,PROD-002,Mechanical Keyboard,1,01-07-2025 11:29,85,CUST-1151,United Kingdom
INV-537764,PROD-007,Ergonomic Office Chair,12,01-07-2025 12:00,199,CUST-1010,France
INV-537765,PROD-008,Laptop Stand,3,01-07-2025 15:14,29.99,CUST-1084,United Kingdom
INV-537765,PROD-003,USB-C Hub,2,01-07-2025 15:14,35,CUST-1084,United Kingdom
INV-537765,PROD-004,27-inch Monitor,2,01-07-2025 15:14,249.99,CUST-1084,United Kingdom
INV-537766,PROD-003,USB-C Hub,12,01-07-2025 15:56,35,CUST-1110,United Kingdom
INV-537767,PROD-001,Wireless Mouse,2,02-07-2025 13:21,25,CUST-1098,United Kingdom
INV-537767,PROD-004,27-inch Monitor,3,02-07-2025 13:21,249.99,CUST-1098,United Kingdom
INV-537768,PROD-004,27-inch Monitor,2,02-07-2025 14:15,249.99,CUST-1151,Germany
INV-537769,PROD-001,Wireless Mouse,1,02-07-2025 15:24,25,CUST-1012,United Kingdom
INV-537769,PROD-003,USB-C Hub,3,02-07-2025 15:24,35,CUST-1012,United Kingdom
INV-537770,PROD-002,Mechanical Keyboard,3,02-07-2025 15:43,85,CUST-1171,United Kingdom
INV-537770,PROD-006,Desk Mat,2,02-07-2025 15:43,15.5,CUST-1171,United Kingdom
INV-537770,PROD-001,Wireless Mouse,2,02-07-2025 15:43,25,CUST-1171,United Kingdom
INV-537770,PROD-003,USB-C Hub,2,02-07-2025 15:43,35,CUST-1171,United Kingdom
INV-537771,PROD-005,Bluetooth Headphones,3,02-07-2025 16:18,59.99,CUST-1069,United Kingdom
INV-537771,PROD-007,Ergonomic Office Chair,2,02-07-2025 16:18,199,CUST-1069,United Kingdom
INV-537771,PROD-003,USB-C Hub,1,02-07-2025 16:18,35,CUST-1069,United Kingdom
INV-537771,PROD-008,Laptop Stand,2,02-07-2025 16:18,29.99,CUST-1069,United Kingdom
INV-537772,PROD-002,Mechanical Keyboard,1,02-07-2025 17:14,85,CUST-1138,Germany
INV-537772,PROD-005,Bluetooth Headphones,3,02-07-2025 17:14,59.99,CUST-1138,Germany
INV-537772,PROD-008,Laptop Stand,3,02-07-2025 17:14,29.99,CUST-1138,Germany
INV-537772,PROD-004,27-inch Monitor,1,02-07-2025 17:14,249.99,CUST-1138,Germany
INV-537773,PROD-008,Laptop Stand,3,03-07-2025 09:09,29.99,CUST-1116,Germany
INV-537773,PROD-006,Desk Mat,2,03-07-2025 09:09,15.5,CUST-1116,Germany
INV-537773,PROD-003,USB-C Hub,1,03-07-2025 09:09,35,CUST-1116,Germany
INV-537774,PROD-001,Wireless Mouse,6,03-07-2025 12:40,25,CUST-1005,United Kingdom
INV-537774,PROD-006,Desk Mat,3,03-07-2025 12:40,15.5,CUST-1005,United Kingdom
INV-537774,PROD-008,Laptop Stand,9,03-07-2025 12:40,29.99,CUST-1005,United Kingdom
INV-537775,PROD-004,27-inch Monitor,1,03-07-2025 16:01,249.99,CUST-1114,France
INV-537776,PROD-007,Ergonomic Office Chair,1,03-07-2025 17:02,199,CUST-1104,United Kingdom
INV-537777,PROD-003,USB-C Hub,5,03-07-2025 17:09,35,CUST-1105,Germany
INV-537778,PROD-002,Mechanical Keyboard,1,03-07-2025 17:11,85,CUST-1138,France
INV-537778,PROD-006,Desk Mat,2,03-07-2025 17:11,15.5,CUST-1138,France
INV-537778,PROD-003,USB-C Hub,1,03-07-2025 17:11,35,CUST-1138,France
INV-537779,PROD-006,Desk Mat,2,04-07-2025 17:25,15.5,CUST-1131,United Kingdom
INV-537779,PROD-003,USB-C Hub,3,04-07-2025 17:25,35,CUST-1131,United Kingdom
INV-537779,PROD-002,Mechanical Keyboard,1,04-07-2025 17:25,85,CUST-1131,United Kingdom
INV-537780,PROD-003,USB-C Hub,18,05-07-2025 10:33,35,CUST-1115,United Kingdom
INV-537780,PROD-002,Mechanical Keyboard,6,05-07-2025 10:33,85,CUST-1115,United Kingdom
INV-537780,PROD-007,Ergonomic Office Chair,6,05-07-2025 10:33,199,CUST-1115,United Kingdom
INV-537781,PROD-003,USB-C Hub,2,05-07-2025 11:34,35,CUST-1013,United Kingdom
INV-537781,PROD-004,27-inch Monitor,3,05-07-2025 11:34,249.99,CUST-1013,United Kingdom
INV-537781,PROD-008,Laptop Stand,3,05-07-2025 11:34,29.99,CUST-1013,United Kingdom
INV-537782,PROD-002,Mechanical Keyboard,3,05-07-2025 12:46,85,CUST-1101,France
INV-537782,PROD-004,27-inch Monitor,3,05-07-2025 12:46,249.99,CUST-1101,France
INV-537782,PROD-005,Bluetooth Headphones,2,05-07-2025 12:46,59.99,CUST-1101,France
INV-537782,PROD-001,Wireless Mouse,3,05-07-2025 12:46,25,CUST-1101,France
INV-537783,PROD-006,Desk Mat,12,05-07-2025 14:11,15.5,CUST-1115,United Kingdom
INV-537783,PROD-007,Ergonomic Office Chair,4,05-07-2025 14:11,199,CUST-1115,United Kingdom
INV-537784,PROD-004,27-inch Monitor,2,05-07-2025 14:48,249.99,CUST-1068,United Kingdom
INV-537785,PROD-003,USB-C Hub,2,05-07-2025 14:57,35,CUST-1153,United Kingdom
INV-537785,PROD-004,27-inch Monitor,3,05-07-2025 14:57,249.99,CUST-1153,United Kingdom
INV-537785,PROD-001,Wireless Mouse,3,05-07-2025 14:57,25,CUST-1153,United Kingdom
INV-537786,PROD-006,Desk Mat,2,05-07-2025 15:25,15.5,CUST-1179,France
INV-537786,PROD-002,Mechanical Keyboard,3,05-07-2025 15:25,85,CUST-1179,France
INV-537786,PROD-004,27-inch Monitor,2,05-07-2025 15:25,249.99,CUST-1179,France
INV-537787,PROD-007,Ergonomic Office Chair,12,05-07-2025 17:15,199,CUST-1090,United Kingdom
INV-537787,PROD-008,Laptop Stand,4,05-07-2025 17:15,29.99,CUST-1090,United Kingdom
INV-537787,PROD-004,27-inch Monitor,12,05-07-2025 17:15,249.99,CUST-1090,United Kingdom
INV-537787,PROD-002,Mechanical Keyboard,12,05-07-2025 17:15,85,CUST-1090,United Kingdom
INV-537788,PROD-002,Mechanical Keyboard,3,05-07-2025 17:58,85,CUST-1061,France
INV-537789,PROD-007,Ergonomic Office Chair,3,06-07-2025 09:03,199,CUST-1038,United Kingdom
INV-537789,PROD-008,Laptop Stand,1,06-07-2025 09:03,29.99,CUST-1038,United Kingdom
INV-537789,PROD-003,USB-C Hub,2,06-07-2025 09:03,35,CUST-1038,United Kingdom
INV-537789,PROD-004,27-inch Monitor,2,06-07-2025 09:03,249.99,CUST-1038,United Kingdom
INV-537790,PROD-005,Bluetooth Headphones,2,06-07-2025 09:18,59.99,CUST-1188,Germany
INV-537790,PROD-004,27-inch Monitor,2,06-07-2025 09:18,249.99,CUST-1188,Germany
INV-537790,PROD-007,Ergonomic Office Chair,2,06-07-2025 09:18,199,CUST-1188,Germany
INV-537790,PROD-001,Wireless Mouse,2,06-07-2025 09:18,25,CUST-1188,Germany
INV-537791,PROD-005,Bluetooth Headphones,2,06-07-2025 10:51,59.99,CUST-1131,United Kingdom
INV-537792,PROD-006,Desk Mat,6,06-07-2025 13:36,15.5,CUST-1140,United Kingdom
INV-537792,PROD-002,Mechanical Keyboard,12,06-07-2025 13:36,85,CUST-1140,United Kingdom
INV-537792,PROD-003,USB-C Hub,18,06-07-2025 13:36,35,CUST-1140,United Kingdom
INV-537792,PROD-005,Bluetooth Headphones,6,06-07-2025 13:36,59.99,CUST-1140,United Kingdom
INV-537793,PROD-002,Mechanical Keyboard,2,06-07-2025 14:28,85,CUST-1123,United Kingdom
INV-537793,PROD-008,Laptop Stand,2,06-07-2025 14:28,29.99,CUST-1123,United Kingdom
INV-537794,PROD-002,Mechanical Keyboard,2,06-07-2025 14:45,85,CUST-1058,United Kingdom
INV-537794,PROD-006,Desk Mat,1,06-07-2025 14:45,15.5,CUST-1058,United Kingdom
INV-537794,PROD-003,USB-C Hub,3,06-07-2025 14:45,35,CUST-1058,United Kingdom
INV-537794,PROD-008,Laptop Stand,1,06-07-2025 14:45,29.99,CUST-1058,United Kingdom
INV-537795,PROD-005,Bluetooth Headphones,1,06-07-2025 15:06,59.99,CUST-1017,Germany
INV-537795,PROD-001,Wireless Mouse,3,06-07-2025 15:06,25,CUST-1017,Germany
INV-537795,PROD-004,27-inch Monitor,1,06-07-2025 15:06,249.99,CUST-1017,Germany
INV-537796,PROD-004,27-inch Monitor,3,06-07-2025 15:36,249.99,CUST-1111,United Kingdom
INV-537796,PROD-007,Ergonomic Office Chair,2,06-07-2025 15:36,199,CUST-1111,United Kingdom
INV-537796,PROD-006,Desk Mat,3,06-07-2025 15:36,15.5,CUST-1111,United Kingdom
INV-537797,PROD-004,27-inch Monitor,2,06-07-2025 16:39,249.99,CUST-1056,France
INV-537798,PROD-007,Ergonomic Office Chair,1,06-07-2025 17:02,199,CUST-1073,United Kingdom
INV-537798,PROD-002,Mechanical Keyboard,1,06-07-2025 17:02,85,CUST-1073,United Kingdom
INV-537798,PROD-001,Wireless Mouse,1,06-07-2025 17:02,25,CUST-1073,United Kingdom
INV-537799,PROD-003,USB-C Hub,1,07-07-2025 10:02,35,CUST-1108,France
INV-537800,PROD-008,Laptop Stand,1,07-07-2025 10:03,29.99,CUST-1181,United Kingdom
INV-537801,PROD-007,Ergonomic Office Chair,6,07-07-2025 10:31,199,CUST-1030,United Kingdom
INV-537801,PROD-005,Bluetooth Headphones,9,07-07-2025 10:31,59.99,CUST-1030,United Kingdom
INV-537801,PROD-003,USB-C Hub,6,07-07-2025 10:31,35,CUST-1030,United Kingdom
INV-537801,PROD-001,Wireless Mouse,3,07-07-2025 10:31,25,CUST-1030,United Kingdom
INV-537802,PROD-007,Ergonomic Office Chair,3,07-07-2025 11:03,199,CUST-1024,United Kingdom
INV-537802,PROD-008,Laptop Stand,2,07-07-2025 11:03,29.99,CUST-1024,United Kingdom
INV-537802,PROD-002,Mechanical Keyboard,2,07-07-2025 11:03,85,CUST-1024,United Kingdom
INV-537803,PROD-008,Laptop Stand,3,07-07-2025 14:33,29.99,CUST-1166,United Kingdom
INV-537804,PROD-003,USB-C Hub,1,07-07-2025 17:30,35,CUST-1108,Germany
INV-537804,PROD-004,27-inch Monitor,3,07-07-2025 17:30,249.99,CUST-1108,Germany
INV-537804,PROD-007,Ergonomic Office Chair,2,07-07-2025 17:30,199,CUST-1108,Germany
INV-537805,PROD-007,Ergonomic Office Chair,3,08-07-2025 10:26,199,CUST-1032,United Kingdom
INV-537805,PROD-002,Mechanical Keyboard,3,08-07-2025 10:26,85,CUST-1032,United Kingdom
INV-537806,PROD-001,Wireless Mouse,3,08-07-2025 11:49,25,CUST-1109,Germany
INV-537806,PROD-002,Mechanical Keyboard,2,08-07-2025 11:49,85,CUST-1109,Germany
INV-537806,PROD-006,Desk Mat,3,08-07-2025 11:49,15.5,CUST-1109,Germany
INV-537806,PROD-008,Laptop Stand,1,08-07-2025 11:49,29.99,CUST-1109,Germany
INV-537807,PROD-003,USB-C Hub,2,08-07-2025 14:00,35,CUST-1144,United Kingdom
INV-537807,PROD-008,Laptop Stand,2,08-07-2025 14:00,29.99,CUST-1144,United Kingdom
INV-537807,PROD-005,Bluetooth Headphones,1,08-07-2025 14:00,59.99,CUST-1144,United Kingdom
INV-537807,PROD-002,Mechanical Keyboard,1,08-07-2025 14:00,85,CUST-1144,United Kingdom
INV-537808,PROD-007,Ergonomic Office Chair,1,08-07-2025 14:16,199,CUST-1073,United Kingdom
INV-537808,PROD-002,Mechanical Keyboard,1,08-07-2025 14:16,85,CUST-1073,United Kingdom
INV-537809,PROD-006,Desk Mat,2,08-07-2025 15:01,15.5,CUST-1156,United Kingdom
INV-537810,PROD-003,USB-C Hub,2,08-07-2025 16:48,35,CUST-1063,United Kingdom
INV-537810,PROD-004,27-inch Monitor,3,08-07-2025 16:48,249.99,CUST-1063,United Kingdom
INV-537810,PROD-002,Mechanical Keyboard,1,08-07-2025 16:48,85,CUST-1063,United Kingdom
INV-537811,PROD-008,Laptop Stand,3,08-07-2025 17:07,29.99,CUST-1074,United Kingdom
INV-537811,PROD-006,Desk Mat,1,08-07-2025 17:07,15.5,CUST-1074,United Kingdom
INV-537812,PROD-006,Desk Mat,14,09-07-2025 09:35,15.5,CUST-1035,United Kingdom
INV-537813,PROD-002,Mechanical Keyboard,3,09-07-2025 10:59,85,CUST-1173,United Kingdom
INV-537813,PROD-001,Wireless Mouse,2,09-07-2025 10:59,25,CUST-1173,United Kingdom
INV-537813,PROD-008,Laptop Stand,2,09-07-2025 10:59,29.99,CUST-1173,United Kingdom
INV-537813,PROD-007,Ergonomic Office Chair,2,09-07-2025 10:59,199,CUST-1173,United Kingdom
INV-537814,PROD-002,Mechanical Keyboard,3,09-07-2025 11:18,85,CUST-1072,United Kingdom
INV-537814,PROD-005,Bluetooth Headphones,1,09-07-2025 11:18,59.99,CUST-1072,United Kingdom
INV-537814,PROD-003,USB-C Hub,2,09-07-2025 11:18,35,CUST-1072,United Kingdom
INV-537814,PROD-001,Wireless Mouse,1,09-07-2025 11:18,25,CUST-1072,United Kingdom
INV-537815,PROD-004,27-inch Monitor,3,09-07-2025 12:24,249.99,CUST-1069,United Kingdom
INV-537815,PROD-003,USB-C Hub,1,09-07-2025 12:24,35,CUST-1069,United Kingdom
INV-537815,PROD-006,Desk Mat,2,09-07-2025 12:24,15.5,CUST-1069,United Kingdom
INV-537815,PROD-005,Bluetooth Headphones,1,09-07-2025 12:24,59.99,CUST-1069,United Kingdom
INV-537816,PROD-006,Desk Mat,1,09-07-2025 12:44,15.5,CUST-1144,United Kingdom
INV-537816,PROD-007,Ergonomic Office Chair,3,09-07-2025 12:44,199,CUST-1144,United Kingdom
INV-537816,PROD-005,Bluetooth Headphones,3,09-07-2025 12:44,59.99,CUST-1144,United Kingdom
INV-537816,PROD-008,Laptop Stand,3,09-07-2025 12:44,29.99,CUST-1144,United Kingdom
INV-537817,PROD-001,Wireless Mouse,1,09-07-2025 13:11,25,CUST-1009,France
INV-537818,PROD-003,USB-C Hub,8,09-07-2025 13:24,35,CUST-1030,United Kingdom
INV-537819,PROD-008,Laptop Stand,2,09-07-2025 15:27,29.99,CUST-1167,France
INV-537820,PROD-008,Laptop Stand,1,10-07-2025 09:02,29.99,CUST-1166,France
INV-537820,PROD-006,Desk Mat,3,10-07-2025 09:02,15.5,CUST-1166,France
INV-537820,PROD-001,Wireless Mouse,1,10-07-2025 09:02,25,CUST-1166,France
INV-537820,PROD-007,Ergonomic Office Chair,1,10-07-2025 09:02,199,CUST-1166,France
INV-537821,PROD-003,USB-C Hub,1,10-07-2025 09:39,35,CUST-1048,United Kingdom
INV-537821,PROD-002,Mechanical Keyboard,1,10-07-2025 09:39,85,CUST-1048,United Kingdom
INV-537821,PROD-008,Laptop Stand,1,10-07-2025 09:39,29.99,CUST-1048,United Kingdom
INV-537822,PROD-005,Bluetooth Headphones,8,10-07-2025 11:11,59.99,CUST-1115,United Kingdom
INV-537822,PROD-001,Wireless Mouse,4,10-07-2025 11:11,25,CUST-1115,United Kingdom
INV-537822,PROD-006,Desk Mat,4,10-07-2025 11:11,15.5,CUST-1115,United Kingdom
INV-537823,PROD-002,Mechanical Keyboard,3,10-07-2025 11:52,85,CUST-1139,Germany
INV-537823,PROD-005,Bluetooth Headphones,3,10-07-2025 11:52,59.99,CUST-1139,Germany
INV-537824,PROD-004,27-inch Monitor,2,10-07-2025 13:31,249.99,CUST-1116,United Kingdom
INV-537824,PROD-006,Desk Mat,2,10-07-2025 13:31,15.5,CUST-1116,United Kingdom
INV-537824,PROD-008,Laptop Stand,1,10-07-2025 13:31,29.99,CUST-1116,United Kingdom
INV-537825,PROD-001,Wireless Mouse,3,10-07-2025 13:51,25,CUST-1188,France
INV-537825,PROD-002,Mechanical Keyboard,3,10-07-2025 13:51,85,CUST-1188,France
INV-537825,PROD-008,Laptop Stand,2,10-07-2025 13:51,29.99,CUST-1188,France
INV-537826,PROD-003,USB-C Hub,1,10-07-2025 15:26,35,CUST-1017,United Kingdom
INV-537826,PROD-004,27-inch Monitor,1,10-07-2025 15:26,249.99,CUST-1017,United Kingdom
INV-537827,PROD-004,27-inch Monitor,3,10-07-2025 16:58,249.99,CUST-1133,United Kingdom
INV-537827,PROD-001,Wireless Mouse,1,10-07-2025 16:58,25,CUST-1133,United Kingdom
INV-537827,PROD-002,Mechanical Keyboard,2,10-07-2025 16:58,85,CUST-1133,United Kingdom
INV-537828,PROD-002,Mechanical Keyboard,2,11-07-2025 11:01,85,CUST-1177,United Kingdom
INV-537828,PROD-005,Bluetooth Headphones,2,11-07-2025 11:01,59.99,CUST-1177,United Kingdom
INV-537828,PROD-004,27-inch Monitor,1,11-07-2025 11:01,249.99,CUST-1177,United Kingdom
INV-537829,PROD-007,Ergonomic Office Chair,1,11-07-2025 11:10,199,CUST-1039,France
INV-537829,PROD-002,Mechanical Keyboard,3,11-07-2025 11:10,85,CUST-1039,France
INV-537829,PROD-001,Wireless Mouse,3,11-07-2025 11:10,25,CUST-1039,France
INV-537830,PROD-007,Ergonomic Office Chair,2,11-07-2025 11:53,199,CUST-1102,United Kingdom
INV-537831,PROD-002,Mechanical Keyboard,1,11-07-2025 13:57,85,CUST-1061,France
INV-537832,PROD-004,27-inch Monitor,1,11-07-2025 14:40,249.99,CUST-1177,United Kingdom
INV-537833,PROD-001,Wireless Mouse,18,11-07-2025 16:28,25,CUST-1110,Germany
INV-537834,PROD-002,Mechanical Keyboard,3,11-07-2025 17:37,85,CUST-1082,United Kingdom
INV-537834,PROD-008,Laptop Stand,3,11-07-2025 17:37,29.99,CUST-1082,United Kingdom
INV-537834,PROD-001,Wireless Mouse,3,11-07-2025 17:37,25,CUST-1082,United Kingdom
INV-537834,PROD-006,Desk Mat,1,11-07-2025 17:37,15.5,CUST-1082,United Kingdom
INV-537835,PROD-007,Ergonomic Office Chair,2,12-07-2025 09:21,199,CUST-1122,United Kingdom
INV-537836,PROD-005,Bluetooth Headphones,1,12-07-2025 14:25,59.99,CUST-1118,United Kingdom
INV-537836,PROD-008,Laptop Stand,1,12-07-2025 14:25,29.99,CUST-1118,United Kingdom
INV-537836,PROD-003,USB-C Hub,3,12-07-2025 14:25,35,CUST-1118,United Kingdom
INV-537837,PROD-002,Mechanical Keyboard,2,13-07-2025 09:57,85,CUST-1088,United Kingdom
INV-537837,PROD-006,Desk Mat,3,13-07-2025 09:57,15.5,CUST-1088,United Kingdom
INV-537837,PROD-005,Bluetooth Headphones,3,13-07-2025 09:57,59.99,CUST-1088,United Kingdom
INV-537838,PROD-008,Laptop Stand,2,13-07-2025 11:23,29.99,CUST-1013,France
INV-537839,PROD-003,USB-C Hub,3,13-07-2025 12:05,35,CUST-1081,France
INV-537839,PROD-001,Wireless Mouse,1,13-07-2025 12:05,25,CUST-1081,France
INV-537840,PROD-005,Bluetooth Headphones,6,13-07-2025 12:17,59.99,CUST-1025,France
INV-537840,PROD-006,Desk Mat,9,13-07-2025 12:17,15.5,CUST-1025,France
INV-537840,PROD-004,27-inch Monitor,6,13-07-2025 12:17,249.99,CUST-1025,France
INV-537840,PROD-008,Laptop Stand,6,13-07-2025 12:17,29.99,CUST-1025,France
INV-537841,PROD-006,Desk Mat,2,13-07-2025 13:28,15.5,CUST-1122,France
INV-537841,PROD-001,Wireless Mouse,3,13-07-2025 13:28,25,CUST-1122,France
INV-537841,PROD-008,Laptop Stand,2,13-07-2025 13:28,29.99,CUST-1122,France
INV-537841,PROD-004,27-inch Monitor,2,13-07-2025 13:28,249.99,CUST-1122,France
INV-537842,PROD-007,Ergonomic Office Chair,2,13-07-2025 13:54,199,CUST-1034,United Kingdom
INV-537842,PROD-005,Bluetooth Headphones,1,13-07-2025 13:54,59.99,CUST-1034,United Kingdom
INV-537842,PROD-004,27-inch Monitor,3,13-07-2025 13:54,249.99,CUST-1034,United Kingdom
INV-537842,PROD-008,Laptop Stand,2,13-07-2025 13:54,29.99,CUST-1034,United Kingdom
INV-537843,PROD-002,Mechanical Keyboard,9,13-07-2025 15:12,85,CUST-1165,United Kingdom
INV-537843,PROD-004,27-inch Monitor,3,13-07-2025 15:12,249.99,CUST-1165,United Kingdom
INV-537843,PROD-001,Wireless Mouse,6,13-07-2025 15:12,25,CUST-1165,United Kingdom
INV-537844,PROD-001,Wireless Mouse,3,13-07-2025 17:27,25,CUST-1066,France
INV-537844,PROD-002,Mechanical Keyboard,3,13-07-2025 17:27,85,CUST-1066,France
INV-537844,PROD-007,Ergonomic Office Chair,2,13-07-2025 17:27,199,CUST-1066,France
INV-537845,PROD-008,Laptop Stand,1,14-07-2025 10:20,29.99,CUST-1002,United Kingdom
INV-537845,PROD-006,Desk Mat,2,14-07-2025 10:20,15.5,CUST-1002,United Kingdom
INV-537846,PROD-004,27-inch Monitor,9,14-07-2025 14:13,249.99,CUST-1010,United Kingdom
INV-537846,PROD-006,Desk Mat,9,14-07-2025 14:13,15.5,CUST-1010,United Kingdom
INV-537847,PROD-004,27-inch Monitor,3,14-07-2025 14:48,249.99,CUST-1158,United Kingdom
INV-537847,PROD-002,Mechanical Keyboard,3,14-07-2025 14:48,85,CUST-1158,United Kingdom
INV-537848,PROD-002,Mechanical Keyboard,2,14-07-2025 17:28,85,CUST-1104,United Kingdom
INV-537849,PROD-002,Mechanical Keyboard,1,15-07-2025 10:51,85,CUST-1026,Germany
INV-537850,PROD-007,Ergonomic Office Chair,15,15-07-2025 13:49,199,CUST-1135,France
INV-537850,PROD-002,Mechanical Keyboard,15,15-07-2025 13:49,85,CUST-1135,France
INV-537850,PROD-006,Desk Mat,10,15-07-2025 13:49,15.5,CUST-1135,France
INV-537851,PROD-003,USB-C Hub,3,15-07-2025 14:11,35,CUST-1028,United Kingdom
INV-537852,PROD-002,Mechanical Keyboard,2,15-07-2025 16:20,85,CUST-1153,United Kingdom
INV-537852,PROD-008,Laptop Stand,3,15-07-2025 16:20,29.99,CUST-1153,United Kingdom
INV-537852,PROD-006,Desk Mat,1,15-07-2025 16:20,15.5,CUST-1153,United Kingdom
INV-537853,PROD-006,Desk Mat,1,15-07-2025 17:36,15.5,CUST-1103,United Kingdom
INV-537853,PROD-007,Ergonomic Office Chair,3,15-07-2025 17:36,199,CUST-1103,United Kingdom
INV-537853,PROD-001,Wireless Mouse,1,15-07-2025 17:36,25,CUST-1103,United Kingdom
INV-537854,PROD-004,27-inch Monitor,14,16-07-2025 12:21,249.99,CUST-1190,France
INV-537854,PROD-001,Wireless Mouse,7,16-07-2025 12:21,25,CUST-1190,France
INV-537855,PROD-004,27-inch Monitor,1,16-07-2025 12:23,249.99,CUST-1168,France
INV-537855,PROD-006,Desk Mat,3,16-07-2025 12:23,15.5,CUST-1168,France
INV-537856,PROD-007,Ergonomic Office Chair,2,16-07-2025 14:29,199,CUST-1178,United Kingdom
INV-537856,PROD-005,Bluetooth Headphones,3,16-07-2025 14:29,59.99,CUST-1178,United Kingdom
INV-537857,PROD-007,Ergonomic Office Chair,3,16-07-2025 14:33,199,CUST-1121,United Kingdom
INV-537857,PROD-003,USB-C Hub,1,16-07-2025 14:33,35,CUST-1121,United Kingdom
INV-537858,PROD-006,Desk Mat,1,16-07-2025 17:19,15.5,CUST-1013,United Kingdom
INV-537858,PROD-002,Mechanical Keyboard,2,16-07-2025 17:19,85,CUST-1013,United Kingdom
INV-537858,PROD-008,Laptop Stand,2,16-07-2025 17:19,29.99,CUST-1013,United Kingdom
INV-537858,PROD-007,Ergonomic Office Chair,3,16-07-2025 17:19,199,CUST-1013,United Kingdom
INV-537859,PROD-006,Desk Mat,3,17-07-2025 10:00,15.5,CUST-1198,United Kingdom
INV-537860,PROD-008,Laptop Stand,3,17-07-2025 10:17,29.99,CUST-1020,Germany
INV-537860,PROD-006,Desk Mat,3,17-07-2025 10:17,15.5,CUST-1020,Germany
INV-537861,PROD-004,27-inch Monitor,1,17-07-2025 10:46,249.99,CUST-1101,France
INV-537862,PROD-004,27-inch Monitor,2,17-07-2025 11:17,249.99,CUST-1058,France
INV-537862,PROD-002,Mechanical Keyboard,1,17-07-2025 11:17,85,CUST-1058,France
INV-537863,PROD-001,Wireless Mouse,6,17-07-2025 12:19,25,CUST-1145,United Kingdom
INV-537863,PROD-002,Mechanical Keyboard,18,17-07-2025 12:19,85,CUST-1145,United Kingdom
INV-537863,PROD-008,Laptop Stand,18,17-07-2025 12:19,29.99,CUST-1145,United Kingdom
INV-537864,PROD-002,Mechanical Keyboard,8,17-07-2025 15:03,85,CUST-1160,United Kingdom
INV-537864,PROD-008,Laptop Stand,8,17-07-2025 15:03,29.99,CUST-1160,United Kingdom
INV-537864,PROD-004,27-inch Monitor,12,17-07-2025 15:03,249.99,CUST-1160,United Kingdom
INV-537865,PROD-007,Ergonomic Office Chair,3,17-07-2025 15:08,199,CUST-1143,United Kingdom
INV-537865,PROD-005,Bluetooth Headphones,1,17-07-2025 15:08,59.99,CUST-1143,United Kingdom
INV-537865,PROD-006,Desk Mat,1,17-07-2025 15:08,15.5,CUST-1143,United Kingdom
INV-537865,PROD-002,Mechanical Keyboard,2,17-07-2025 15:08,85,CUST-1143,United Kingdom
INV-537866,PROD-003,USB-C Hub,2,17-07-2025 15:55,35,CUST-1124,United Kingdom
INV-537866,PROD-008,Laptop Stand,3,17-07-2025 15:55,29.99,CUST-1124,United Kingdom
INV-537867,PROD-005,Bluetooth Headphones,2,17-07-2025 16:34,59.99,CUST-1177,United Kingdom
INV-537867,PROD-001,Wireless Mouse,2,17-07-2025 16:34,25,CUST-1177,United Kingdom
INV-537868,PROD-006,Desk Mat,2,17-07-2025 17:28,15.5,CUST-1018,United Kingdom
INV-537868,PROD-003,USB-C Hub,3,17-07-2025 17:28,35,CUST-1018,United Kingdom
INV-537868,PROD-008,Laptop Stand,2,17-07-2025 17:28,29.99,CUST-1018,United Kingdom
INV-537869,PROD-008,Laptop Stand,3,18-07-2025 12:28,29.99,CUST-1190,Germany
INV-537869,PROD-002,Mechanical Keyboard,3,18-07-2025 12:28,85,CUST-1190,Germany
INV-537869,PROD-001,Wireless Mouse,9,18-07-2025 12:28,25,CUST-1190,Germany
INV-537869,PROD-004,27-inch Monitor,6,18-07-2025 12:28,249.99,CUST-1190,Germany
INV-537870,PROD-004,27-inch Monitor,2,18-07-2025 12:40,249.99,CUST-1096,United Kingdom
INV-537870,PROD-003,USB-C Hub,1,18-07-2025 12:40,35,CUST-1096,United Kingdom
INV-537870,PROD-008,Laptop Stand,1,18-07-2025 12:40,29.99,CUST-1096,United Kingdom
INV-537871,PROD-002,Mechanical Keyboard,2,18-07-2025 15:06,85,CUST-1188,United Kingdom
INV-537871,PROD-007,Ergonomic Office Chair,1,18-07-2025 15:06,199,CUST-1188,United Kingdom
INV-537871,PROD-008,Laptop Stand,1,18-07-2025 15:06,29.99,CUST-1188,United Kingdom
INV-537871,PROD-001,Wireless Mouse,1,18-07-2025 15:06,25,CUST-1188,United Kingdom
INV-537872,PROD-002,Mechanical Keyboard,4,18-07-2025 15:16,85,CUST-1140,France
INV-537872,PROD-004,27-inch Monitor,4,18-07-2025 15:16,249.99,CUST-1140,France
INV-537872,PROD-001,Wireless Mouse,8,18-07-2025 15:16,25,CUST-1140,France
INV-537873,PROD-001,Wireless Mouse,21,19-07-2025 11:25,25,CUST-1200,United Kingdom
INV-537873,PROD-002,Mechanical Keyboard,21,19-07-2025 11:25,85,CUST-1200,United Kingdom
INV-537873,PROD-003,USB-C Hub,7,19-07-2025 11:25,35,CUST-1200,United Kingdom
INV-537874,PROD-008,Laptop Stand,3,19-07-2025 15:07,29.99,CUST-1166,United Kingdom
INV-537874,PROD-005,Bluetooth Headphones,2,19-07-2025 15:07,59.99,CUST-1166,United Kingdom
INV-537875,PROD-001,Wireless Mouse,2,20-07-2025 09:28,25,CUST-1018,France
INV-537875,PROD-003,USB-C Hub,2,20-07-2025 09:28,35,CUST-1018,France
INV-537875,PROD-002,Mechanical Keyboard,1,20-07-2025 09:28,85,CUST-1018,France
INV-537876,PROD-006,Desk Mat,2,20-07-2025 11:30,15.5,CUST-1154,United Kingdom
INV-537876,PROD-007,Ergonomic Office Chair,3,20-07-2025 11:30,199,CUST-1154,United Kingdom
INV-537876,PROD-005,Bluetooth Headphones,2,20-07-2025 11:30,59.99,CUST-1154,United Kingdom
INV-537876,PROD-001,Wireless Mouse,3,20-07-2025 11:30,25,CUST-1154,United Kingdom
INV-537877,PROD-002,Mechanical Keyboard,3,20-07-2025 12:44,85,CUST-1019,United Kingdom
INV-537878,PROD-005,Bluetooth Headphones,3,20-07-2025 13:19,59.99,CUST-1094,United Kingdom
INV-537878,PROD-001,Wireless Mouse,2,20-07-2025 13:19,25,CUST-1094,United Kingdom
INV-537879,PROD-004,27-inch Monitor,1,20-07-2025 17:03,249.99,CUST-1172,United Kingdom
INV-537880,PROD-004,27-inch Monitor,2,21-07-2025 10:08,249.99,CUST-1031,United Kingdom
INV-537880,PROD-001,Wireless Mouse,3,21-07-2025 10:08,25,CUST-1031,United Kingdom
INV-537881,PROD-008,Laptop Stand,3,21-07-2025 10:16,29.99,CUST-1048,France
INV-537882,PROD-005,Bluetooth Headphones,1,21-07-2025 11:34,59.99,CUST-1131,France
INV-537882,PROD-008,Laptop Stand,1,21-07-2025 11:34,29.99,CUST-1131,France
INV-537883,PROD-005,Bluetooth Headphones,3,21-07-2025 13:49,59.99,CUST-1133,United Kingdom
INV-537884,PROD-007,Ergonomic Office Chair,2,21-07-2025 15:56,199,CUST-1028,United Kingdom
INV-537884,PROD-004,27-inch Monitor,1,21-07-2025 15:56,249.99,CUST-1028,United Kingdom
INV-537885,PROD-004,27-inch Monitor,2,22-07-2025 09:44,249.99,CUST-1059,United Kingdom
INV-537885,PROD-005,Bluetooth Headphones,3,22-07-2025 09:44,59.99,CUST-1059,United Kingdom
INV-537885,PROD-006,Desk Mat,3,22-07-2025 09:44,15.5,CUST-1059,United Kingdom
INV-537886,PROD-006,Desk Mat,4,22-07-2025 14:23,15.5,CUST-1080,United Kingdom
INV-537886,PROD-002,Mechanical Keyboard,12,22-07-2025 14:23,85,CUST-1080,United Kingdom
INV-537886,PROD-004,27-inch Monitor,8,22-07-2025 14:23,249.99,CUST-1080,United Kingdom
INV-537886,PROD-008,Laptop Stand,12,22-07-2025 14:23,29.99,CUST-1080,United Kingdom
INV-537887,PROD-003,USB-C Hub,1,22-07-2025 17:40,35,CUST-1059,France
INV-537887,PROD-008,Laptop Stand,3,22-07-2025 17:40,29.99,CUST-1059,France
INV-537887,PROD-002,Mechanical Keyboard,3,22-07-2025 17:40,85,CUST-1059,France
INV-537888,PROD-005,Bluetooth Headphones,2,23-07-2025 09:52,59.99,CUST-1144,United Kingdom
INV-537888,PROD-001,Wireless Mouse,2,23-07-2025 09:52,25,CUST-1144,United Kingdom
INV-537889,PROD-005,Bluetooth Headphones,3,23-07-2025 10:37,59.99,CUST-1098,France
INV-537890,PROD-001,Wireless Mouse,3,23-07-2025 10:42,25,CUST-1192,Germany
INV-537890,PROD-008,Laptop Stand,1,23-07-2025 10:42,29.99,CUST-1192,Germany
INV-537890,PROD-004,27-inch Monitor,1,23-07-2025 10:42,249.99,CUST-1192,Germany
INV-537890,PROD-005,Bluetooth Headphones,3,23-07-2025 10:42,59.99,CUST-1192,Germany
INV-537891,PROD-005,Bluetooth Headphones,2,23-07-2025 11:00,59.99,CUST-1187,France
INV-537891,PROD-007,Ergonomic Office Chair,2,23-07-2025 11:00,199,CUST-1187,France
INV-537891,PROD-008,Laptop Stand,2,23-07-2025 11:00,29.99,CUST-1187,France
INV-537891,PROD-003,USB-C Hub,3,23-07-2025 11:00,35,CUST-1187,France
INV-537892,PROD-007,Ergonomic Office Chair,1,23-07-2025 15:39,199,CUST-1088,Germany
INV-537893,PROD-002,Mechanical Keyboard,3,23-07-2025 16:22,85,CUST-1042,Germany
INV-537893,PROD-007,Ergonomic Office Chair,1,23-07-2025 16:22,199,CUST-1042,Germany
INV-537893,PROD-005,Bluetooth Headphones,3,23-07-2025 16:22,59.99,CUST-1042,Germany
INV-537893,PROD-006,Desk Mat,2,23-07-2025 16:22,15.5,CUST-1042,Germany
INV-537894,PROD-001,Wireless Mouse,15,24-07-2025 12:21,25,CUST-1185,France
INV-537894,PROD-007,Ergonomic Office Chair,10,24-07-2025 12:21,199,CUST-1185,France
INV-537894,PROD-003,USB-C Hub,15,24-07-2025 12:21,35,CUST-1185,France
INV-537894,PROD-005,Bluetooth Headphones,5,24-07-2025 12:21,59.99,CUST-1185,France
INV-537895,PROD-008,Laptop Stand,1,24-07-2025 14:34,29.99,CUST-1031,United Kingdom
INV-537895,PROD-007,Ergonomic Office Chair,3,24-07-2025 14:34,199,CUST-1031,United Kingdom
INV-537895,PROD-002,Mechanical Keyboard,3,24-07-2025 14:34,85,CUST-1031,United Kingdom
INV-537895,PROD-003,USB-C Hub,1,24-07-2025 14:34,35,CUST-1031,United Kingdom
INV-537896,PROD-006,Desk Mat,3,24-07-2025 14:36,15.5,CUST-1149,United Kingdom
INV-537896,PROD-003,USB-C Hub,2,24-07-2025 14:36,35,CUST-1149,United Kingdom
INV-537896,PROD-001,Wireless Mouse,1,24-07-2025 14:36,25,CUST-1149,United Kingdom
INV-537896,PROD-004,27-inch Monitor,3,24-07-2025 14:36,249.99,CUST-1149,United Kingdom
INV-537897,PROD-006,Desk Mat,1,24-07-2025 15:32,15.5,CUST-1144,United Kingdom
INV-537897,PROD-008,Laptop Stand,1,24-07-2025 15:32,29.99,CUST-1144,United Kingdom
INV-537897,PROD-007,Ergonomic Office Chair,3,24-07-2025 15:32,199,CUST-1144,United Kingdom
INV-537897,PROD-002,Mechanical Keyboard,3,24-07-2025 15:32,85,CUST-1144,United Kingdom
INV-537898,PROD-001,Wireless Mouse,3,24-07-2025 15:43,25,CUST-1156,United Kingdom
INV-537898,PROD-002,Mechanical Keyboard,1,24-07-2025 15:43,85,CUST-1156,United Kingdom
INV-537899,PROD-005,Bluetooth Headphones,2,24-07-2025 17:32,59.99,CUST-1126,France
INV-537899,PROD-007,Ergonomic Office Chair,2,24-07-2025 17:32,199,CUST-1126,France
INV-537899,PROD-006,Desk Mat,2,24-07-2025 17:32,15.5,CUST-1126,France
INV-537899,PROD-003,USB-C Hub,3,24-07-2025 17:32,35,CUST-1126,France
INV-537900,PROD-008,Laptop Stand,1,25-07-2025 11:09,29.99,CUST-1006,United Kingdom
INV-537900,PROD-006,Desk Mat,2,25-07-2025 11:09,15.5,CUST-1006,United Kingdom
INV-537900,PROD-001,Wireless Mouse,2,25-07-2025 11:09,25,CUST-1006,United Kingdom
INV-537900,PROD-004,27-inch Monitor,3,25-07-2025 11:09,249.99,CUST-1006,United Kingdom
INV-537901,PROD-007,Ergonomic Office Chair,3,25-07-2025 12:17,199,CUST-1163,United Kingdom
INV-537902,PROD-006,Desk Mat,1,25-07-2025 12:52,15.5,CUST-1179,United Kingdom
INV-537902,PROD-002,Mechanical Keyboard,1,25-07-2025 12:52,85,CUST-1179,United Kingdom
INV-537902,PROD-001,Wireless Mouse,1,25-07-2025 12:52,25,CUST-1179,United Kingdom
INV-537903,PROD-001,Wireless Mouse,1,25-07-2025 15:31,25,CUST-1196,United Kingdom
INV-537903,PROD-008,Laptop Stand,1,25-07-2025 15:31,29.99,CUST-1196,United Kingdom
INV-537903,PROD-004,27-inch Monitor,2,25-07-2025 15:31,249.99,CUST-1196,United Kingdom
INV-537903,PROD-006,Desk Mat,1,25-07-2025 15:31,15.5,CUST-1196,United Kingdom
INV-537904,PROD-002,Mechanical Keyboard,2,25-07-2025 16:58,85,CUST-1182,Germany
INV-537905,PROD-007,Ergonomic Office Chair,1,25-07-2025 17:45,199,CUST-1074,United Kingdom
INV-537905,PROD-008,Laptop Stand,3,25-07-2025 17:45,29.99,CUST-1074,United Kingdom
INV-537906,PROD-005,Bluetooth Headphones,3,25-07-2025 17:47,59.99,CUST-1179,United Kingdom
INV-537906,PROD-001,Wireless Mouse,1,25-07-2025 17:47,25,CUST-1179,United Kingdom
INV-537907,PROD-005,Bluetooth Headphones,2,26-07-2025 09:06,59.99,CUST-1093,Germany
INV-537907,PROD-001,Wireless Mouse,2,26-07-2025 09:06,25,CUST-1093,Germany
INV-537907,PROD-003,USB-C Hub,3,26-07-2025 09:06,35,CUST-1093,Germany
INV-537907,PROD-002,Mechanical Keyboard,3,26-07-2025 09:06,85,CUST-1093,Germany
INV-537908,PROD-004,27-inch Monitor,2,26-07-2025 09:55,249.99,CUST-1167,Germany
INV-537908,PROD-005,Bluetooth Headphones,1,26-07-2025 09:55,59.99,CUST-1167,Germany
INV-537908,PROD-007,Ergonomic Office Chair,1,26-07-2025 09:55,199,CUST-1167,Germany
INV-537909,PROD-001,Wireless Mouse,2,26-07-2025 10:50,25,CUST-1077,United Kingdom
INV-537909,PROD-005,Bluetooth Headphones,2,26-07-2025 10:50,59.99,CUST-1077,United Kingdom
INV-537909,PROD-004,27-inch Monitor,1,26-07-2025 10:50,249.99,CUST-1077,United Kingdom
INV-537909,PROD-002,Mechanical Keyboard,1,26-07-2025 10:50,85,CUST-1077,United Kingdom
INV-537910,PROD-007,Ergonomic Office Chair,1,26-07-2025 11:31,199,CUST-1137,United Kingdom
INV-537910,PROD-001,Wireless Mouse,3,26-07-2025 11:31,25,CUST-1137,United Kingdom
INV-537910,PROD-003,USB-C Hub,3,26-07-2025 11:31,35,CUST-1137,United Kingdom
INV-537910,PROD-008,Laptop Stand,1,26-07-2025 11:31,29.99,CUST-1137,United Kingdom
INV-537911,PROD-007,Ergonomic Office Chair,2,26-07-2025 12:31,199,CUST-1181,Germany
INV-537911,PROD-008,Laptop Stand,2,26-07-2025 12:31,29.99,CUST-1181,Germany
INV-537912,PROD-007,Ergonomic Office Chair,2,26-07-2025 13:42,199,CUST-1131,United Kingdom
INV-537912,PROD-005,Bluetooth Headphones,2,26-07-2025 13:42,59.99,CUST-1131,United Kingdom
INV-537912,PROD-002,Mechanical Keyboard,1,26-07-2025 13:42,85,CUST-1131,United Kingdom
INV-537912,PROD-003,USB-C Hub,2,26-07-2025 13:42,35,CUST-1131,United Kingdom
INV-537913,PROD-002,Mechanical Keyboard,3,26-07-2025 15:27,85,CUST-1084,France
INV-537913,PROD-001,Wireless Mouse,3,26-07-2025 15:27,25,CUST-1084,France
INV-537914,PROD-003,USB-C Hub,5,26-07-2025 16:21,35,CUST-1180,United Kingdom
INV-537914,PROD-004,27-inch Monitor,10,26-07-2025 16:21,249.99,CUST-1180,United Kingdom
INV-537914,PROD-007,Ergonomic Office Chair,10,26-07-2025 16:21,199,CUST-1180,United Kingdom
INV-537915,PROD-008,Laptop Stand,2,26-07-2025 17:33,29.99,CUST-1182,United Kingdom
INV-537915,PROD-005,Bluetooth Headphones,3,26-07-2025 17:33,59.99,CUST-1182,United Kingdom
INV-537915,PROD-004,27-inch Monitor,1,26-07-2025 17:33,249.99,CUST-1182,United Kingdom
INV-537915,PROD-001,Wireless Mouse,1,26-07-2025 17:33,25,CUST-1182,United Kingdom
INV-537916,PROD-001,Wireless Mouse,3,27-07-2025 10:03,25,CUST-1200,Germany
INV-537916,PROD-005,Bluetooth Headphones,6,27-07-2025 10:03,59.99,CUST-1200,Germany
INV-537916,PROD-004,27-inch Monitor,3,27-07-2025 10:03,249.99,CUST-1200,Germany
INV-537916,PROD-006,Desk Mat,9,27-07-2025 10:03,15.5,CUST-1200,Germany
INV-537917,PROD-006,Desk Mat,1,27-07-2025 11:02,15.5,CUST-1019,United Kingdom
INV-537918,PROD-007,Ergonomic Office Chair,2,27-07-2025 11:09,199,CUST-1138,United Kingdom
INV-537918,PROD-005,Bluetooth Headphones,2,27-07-2025 11:09,59.99,CUST-1138,United Kingdom
INV-537919,PROD-006,Desk Mat,2,27-07-2025 12:28,15.5,CUST-1017,France
INV-537919,PROD-008,Laptop Stand,2,27-07-2025 12:28,29.99,CUST-1017,France
INV-537919,PROD-007,Ergonomic Office Chair,2,27-07-2025 12:28,199,CUST-1017,France
INV-537920,PROD-008,Laptop Stand,3,27-07-2025 13:01,29.99,CUST-1147,United Kingdom
INV-537920,PROD-005,Bluetooth Headphones,3,27-07-2025 13:01,59.99,CUST-1147,United Kingdom
INV-537920,PROD-006,Desk Mat,1,27-07-2025 13:01,15.5,CUST-1147,United Kingdom
INV-537921,PROD-008,Laptop Stand,3,27-07-2025 13:35,29.99,CUST-1016,France
INV-537921,PROD-007,Ergonomic Office Chair,3,27-07-2025 13:35,199,CUST-1016,France
INV-537921,PROD-004,27-inch Monitor,3,27-07-2025 13:35,249.99,CUST-1016,France
INV-537922,PROD-006,Desk Mat,2,27-07-2025 15:15,15.5,CUST-1124,United Kingdom
INV-537923,PROD-005,Bluetooth Headphones,1,27-07-2025 17:12,59.99,CUST-1088,United Kingdom
INV-537923,PROD-003,USB-C Hub,3,27-07-2025 17:12,35,CUST-1088,United Kingdom
INV-537923,PROD-001,Wireless Mouse,1,27-07-2025 17:12,25,CUST-1088,United Kingdom
INV-537923,PROD-008,Laptop Stand,2,27-07-2025 17:12,29.99,CUST-1088,United Kingdom
INV-537924,PROD-004,27-inch Monitor,2,28-07-2025 09:14,249.99,CUST-1023,Germany
INV-537924,PROD-006,Desk Mat,1,28-07-2025 09:14,15.5,CUST-1023,Germany
INV-537924,PROD-005,Bluetooth Headphones,2,28-07-2025 09:14,59.99,CUST-1023,Germany
INV-537924,PROD-001,Wireless Mouse,3,28-07-2025 09:14,25,CUST-1023,Germany
INV-537925,PROD-002,Mechanical Keyboard,12,28-07-2025 09:52,85,CUST-1065,Germany
INV-537926,PROD-004,27-inch Monitor,15,28-07-2025 10:11,249.99,CUST-1135,United Kingdom
INV-537926,PROD-001,Wireless Mouse,15,28-07-2025 10:11,25,CUST-1135,United Kingdom
INV-537927,PROD-005,Bluetooth Headphones,14,28-07-2025 10:19,59.99,CUST-1175,United Kingdom
INV-537927,PROD-008,Laptop Stand,21,28-07-2025 10:19,29.99,CUST-1175,United Kingdom
INV-537928,PROD-002,Mechanical Keyboard,3,28-07-2025 11:13,85,CUST-1158,United Kingdom
INV-537928,PROD-008,Laptop Stand,3,28-07-2025 11:13,29.99,CUST-1158,United Kingdom
INV-537929,PROD-001,Wireless Mouse,1,28-07-2025 11:47,25,CUST-1187,France
INV-537929,PROD-007,Ergonomic Office Chair,1,28-07-2025 11:47,199,CUST-1187,France
INV-537929,PROD-004,27-inch Monitor,2,28-07-2025 11:47,249.99,CUST-1187,France
INV-537930,PROD-006,Desk Mat,2,28-07-2025 11:56,15.5,CUST-1154,Germany
INV-537930,PROD-004,27-inch Monitor,2,28-07-2025 11:56,249.99,CUST-1154,Germany
INV-537930,PROD-007,Ergonomic Office Chair,1,28-07-2025 11:56,199,CUST-1154,Germany
INV-537930,PROD-008,Laptop Stand,1,28-07-2025 11:56,29.99,CUST-1154,Germany
INV-537931,PROD-007,Ergonomic Office Chair,2,28-07-2025 12:51,199,CUST-1158,United Kingdom
INV-537931,PROD-005,Bluetooth Headphones,1,28-07-2025 12:51,59.99,CUST-1158,United Kingdom
INV-537932,PROD-007,Ergonomic Office Chair,3,28-07-2025 13:13,199,CUST-1054,United Kingdom
INV-537932,PROD-001,Wireless Mouse,3,28-07-2025 13:13,25,CUST-1054,United Kingdom
INV-537933,PROD-002,Mechanical Keyboard,2,29-07-2025 09:53,85,CUST-1037,France
INV-537933,PROD-001,Wireless Mouse,2,29-07-2025 09:53,25,CUST-1037,France
INV-537933,PROD-007,Ergonomic Office Chair,3,29-07-2025 09:53,199,CUST-1037,France
INV-537933,PROD-008,Laptop Stand,3,29-07-2025 09:53,29.99,CUST-1037,France
INV-537934,PROD-008,Laptop Stand,1,29-07-2025 09:57,29.99,CUST-1111,France
INV-537934,PROD-007,Ergonomic Office Chair,1,29-07-2025 09:57,199,CUST-1111,France
INV-537935,PROD-003,USB-C Hub,2,29-07-2025 10:28,35,CUST-1137,United Kingdom
INV-537936,PROD-002,Mechanical Keyboard,3,29-07-2025 12:18,85,CUST-1072,United Kingdom
INV-537936,PROD-004,27-inch Monitor,2,29-07-2025 12:18,249.99,CUST-1072,United Kingdom
INV-537937,PROD-006,Desk Mat,1,29-07-2025 13:29,15.5,CUST-1042,United Kingdom
INV-537938,PROD-007,Ergonomic Office Chair,3,29-07-2025 16:32,199,CUST-1028,Germany
INV-537938,PROD-005,Bluetooth Headphones,3,29-07-2025 16:32,59.99,CUST-1028,Germany
INV-537938,PROD-008,Laptop Stand,1,29-07-2025 16:32,29.99,CUST-1028,Germany
INV-537938,PROD-003,USB-C Hub,2,29-07-2025 16:32,35,CUST-1028,Germany
INV-537939,PROD-002,Mechanical Keyboard,2,30-07-2025 15:50,85,CUST-1143,Germany
INV-537939,PROD-004,27-inch Monitor,3,30-07-2025 15:50,249.99,CUST-1143,Germany
INV-537939,PROD-001,Wireless Mouse,3,30-07-2025 15:50,25,CUST-1143,Germany
INV-537940,PROD-002,Mechanical Keyboard,3,30-07-2025 15:56,85,CUST-1038,United Kingdom
INV-537940,PROD-007,Ergonomic Office Chair,3,30-07-2025 15:56,199,CUST-1038,United Kingdom
INV-537940,PROD-005,Bluetooth Headphones,3,30-07-2025 15:56,59.99,CUST-1038,United Kingdom
INV-537940,PROD-008,Laptop Stand,2,30-07-2025 15:56,29.99,CUST-1038,United Kingdom
INV-537941,PROD-008,Laptop Stand,3,30-07-2025 16:25,29.99,CUST-1122,France
INV-537941,PROD-006,Desk Mat,3,30-07-2025 16:25,15.5,CUST-1122,France
INV-537942,PROD-004,27-inch Monitor,1,30-07-2025 17:15,249.99,CUST-1147,United Kingdom
INV-537943,PROD-008,Laptop Stand,2,31-07-2025 11:50,29.99,CUST-1061,Germany
INV-537943,PROD-007,Ergonomic Office Chair,3,31-07-2025 11:50,199,CUST-1061,Germany
INV-537944,PROD-008,Laptop Stand,1,31-07-2025 13:41,29.99,CUST-1179,United Kingdom
INV-537944,PROD-006,Desk Mat,2,31-07-2025 13:41,15.5,CUST-1179,United Kingdom
INV-537944,PROD-007,Ergonomic Office Chair,1,31-07-2025 13:41,199,CUST-1179,United Kingdom
INV-537945,PROD-004,27-inch Monitor,2,31-07-2025 15:55,249.99,CUST-1128,France
INV-537946,PROD-004,27-inch Monitor,1,31-07-2025 16:38,249.99,CUST-1178,United Kingdom
INV-537946,PROD-001,Wireless Mouse,2,31-07-2025 16:38,25,CUST-1178,United Kingdom
INV-537946,PROD-007,Ergonomic Office Chair,3,31-07-2025 16:38,199,CUST-1178,United Kingdom
INV-537946,PROD-005,Bluetooth Headphones,1,31-07-2025 16:38,59.99,CUST-1178,United Kingdom
INV-537947,PROD-002,Mechanical Keyboard,7,01-08-2025 09:08,85,CUST-1030,United Kingdom
INV-537947,PROD-004,27-inch Monitor,7,01-08-2025 09:08,249.99,CUST-1030,United Kingdom
INV-537948,PROD-007,Ergonomic Office Chair,1,01-08-2025 09:47,199,CUST-1028,United Kingdom
INV-537948,PROD-005,Bluetooth Headphones,2,01-08-2025 09:47,59.99,CUST-1028,United Kingdom
INV-537948,PROD-002,Mechanical Keyboard,1,01-08-2025 09:47,85,CUST-1028,United Kingdom
INV-537948,PROD-003,USB-C Hub,1,01-08-2025 09:47,35,CUST-1028,United Kingdom
INV-537949,PROD-001,Wireless Mouse,3,01-08-2025 11:45,25,CUST-1158,United Kingdom
INV-537949,PROD-004,27-inch Monitor,2,01-08-2025 11:45,249.99,CUST-1158,United Kingdom
INV-537950,PROD-002,Mechanical Keyboard,4,01-08-2025 12:22,85,CUST-1130,France
INV-537950,PROD-006,Desk Mat,12,01-08-2025 12:22,15.5,CUST-1130,France
INV-537950,PROD-001,Wireless Mouse,4,01-08-2025 12:22,25,CUST-1130,France
INV-537950,PROD-007,Ergonomic Office Chair,8,01-08-2025 12:22,199,CUST-1130,France
INV-537951,PROD-003,USB-C Hub,3,02-08-2025 10:37,35,CUST-1132,United Kingdom
INV-537951,PROD-005,Bluetooth Headphones,2,02-08-2025 10:37,59.99,CUST-1132,United Kingdom
INV-537951,PROD-002,Mechanical Keyboard,3,02-08-2025 10:37,85,CUST-1132,United Kingdom
INV-537951,PROD-008,Laptop Stand,3,02-08-2025 10:37,29.99,CUST-1132,United Kingdom
INV-537952,PROD-008,Laptop Stand,1,02-08-2025 10:55,29.99,CUST-1121,Germany
INV-537952,PROD-007,Ergonomic Office Chair,1,02-08-2025 10:55,199,CUST-1121,Germany
INV-537952,PROD-003,USB-C Hub,2,02-08-2025 10:55,35,CUST-1121,Germany
INV-537953,PROD-005,Bluetooth Headphones,3,02-08-2025 11:44,59.99,CUST-1163,Germany
INV-537954,PROD-005,Bluetooth Headphones,1,02-08-2025 12:27,59.99,CUST-1079,United Kingdom
INV-537954,PROD-003,USB-C Hub,1,02-08-2025 12:27,35,CUST-1079,United Kingdom
INV-537954,PROD-007,Ergonomic Office Chair,2,02-08-2025 12:27,199,CUST-1079,United Kingdom
INV-537955,PROD-003,USB-C Hub,2,02-08-2025 13:58,35,CUST-1019,United Kingdom
INV-537955,PROD-005,Bluetooth Headphones,1,02-08-2025 13:58,59.99,CUST-1019,United Kingdom
INV-537955,PROD-001,Wireless Mouse,2,02-08-2025 13:58,25,CUST-1019,United Kingdom
INV-537955,PROD-002,Mechanical Keyboard,1,02-08-2025 13:58,85,CUST-1019,United Kingdom
INV-537956,PROD-008,Laptop Stand,1,02-08-2025 14:47,29.99,CUST-1024,United Kingdom
INV-537956,PROD-007,Ergonomic Office Chair,3,02-08-2025 14:47,199,CUST-1024,United Kingdom
INV-537956,PROD-006,Desk Mat,2,02-08-2025 14:47,15.5,CUST-1024,United Kingdom
INV-537956,PROD-005,Bluetooth Headphones,1,02-08-2025 14:47,59.99,CUST-1024,United Kingdom
INV-537957,PROD-005,Bluetooth Headphones,3,02-08-2025 15:29,59.99,CUST-1046,France
INV-537957,PROD-008,Laptop Stand,1,02-08-2025 15:29,29.99,CUST-1046,France
INV-537957,PROD-003,USB-C Hub,2,02-08-2025 15:29,35,CUST-1046,France
INV-537957,PROD-002,Mechanical Keyboard,2,02-08-2025 15:29,85,CUST-1046,France
INV-537958,PROD-008,Laptop Stand,21,02-08-2025 16:05,29.99,CUST-1160,United Kingdom
INV-537959,PROD-003,USB-C Hub,10,03-08-2025 09:25,35,CUST-1035,France
INV-537959,PROD-007,Ergonomic Office Chair,5,03-08-2025 09:25,199,CUST-1035,France
INV-537960,PROD-008,Laptop Stand,5,03-08-2025 09:46,29.99,CUST-1175,Germany
INV-537961,PROD-006,Desk Mat,1,03-08-2025 10:30,15.5,CUST-1059,Germany
INV-537961,PROD-005,Bluetooth Headphones,2,03-08-2025 10:30,59.99,CUST-1059,Germany
INV-537961,PROD-008,Laptop Stand,2,03-08-2025 10:30,29.99,CUST-1059,Germany
INV-537962,PROD-008,Laptop Stand,5,03-08-2025 10:35,29.99,CUST-1025,France
INV-537963,PROD-005,Bluetooth Headphones,1,03-08-2025 13:53,59.99,CUST-1081,United Kingdom
INV-537964,PROD-004,27-inch Monitor,2,03-08-2025 14:47,249.99,CUST-1102,United Kingdom
INV-537964,PROD-007,Ergonomic Office Chair,2,03-08-2025 14:47,199,CUST-1102,United Kingdom
INV-537964,PROD-001,Wireless Mouse,2,03-08-2025 14:47,25,CUST-1102,United Kingdom
INV-537965,PROD-001,Wireless Mouse,1,03-08-2025 15:58,25,CUST-1178,United Kingdom
INV-537965,PROD-002,Mechanical Keyboard,2,03-08-2025 15:58,85,CUST-1178,United Kingdom
INV-537965,PROD-006,Desk Mat,3,03-08-2025 15:58,15.5,CUST-1178,United Kingdom
INV-537965,PROD-005,Bluetooth Headphones,2,03-08-2025 15:58,59.99,CUST-1178,United Kingdom
INV-537966,PROD-007,Ergonomic Office Chair,1,03-08-2025 16:08,199,CUST-1181,United Kingdom
INV-537967,PROD-001,Wireless Mouse,3,04-08-2025 09:38,25,CUST-1194,France
INV-537968,PROD-004,27-inch Monitor,6,04-08-2025 10:19,249.99,CUST-1200,Germany
INV-537968,PROD-002,Mechanical Keyboard,6,04-08-2025 10:19,85,CUST-1200,Germany
INV-537969,PROD-006,Desk Mat,1,04-08-2025 13:19,15.5,CUST-1188,France
INV-537970,PROD-005,Bluetooth Headphones,7,04-08-2025 13:56,59.99,CUST-1145,United Kingdom
INV-537971,PROD-008,Laptop Stand,1,04-08-2025 14:58,29.99,CUST-1157,United Kingdom
INV-537971,PROD-001,Wireless Mouse,1,04-08-2025 14:58,25,CUST-1157,United Kingdom
INV-537971,PROD-007,Ergonomic Office Chair,3,04-08-2025 14:58,199,CUST-1157,United Kingdom
INV-537972,PROD-003,USB-C Hub,12,05-08-2025 09:59,35,CUST-1045,United Kingdom
INV-537973,PROD-001,Wireless Mouse,3,05-08-2025 10:25,25,CUST-1049,France
INV-537973,PROD-008,Laptop Stand,2,05-08-2025 10:25,29.99,CUST-1049,France
INV-537974,PROD-003,USB-C Hub,3,05-08-2025 11:35,35,CUST-1191,United Kingdom
INV-537974,PROD-005,Bluetooth Headphones,3,05-08-2025 11:35,59.99,CUST-1191,United Kingdom
INV-537974,PROD-004,27-inch Monitor,2,05-08-2025 11:35,249.99,CUST-1191,United Kingdom
INV-537974,PROD-008,Laptop Stand,1,05-08-2025 11:35,29.99,CUST-1191,United Kingdom
INV-537975,PROD-008,Laptop Stand,12,05-08-2025 13:56,29.99,CUST-1075,Germany
INV-537975,PROD-005,Bluetooth Headphones,4,05-08-2025 13:56,59.99,CUST-1075,Germany
INV-537975,PROD-003,USB-C Hub,8,05-08-2025 13:56,35,CUST-1075,Germany
INV-537975,PROD-002,Mechanical Keyboard,4,05-08-2025 13:56,85,CUST-1075,Germany
INV-537976,PROD-006,Desk Mat,2,05-08-2025 14:12,15.5,CUST-1112,United Kingdom
INV-537976,PROD-008,Laptop Stand,3,05-08-2025 14:12,29.99,CUST-1112,United Kingdom
INV-537976,PROD-003,USB-C Hub,3,05-08-2025 14:12,35,CUST-1112,United Kingdom
INV-537977,PROD-002,Mechanical Keyboard,3,05-08-2025 14:14,85,CUST-1072,United Kingdom
INV-537977,PROD-003,USB-C Hub,1,05-08-2025 14:14,35,CUST-1072,United Kingdom
INV-537977,PROD-008,Laptop Stand,1,05-08-2025 14:14,29.99,CUST-1072,United Kingdom
INV-537977,PROD-001,Wireless Mouse,3,05-08-2025 14:14,25,CUST-1072,United Kingdom
INV-537978,PROD-001,Wireless Mouse,18,05-08-2025 15:34,25,CUST-1015,United Kingdom
INV-537978,PROD-007,Ergonomic Office Chair,6,05-08-2025 15:34,199,CUST-1015,United Kingdom
INV-537978,PROD-008,Laptop Stand,12,05-08-2025 15:34,29.99,CUST-1015,United Kingdom
INV-537978,PROD-003,USB-C Hub,18,05-08-2025 15:34,35,CUST-1015,United Kingdom
INV-537979,PROD-007,Ergonomic Office Chair,3,05-08-2025 16:41,199,CUST-1129,United Kingdom
INV-537979,PROD-001,Wireless Mouse,3,05-08-2025 16:41,25,CUST-1129,United Kingdom
INV-537979,PROD-006,Desk Mat,3,05-08-2025 16:41,15.5,CUST-1129,United Kingdom
INV-537980,PROD-001,Wireless Mouse,3,06-08-2025 09:15,25,CUST-1091,United Kingdom
INV-537980,PROD-004,27-inch Monitor,2,06-08-2025 09:15,249.99,CUST-1091,United Kingdom
INV-537980,PROD-003,USB-C Hub,3,06-08-2025 09:15,35,CUST-1091,United Kingdom
INV-537980,PROD-007,Ergonomic Office Chair,2,06-08-2025 09:15,199,CUST-1091,United Kingdom
INV-537981,PROD-001,Wireless Mouse,2,06-08-2025 09:15,25,CUST-1186,United Kingdom
INV-537981,PROD-002,Mechanical Keyboard,3,06-08-2025 09:15,85,CUST-1186,United Kingdom
INV-537981,PROD-003,USB-C Hub,3,06-08-2025 09:15,35,CUST-1186,United Kingdom
INV-537982,PROD-006,Desk Mat,1,06-08-2025 10:09,15.5,CUST-1191,Germany
INV-537982,PROD-004,27-inch Monitor,1,06-08-2025 10:09,249.99,CUST-1191,Germany
INV-537982,PROD-005,Bluetooth Headphones,3,06-08-2025 10:09,59.99,CUST-1191,Germany
INV-537982,PROD-003,USB-C Hub,2,06-08-2025 10:09,35,CUST-1191,Germany
INV-537983,PROD-008,Laptop Stand,2,06-08-2025 12:00,29.99,CUST-1132,United Kingdom
INV-537983,PROD-006,Desk Mat,1,06-08-2025 12:00,15.5,CUST-1132,United Kingdom
INV-537983,PROD-001,Wireless Mouse,1,06-08-2025 12:00,25,CUST-1132,United Kingdom
INV-537984,PROD-001,Wireless Mouse,2,06-08-2025 13:44,25,CUST-1131,United Kingdom
INV-537984,PROD-005,Bluetooth Headphones,2,06-08-2025 13:44,59.99,CUST-1131,United Kingdom
INV-537985,PROD-008,Laptop Stand,1,06-08-2025 14:32,29.99,CUST-1093,United Kingdom
INV-537985,PROD-007,Ergonomic Office Chair,3,06-08-2025 14:32,199,CUST-1093,United Kingdom
INV-537985,PROD-006,Desk Mat,2,06-08-2025 14:32,15.5,CUST-1093,United Kingdom
INV-537985,PROD-003,USB-C Hub,3,06-08-2025 14:32,35,CUST-1093,United Kingdom
INV-537986,PROD-001,Wireless Mouse,3,06-08-2025 17:13,25,CUST-1033,United Kingdom
INV-537986,PROD-003,USB-C Hub,2,06-08-2025 17:13,35,CUST-1033,United Kingdom
INV-537986,PROD-002,Mechanical Keyboard,1,06-08-2025 17:13,85,CUST-1033,United Kingdom
INV-537987,PROD-002,Mechanical Keyboard,2,07-08-2025 10:27,85,CUST-1179,United Kingdom
INV-537987,PROD-006,Desk Mat,1,07-08-2025 10:27,15.5,CUST-1179,United Kingdom
INV-537987,PROD-008,Laptop Stand,2,07-08-2025 10:27,29.99,CUST-1179,United Kingdom
INV-537987,PROD-004,27-inch Monitor,3,07-08-2025 10:27,249.99,CUST-1179,United Kingdom
INV-537988,PROD-002,Mechanical Keyboard,1,07-08-2025 11:20,85,CUST-1137,Germany
INV-537988,PROD-007,Ergonomic Office Chair,1,07-08-2025 11:20,199,CUST-1137,Germany
INV-537988,PROD-001,Wireless Mouse,3,07-08-2025 11:20,25,CUST-1137,Germany
INV-537988,PROD-006,Desk Mat,1,07-08-2025 11:20,15.5,CUST-1137,Germany
INV-537989,PROD-002,Mechanical Keyboard,1,08-08-2025 12:38,85,CUST-1133,Germany
INV-537989,PROD-001,Wireless Mouse,2,08-08-2025 12:38,25,CUST-1133,Germany
INV-537989,PROD-005,Bluetooth Headphones,2,08-08-2025 12:38,59.99,CUST-1133,Germany
INV-537989,PROD-008,Laptop Stand,3,08-08-2025 12:38,29.99,CUST-1133,Germany
INV-537990,PROD-003,USB-C Hub,3,08-08-2025 15:56,35,CUST-1115,United Kingdom
INV-537991,PROD-002,Mechanical Keyboard,1,08-08-2025 17:02,85,CUST-1107,United Kingdom
INV-537991,PROD-001,Wireless Mouse,2,08-08-2025 17:02,25,CUST-1107,United Kingdom
INV-537991,PROD-004,27-inch Monitor,1,08-08-2025 17:02,249.99,CUST-1107,United Kingdom
INV-537991,PROD-005,Bluetooth Headphones,3,08-08-2025 17:02,59.99,CUST-1107,United Kingdom
INV-537992,PROD-008,Laptop Stand,1,08-08-2025 17:38,29.99,CUST-1123,United Kingdom
INV-537992,PROD-002,Mechanical Keyboard,1,08-08-2025 17:38,85,CUST-1123,United Kingdom
INV-537992,PROD-004,27-inch Monitor,3,08-08-2025 17:38,249.99,CUST-1123,United Kingdom
INV-537992,PROD-005,Bluetooth Headphones,1,08-08-2025 17:38,59.99,CUST-1123,United Kingdom
INV-537993,PROD-005,Bluetooth Headphones,1,09-08-2025 10:08,59.99,CUST-1168,United Kingdom
INV-537993,PROD-004,27-inch Monitor,1,09-08-2025 10:08,249.99,CUST-1168,United Kingdom
INV-537993,PROD-007,Ergonomic Office Chair,2,09-08-2025 10:08,199,CUST-1168,United Kingdom
INV-537994,PROD-005,Bluetooth Headphones,2,09-08-2025 11:18,59.99,CUST-1192,United Kingdom
INV-537994,PROD-004,27-inch Monitor,1,09-08-2025 11:18,249.99,CUST-1192,United Kingdom
INV-537994,PROD-002,Mechanical Keyboard,3,09-08-2025 11:18,85,CUST-1192,United Kingdom
INV-537995,PROD-006,Desk Mat,5,09-08-2025 12:30,15.5,CUST-1065,United Kingdom
INV-537995,PROD-001,Wireless Mouse,10,09-08-2025 12:30,25,CUST-1065,United Kingdom
INV-537996,PROD-003,USB-C Hub,1,09-08-2025 12:35,35,CUST-1052,Germany
INV-537997,PROD-001,Wireless Mouse,12,09-08-2025 13:20,25,CUST-1160,United Kingdom
INV-537997,PROD-004,27-inch Monitor,6,09-08-2025 13:20,249.99,CUST-1160,United Kingdom
INV-537998,PROD-008,Laptop Stand,2,09-08-2025 15:52,29.99,CUST-1173,United Kingdom
INV-537998,PROD-003,USB-C Hub,1,09-08-2025 15:52,35,CUST-1173,United Kingdom
INV-537999,PROD-005,Bluetooth Headphones,2,09-08-2025 15:52,59.99,CUST-1118,United Kingdom
INV-537999,PROD-003,USB-C Hub,2,09-08-2025 15:52,35,CUST-1118,United Kingdom
INV-538000,PROD-005,Bluetooth Headphones,1,09-08-2025 15:59,59.99,CUST-1117,United Kingdom
INV-538000,PROD-002,Mechanical Keyboard,2,09-08-2025 15:59,85,CUST-1117,United Kingdom
INV-538000,PROD-006,Desk Mat,1,09-08-2025 15:59,15.5,CUST-1117,United Kingdom
INV-538000,PROD-001,Wireless Mouse,1,09-08-2025 15:59,25,CUST-1117,United Kingdom
INV-538001,PROD-005,Bluetooth Headphones,3,09-08-2025 17:11,59.99,CUST-1117,France
INV-538001,PROD-002,Mechanical Keyboard,3,09-08-2025 17:11,85,CUST-1117,France
INV-538001,PROD-007,Ergonomic Office Chair,2,09-08-2025 17:11,199,CUST-1117,France
INV-538002,PROD-004,27-inch Monitor,2,09-08-2025 17:32,249.99,CUST-1118,Germany
INV-538002,PROD-001,Wireless Mouse,1,09-08-2025 17:32,25,CUST-1118,Germany
INV-538003,PROD-001,Wireless Mouse,2,10-08-2025 09:29,25,CUST-1166,France
INV-538003,PROD-006,Desk Mat,3,10-08-2025 09:29,15.5,CUST-1166,France
INV-538004,PROD-002,Mechanical Keyboard,3,10-08-2025 10:57,85,CUST-1156,Germany
INV-538005,PROD-003,USB-C Hub,2,10-08-2025 14:43,35,CUST-1177,Germany
INV-538005,PROD-007,Ergonomic Office Chair,3,10-08-2025 14:43,199,CUST-1177,Germany
INV-538005,PROD-001,Wireless Mouse,2,10-08-2025 14:43,25,CUST-1177,Germany
INV-538006,PROD-008,Laptop Stand,3,11-08-2025 10:59,29.99,CUST-1104,France
INV-538006,PROD-007,Ergonomic Office Chair,3,11-08-2025 10:59,199,CUST-1104,France
INV-538006,PROD-006,Desk Mat,3,11-08-2025 10:59,15.5,CUST-1104,France
INV-538007,PROD-002,Mechanical Keyboard,9,11-08-2025 11:00,85,CUST-1190,Germany
INV-538008,PROD-002,Mechanical Keyboard,1,11-08-2025 11:02,85,CUST-1136,Germany
INV-538009,PROD-001,Wireless Mouse,1,11-08-2025 11:29,25,CUST-1046,France
INV-538009,PROD-006,Desk Mat,1,11-08-2025 11:29,15.5,CUST-1046,France
INV-538009,PROD-003,USB-C Hub,3,11-08-2025 11:29,35,CUST-1046,France
INV-538010,PROD-006,Desk Mat,3,11-08-2025 11:57,15.5,CUST-1180,United Kingdom
INV-538011,PROD-003,USB-C Hub,2,11-08-2025 13:53,35,CUST-1156,United Kingdom
INV-538011,PROD-007,Ergonomic Office Chair,1,11-08-2025 13:53,199,CUST-1156,United Kingdom
INV-538011,PROD-002,Mechanical Keyboard,1,11-08-2025 13:53,85,CUST-1156,United Kingdom
INV-538011,PROD-005,Bluetooth Headphones,2,11-08-2025 13:53,59.99,CUST-1156,United Kingdom
INV-538012,PROD-006,Desk Mat,3,11-08-2025 14:01,15.5,CUST-1152,Germany
INV-538012,PROD-007,Ergonomic Office Chair,2,11-08-2025 14:01,199,CUST-1152,Germany
INV-538013,PROD-001,Wireless Mouse,3,11-08-2025 15:26,25,CUST-1102,France
INV-538013,PROD-006,Desk Mat,2,11-08-2025 15:26,15.5,CUST-1102,France
INV-538013,PROD-004,27-inch Monitor,3,11-08-2025 15:26,249.99,CUST-1102,France
INV-538014,PROD-004,27-inch Monitor,3,11-08-2025 16:43,249.99,CUST-1107,United Kingdom
INV-538014,PROD-007,Ergonomic Office Chair,1,11-08-2025 16:43,199,CUST-1107,United Kingdom
INV-538015,PROD-007,Ergonomic Office Chair,2,11-08-2025 16:48,199,CUST-1173,United Kingdom
INV-538015,PROD-005,Bluetooth Headphones,2,11-08-2025 16:48,59.99,CUST-1173,United Kingdom
INV-538015,PROD-008,Laptop Stand,3,11-08-2025 16:48,29.99,CUST-1173,United Kingdom
INV-538016,PROD-002,Mechanical Keyboard,3,11-08-2025 16:50,85,CUST-1056,United Kingdom
INV-538017,PROD-003,USB-C Hub,3,11-08-2025 17:49,35,CUST-1103,Germany
INV-538017,PROD-005,Bluetooth Headphones,3,11-08-2025 17:49,59.99,CUST-1103,Germany
INV-538017,PROD-006,Desk Mat,1,11-08-2025 17:49,15.5,CUST-1103,Germany
INV-538017,PROD-007,Ergonomic Office Chair,3,11-08-2025 17:49,199,CUST-1103,Germany
INV-538018,PROD-002,Mechanical Keyboard,14,11-08-2025 17:52,85,CUST-1095,France
INV-538018,PROD-007,Ergonomic Office Chair,7,11-08-2025 17:52,199,CUST-1095,France
INV-538018,PROD-001,Wireless Mouse,21,11-08-2025 17:52,25,CUST-1095,France
INV-538019,PROD-006,Desk Mat,3,12-08-2025 10:04,15.5,CUST-1130,Germany
INV-538020,PROD-006,Desk Mat,2,12-08-2025 11:08,15.5,CUST-1053,France
INV-538020,PROD-004,27-inch Monitor,3,12-08-2025 11:08,249.99,CUST-1053,France
INV-538020,PROD-003,USB-C Hub,3,12-08-2025 11:08,35,CUST-1053,France
INV-538020,PROD-001,Wireless Mouse,3,12-08-2025 11:08,25,CUST-1053,France
INV-538021,PROD-004,27-inch Monitor,1,12-08-2025 11:51,249.99,CUST-1048,United Kingdom
INV-538021,PROD-003,USB-C Hub,1,12-08-2025 11:51,35,CUST-1048,United Kingdom
INV-538021,PROD-001,Wireless Mouse,1,12-08-2025 11:51,25,CUST-1048,United Kingdom
INV-538022,PROD-005,Bluetooth Headphones,2,13-08-2025 09:50,59.99,CUST-1067,France
INV-538022,PROD-007,Ergonomic Office Chair,1,13-08-2025 09:50,199,CUST-1067,France
INV-538022,PROD-001,Wireless Mouse,3,13-08-2025 09:50,25,CUST-1067,France
INV-538022,PROD-002,Mechanical Keyboard,2,13-08-2025 09:50,85,CUST-1067,France
INV-538023,PROD-005,Bluetooth Headphones,3,13-08-2025 10:43,59.99,CUST-1093,France
INV-538023,PROD-007,Ergonomic Office Chair,3,13-08-2025 10:43,199,CUST-1093,France
INV-538023,PROD-002,Mechanical Keyboard,3,13-08-2025 10:43,85,CUST-1093,France
INV-538024,PROD-004,27-inch Monitor,1,13-08-2025 15:11,249.99,CUST-1184,United Kingdom
INV-538024,PROD-005,Bluetooth Headphones,3,13-08-2025 15:11,59.99,CUST-1184,United Kingdom
INV-538024,PROD-001,Wireless Mouse,1,13-08-2025 15:11,25,CUST-1184,United Kingdom
INV-538025,PROD-005,Bluetooth Headphones,2,13-08-2025 16:47,59.99,CUST-1044,United Kingdom
INV-538025,PROD-004,27-inch Monitor,2,13-08-2025 16:47,249.99,CUST-1044,United Kingdom
INV-538025,PROD-008,Laptop Stand,3,13-08-2025 16:47,29.99,CUST-1044,United Kingdom
INV-538026,PROD-004,27-inch Monitor,21,13-08-2025 17:55,249.99,CUST-1060,France
INV-538026,PROD-005,Bluetooth Headphones,7,13-08-2025 17:55,59.99,CUST-1060,France
INV-538026,PROD-001,Wireless Mouse,14,13-08-2025 17:55,25,CUST-1060,France
INV-538027,PROD-001,Wireless Mouse,6,14-08-2025 10:15,25,CUST-1185,United Kingdom
INV-538027,PROD-005,Bluetooth Headphones,6,14-08-2025 10:15,59.99,CUST-1185,United Kingdom
INV-538028,PROD-004,27-inch Monitor,3,14-08-2025 12:32,249.99,CUST-1038,United Kingdom
INV-538029,PROD-003,USB-C Hub,1,14-08-2025 13:45,35,CUST-1178,France
INV-538029,PROD-006,Desk Mat,3,14-08-2025 13:45,15.5,CUST-1178,France
INV-538029,PROD-008,Laptop Stand,2,14-08-2025 13:45,29.99,CUST-1178,France
INV-538029,PROD-004,27-inch Monitor,3,14-08-2025 13:45,249.99,CUST-1178,France
INV-538030,PROD-007,Ergonomic Office Chair,2,14-08-2025 14:04,199,CUST-1068,United Kingdom
INV-538030,PROD-008,Laptop Stand,3,14-08-2025 14:04,29.99,CUST-1068,United Kingdom
INV-538031,PROD-005,Bluetooth Headphones,9,14-08-2025 14:21,59.99,CUST-1095,United Kingdom
INV-538031,PROD-004,27-inch Monitor,6,14-08-2025 14:21,249.99,CUST-1095,United Kingdom
INV-538032,PROD-008,Laptop Stand,5,14-08-2025 15:41,29.99,CUST-1110,France
INV-538033,PROD-008,Laptop Stand,6,14-08-2025 16:59,29.99,CUST-1005,United Kingdom
INV-538034,PROD-006,Desk Mat,3,15-08-2025 10:15,15.5,CUST-1044,United Kingdom
INV-538034,PROD-005,Bluetooth Headphones,1,15-08-2025 10:15,59.99,CUST-1044,United Kingdom
INV-538034,PROD-007,Ergonomic Office Chair,3,15-08-2025 10:15,199,CUST-1044,United Kingdom
INV-538035,PROD-002,Mechanical Keyboard,3,15-08-2025 11:10,85,CUST-1177,United Kingdom
INV-538035,PROD-004,27-inch Monitor,3,15-08-2025 11:10,249.99,CUST-1177,United Kingdom
INV-538035,PROD-005,Bluetooth Headphones,1,15-08-2025 11:10,59.99,CUST-1177,United Kingdom
INV-538035,PROD-001,Wireless Mouse,1,15-08-2025 11:10,25,CUST-1177,United Kingdom
INV-538036,PROD-007,Ergonomic Office Chair,2,15-08-2025 11:19,199,CUST-1164,United Kingdom
INV-538036,PROD-006,Desk Mat,3,15-08-2025 11:19,15.5,CUST-1164,United Kingdom
INV-538037,PROD-007,Ergonomic Office Chair,3,15-08-2025 13:46,199,CUST-1193,United Kingdom
INV-538037,PROD-008,Laptop Stand,1,15-08-2025 13:46,29.99,CUST-1193,United Kingdom
INV-538037,PROD-001,Wireless Mouse,2,15-08-2025 13:46,25,CUST-1193,United Kingdom
INV-538038,PROD-006,Desk Mat,14,15-08-2025 14:12,15.5,CUST-1160,France
INV-538038,PROD-004,27-inch Monitor,21,15-08-2025 14:12,249.99,CUST-1160,France
INV-538038,PROD-008,Laptop Stand,14,15-08-2025 14:12,29.99,CUST-1160,France
INV-538039,PROD-003,USB-C Hub,8,15-08-2025 17:37,35,CUST-1075,France
INV-538040,PROD-006,Desk Mat,3,16-08-2025 09:13,15.5,CUST-1086,United Kingdom
INV-538040,PROD-002,Mechanical Keyboard,1,16-08-2025 09:13,85,CUST-1086,United Kingdom
INV-538040,PROD-005,Bluetooth Headphones,2,16-08-2025 09:13,59.99,CUST-1086,United Kingdom
INV-538041,PROD-006,Desk Mat,1,16-08-2025 09:31,15.5,CUST-1178,United Kingdom
INV-538041,PROD-002,Mechanical Keyboard,3,16-08-2025 09:31,85,CUST-1178,United Kingdom
INV-538041,PROD-004,27-inch Monitor,1,16-08-2025 09:31,249.99,CUST-1178,United Kingdom
INV-538041,PROD-005,Bluetooth Headphones,1,16-08-2025 09:31,59.99,CUST-1178,United Kingdom
INV-538042,PROD-004,27-inch Monitor,2,16-08-2025 11:08,249.99,CUST-1083,United Kingdom
INV-538042,PROD-002,Mechanical Keyboard,3,16-08-2025 11:08,85,CUST-1083,United Kingdom
INV-538042,PROD-008,Laptop Stand,3,16-08-2025 11:08,29.99,CUST-1083,United Kingdom
INV-538042,PROD-006,Desk Mat,2,16-08-2025 11:08,15.5,CUST-1083,United Kingdom
INV-538043,PROD-004,27-inch Monitor,6,16-08-2025 11:08,249.99,CUST-1135,United Kingdom
INV-538044,PROD-005,Bluetooth Headphones,3,16-08-2025 11:14,59.99,CUST-1067,United Kingdom
INV-538044,PROD-001,Wireless Mouse,1,16-08-2025 11:14,25,CUST-1067,United Kingdom
INV-538044,PROD-007,Ergonomic Office Chair,3,16-08-2025 11:14,199,CUST-1067,United Kingdom
INV-538044,PROD-002,Mechanical Keyboard,1,16-08-2025 11:14,85,CUST-1067,United Kingdom
INV-538045,PROD-003,USB-C Hub,1,16-08-2025 11:57,35,CUST-1154,United Kingdom
INV-538045,PROD-007,Ergonomic Office Chair,2,16-08-2025 11:57,199,CUST-1154,United Kingdom
INV-538045,PROD-001,Wireless Mouse,3,16-08-2025 11:57,25,CUST-1154,United Kingdom
INV-538046,PROD-006,Desk Mat,1,16-08-2025 12:18,15.5,CUST-1143,France
INV-538046,PROD-008,Laptop Stand,1,16-08-2025 12:18,29.99,CUST-1143,France
INV-538046,PROD-003,USB-C Hub,1,16-08-2025 12:18,35,CUST-1143,France
INV-538047,PROD-006,Desk Mat,1,16-08-2025 12:46,15.5,CUST-1131,United Kingdom
INV-538047,PROD-002,Mechanical Keyboard,3,16-08-2025 12:46,85,CUST-1131,United Kingdom
INV-538047,PROD-004,27-inch Monitor,3,16-08-2025 12:46,249.99,CUST-1131,United Kingdom
INV-538047,PROD-005,Bluetooth Headphones,3,16-08-2025 12:46,59.99,CUST-1131,United Kingdom
INV-538048,PROD-005,Bluetooth Headphones,18,16-08-2025 14:15,59.99,CUST-1105,United Kingdom
INV-538048,PROD-003,USB-C Hub,18,16-08-2025 14:15,35,CUST-1105,United Kingdom
INV-538048,PROD-001,Wireless Mouse,12,16-08-2025 14:15,25,CUST-1105,United Kingdom
INV-538049,PROD-002,Mechanical Keyboard,2,16-08-2025 15:15,85,CUST-1047,France
INV-538050,PROD-002,Mechanical Keyboard,3,16-08-2025 17:12,85,CUST-1191,United Kingdom
INV-538050,PROD-001,Wireless Mouse,3,16-08-2025 17:12,25,CUST-1191,United Kingdom
INV-538051,PROD-007,Ergonomic Office Chair,2,17-08-2025 13:00,199,CUST-1163,Germany
INV-538051,PROD-005,Bluetooth Headphones,2,17-08-2025 13:00,59.99,CUST-1163,Germany
INV-538051,PROD-004,27-inch Monitor,1,17-08-2025 13:00,249.99,CUST-1163,Germany
INV-538052,PROD-008,Laptop Stand,3,17-08-2025 14:04,29.99,CUST-1031,France
INV-538052,PROD-005,Bluetooth Headphones,3,17-08-2025 14:04,59.99,CUST-1031,France
INV-538053,PROD-005,Bluetooth Headphones,3,17-08-2025 14:18,59.99,CUST-1081,France
INV-538053,PROD-003,USB-C Hub,1,17-08-2025 14:18,35,CUST-1081,France
INV-538053,PROD-004,27-inch Monitor,2,17-08-2025 14:18,249.99,CUST-1081,France
INV-538053,PROD-001,Wireless Mouse,2,17-08-2025 14:18,25,CUST-1081,France
INV-538054,PROD-002,Mechanical Keyboard,2,17-08-2025 16:41,85,CUST-1128,United Kingdom
INV-538054,PROD-003,USB-C Hub,2,17-08-2025 16:41,35,CUST-1128,United Kingdom
INV-538054,PROD-001,Wireless Mouse,2,17-08-2025 16:41,25,CUST-1128,United Kingdom
INV-538055,PROD-004,27-inch Monitor,1,17-08-2025 17:32,249.99,CUST-1109,France
INV-538055,PROD-005,Bluetooth Headphones,3,17-08-2025 17:32,59.99,CUST-1109,France
INV-538056,PROD-008,Laptop Stand,1,18-08-2025 09:41,29.99,CUST-1019,Germany
INV-538056,PROD-001,Wireless Mouse,3,18-08-2025 09:41,25,CUST-1019,Germany
INV-538056,PROD-003,USB-C Hub,1,18-08-2025 09:41,35,CUST-1019,Germany
INV-538056,PROD-002,Mechanical Keyboard,2,18-08-2025 09:41,85,CUST-1019,Germany
INV-538057,PROD-002,Mechanical Keyboard,3,18-08-2025 10:11,85,CUST-1188,Germany
INV-538057,PROD-007,Ergonomic Office Chair,2,18-08-2025 10:11,199,CUST-1188,Germany
INV-538057,PROD-008,Laptop Stand,3,18-08-2025 10:11,29.99,CUST-1188,Germany
INV-538058,PROD-002,Mechanical Keyboard,12,18-08-2025 10:49,85,CUST-1030,France
INV-538058,PROD-003,USB-C Hub,18,18-08-2025 10:49,35,CUST-1030,France
INV-538059,PROD-004,27-inch Monitor,2,18-08-2025 11:42,249.99,CUST-1188,United Kingdom
INV-538059,PROD-001,Wireless Mouse,1,18-08-2025 11:42,25,CUST-1188,United Kingdom
INV-538060,PROD-002,Mechanical Keyboard,3,18-08-2025 12:26,85,CUST-1157,United Kingdom
INV-538061,PROD-001,Wireless Mouse,8,18-08-2025 12:32,25,CUST-1050,United Kingdom
INV-538061,PROD-003,USB-C Hub,8,18-08-2025 12:32,35,CUST-1050,United Kingdom
INV-538062,PROD-006,Desk Mat,1,18-08-2025 13:28,15.5,CUST-1104,United Kingdom
INV-538062,PROD-004,27-inch Monitor,2,18-08-2025 13:28,249.99,CUST-1104,United Kingdom
INV-538062,PROD-005,Bluetooth Headphones,2,18-08-2025 13:28,59.99,CUST-1104,United Kingdom
INV-538063,PROD-006,Desk Mat,2,18-08-2025 14:43,15.5,CUST-1186,United Kingdom
INV-538063,PROD-003,USB-C Hub,2,18-08-2025 14:43,35,CUST-1186,United Kingdom
INV-538063,PROD-005,Bluetooth Headphones,2,18-08-2025 14:43,59.99,CUST-1186,United Kingdom
INV-538064,PROD-005,Bluetooth Headphones,1,19-08-2025 09:52,59.99,CUST-1084,Germany
INV-538065,PROD-005,Bluetooth Headphones,3,19-08-2025 10:36,59.99,CUST-1166,Germany
INV-538065,PROD-002,Mechanical Keyboard,3,19-08-2025 10:36,85,CUST-1166,Germany
INV-538065,PROD-008,Laptop Stand,3,19-08-2025 10:36,29.99,CUST-1166,Germany
INV-538065,PROD-001,Wireless Mouse,2,19-08-2025 10:36,25,CUST-1166,Germany
INV-538066,PROD-003,USB-C Hub,3,19-08-2025 11:05,35,CUST-1053,United Kingdom
INV-538066,PROD-008,Laptop Stand,1,19-08-2025 11:05,29.99,CUST-1053,United Kingdom
INV-538066,PROD-006,Desk Mat,3,19-08-2025 11:05,15.5,CUST-1053,United Kingdom
INV-538066,PROD-005,Bluetooth Headphones,1,19-08-2025 11:05,59.99,CUST-1053,United Kingdom
INV-538067,PROD-002,Mechanical Keyboard,1,19-08-2025 12:12,85,CUST-1151,United Kingdom
INV-538067,PROD-006,Desk Mat,2,19-08-2025 12:12,15.5,CUST-1151,United Kingdom
INV-538067,PROD-008,Laptop Stand,1,19-08-2025 12:12,29.99,CUST-1151,United Kingdom
INV-538068,PROD-004,27-inch Monitor,3,19-08-2025 12:28,249.99,CUST-1033,United Kingdom
INV-538068,PROD-003,USB-C Hub,3,19-08-2025 12:28,35,CUST-1033,United Kingdom
INV-538069,PROD-006,Desk Mat,14,19-08-2025 14:40,15.5,CUST-1125,United Kingdom
INV-538069,PROD-005,Bluetooth Headphones,14,19-08-2025 14:40,59.99,CUST-1125,United Kingdom
INV-538069,PROD-003,USB-C Hub,14,19-08-2025 14:40,35,CUST-1125,United Kingdom
INV-538069,PROD-004,27-inch Monitor,21,19-08-2025 14:40,249.99,CUST-1125,United Kingdom
INV-538070,PROD-006,Desk Mat,3,19-08-2025 15:44,15.5,CUST-1137,France
INV-538070,PROD-005,Bluetooth Headphones,1,19-08-2025 15:44,59.99,CUST-1137,France
INV-538070,PROD-004,27-inch Monitor,3,19-08-2025 15:44,249.99,CUST-1137,France
INV-538071,PROD-006,Desk Mat,10,19-08-2025 16:08,15.5,CUST-1055,United Kingdom
INV-538072,PROD-002,Mechanical Keyboard,4,19-08-2025 17:27,85,CUST-1005,United Kingdom
INV-538072,PROD-004,27-inch Monitor,4,19-08-2025 17:27,249.99,CUST-1005,United Kingdom
INV-538072,PROD-005,Bluetooth Headphones,12,19-08-2025 17:27,59.99,CUST-1005,United Kingdom
INV-538072,PROD-001,Wireless Mouse,8,19-08-2025 17:27,25,CUST-1005,United Kingdom
INV-538073,PROD-004,27-inch Monitor,2,20-08-2025 11:40,249.99,CUST-1082,France
INV-538074,PROD-004,27-inch Monitor,3,20-08-2025 12:10,249.99,CUST-1021,Germany
INV-538074,PROD-007,Ergonomic Office Chair,3,20-08-2025 12:10,199,CUST-1021,Germany
INV-538074,PROD-003,USB-C Hub,2,20-08-2025 12:10,35,CUST-1021,Germany
INV-538075,PROD-004,27-inch Monitor,1,20-08-2025 13:24,249.99,CUST-1026,United Kingdom
INV-538075,PROD-006,Desk Mat,2,20-08-2025 13:24,15.5,CUST-1026,United Kingdom
INV-538076,PROD-005,Bluetooth Headphones,1,20-08-2025 14:43,59.99,CUST-1172,United Kingdom
INV-538076,PROD-007,Ergonomic Office Chair,1,20-08-2025 14:43,199,CUST-1172,United Kingdom
INV-538076,PROD-006,Desk Mat,1,20-08-2025 14:43,15.5,CUST-1172,United Kingdom
INV-538076,PROD-004,27-inch Monitor,3,20-08-2025 14:43,249.99,CUST-1172,United Kingdom
INV-538077,PROD-002,Mechanical Keyboard,2,20-08-2025 14:59,85,CUST-1026,United Kingdom
INV-538077,PROD-008,Laptop Stand,2,20-08-2025 14:59,29.99,CUST-1026,United Kingdom
INV-538077,PROD-003,USB-C Hub,2,20-08-2025 14:59,35,CUST-1026,United Kingdom
INV-538078,PROD-008,Laptop Stand,3,20-08-2025 15:30,29.99,CUST-1049,United Kingdom
INV-538078,PROD-002,Mechanical Keyboard,3,20-08-2025 15:30,85,CUST-1049,United Kingdom
INV-538079,PROD-002,Mechanical Keyboard,15,20-08-2025 16:53,85,CUST-1145,Germany
INV-538080,PROD-001,Wireless Mouse,3,21-08-2025 10:20,25,CUST-1012,France
INV-538080,PROD-007,Ergonomic Office Chair,3,21-08-2025 10:20,199,CUST-1012,France
INV-538080,PROD-006,Desk Mat,2,21-08-2025 10:20,15.5,CUST-1012,France
INV-538081,PROD-007,Ergonomic Office Chair,2,21-08-2025 10:48,199,CUST-1133,United Kingdom
INV-538081,PROD-005,Bluetooth Headphones,2,21-08-2025 10:48,59.99,CUST-1133,United Kingdom
INV-538081,PROD-008,Laptop Stand,2,21-08-2025 10:48,29.99,CUST-1133,United Kingdom
INV-538082,PROD-002,Mechanical Keyboard,6,21-08-2025 13:12,85,CUST-1145,France
INV-538082,PROD-005,Bluetooth Headphones,18,21-08-2025 13:12,59.99,CUST-1145,France
INV-538082,PROD-007,Ergonomic Office Chair,12,21-08-2025 13:12,199,CUST-1145,France
INV-538082,PROD-006,Desk Mat,18,21-08-2025 13:12,15.5,CUST-1145,France
INV-538083,PROD-001,Wireless Mouse,1,21-08-2025 13:23,25,CUST-1124,France
INV-538083,PROD-005,Bluetooth Headphones,3,21-08-2025 13:23,59.99,CUST-1124,France
INV-538084,PROD-005,Bluetooth Headphones,3,21-08-2025 15:58,59.99,CUST-1174,United Kingdom
INV-538084,PROD-003,USB-C Hub,1,21-08-2025 15:58,35,CUST-1174,United Kingdom
INV-538084,PROD-008,Laptop Stand,3,21-08-2025 15:58,29.99,CUST-1174,United Kingdom
INV-538084,PROD-004,27-inch Monitor,3,21-08-2025 15:58,249.99,CUST-1174,United Kingdom
INV-538085,PROD-007,Ergonomic Office Chair,7,22-08-2025 11:48,199,CUST-1160,United Kingdom
INV-538085,PROD-005,Bluetooth Headphones,7,22-08-2025 11:48,59.99,CUST-1160,United Kingdom
INV-538085,PROD-003,USB-C Hub,7,22-08-2025 11:48,35,CUST-1160,United Kingdom
INV-538085,PROD-002,Mechanical Keyboard,7,22-08-2025 11:48,85,CUST-1160,United Kingdom
INV-538086,PROD-003,USB-C Hub,15,22-08-2025 12:26,35,CUST-1015,France
INV-538086,PROD-001,Wireless Mouse,15,22-08-2025 12:26,25,CUST-1015,France
INV-538086,PROD-004,27-inch Monitor,15,22-08-2025 12:26,249.99,CUST-1015,France
INV-538086,PROD-007,Ergonomic Office Chair,10,22-08-2025 12:26,199,CUST-1015,France
INV-538087,PROD-004,27-inch Monitor,2,22-08-2025 12:48,249.99,CUST-1073,United Kingdom
INV-538087,PROD-006,Desk Mat,3,22-08-2025 12:48,15.5,CUST-1073,United Kingdom
INV-538087,PROD-008,Laptop Stand,3,22-08-2025 12:48,29.99,CUST-1073,United Kingdom
INV-538087,PROD-007,Ergonomic Office Chair,3,22-08-2025 12:48,199,CUST-1073,United Kingdom
INV-538088,PROD-007,Ergonomic Office Chair,3,22-08-2025 14:28,199,CUST-1111,United Kingdom
INV-538089,PROD-007,Ergonomic Office Chair,10,22-08-2025 14:58,199,CUST-1025,Germany
INV-538090,PROD-002,Mechanical Keyboard,1,22-08-2025 15:02,85,CUST-1021,Germany
INV-538090,PROD-007,Ergonomic Office Chair,2,22-08-2025 15:02,199,CUST-1021,Germany
INV-538090,PROD-008,Laptop Stand,1,22-08-2025 15:02,29.99,CUST-1021,Germany
INV-538091,PROD-007,Ergonomic Office Chair,1,22-08-2025 17:10,199,CUST-1032,United Kingdom
INV-538091,PROD-001,Wireless Mouse,2,22-08-2025 17:10,25,CUST-1032,United Kingdom
INV-538091,PROD-006,Desk Mat,3,22-08-2025 17:10,15.5,CUST-1032,United Kingdom
INV-538091,PROD-008,Laptop Stand,3,22-08-2025 17:10,29.99,CUST-1032,United Kingdom
INV-538092,PROD-002,Mechanical Keyboard,2,23-08-2025 11:46,85,CUST-1126,United Kingdom
INV-538092,PROD-001,Wireless Mouse,1,23-08-2025 11:46,25,CUST-1126,United Kingdom
INV-538092,PROD-005,Bluetooth Headphones,2,23-08-2025 11:46,59.99,CUST-1126,United Kingdom
INV-538092,PROD-008,Laptop Stand,3,23-08-2025 11:46,29.99,CUST-1126,United Kingdom
INV-538093,PROD-005,Bluetooth Headphones,2,23-08-2025 12:37,59.99,CUST-1087,United Kingdom
INV-538094,PROD-002,Mechanical Keyboard,2,23-08-2025 13:14,85,CUST-1161,United Kingdom
INV-538094,PROD-001,Wireless Mouse,2,23-08-2025 13:14,25,CUST-1161,United Kingdom
INV-538095,PROD-004,27-inch Monitor,2,23-08-2025 16:37,249.99,CUST-1047,United Kingdom
INV-538096,PROD-007,Ergonomic Office Chair,1,24-08-2025 12:35,199,CUST-1126,United Kingdom
INV-538096,PROD-002,Mechanical Keyboard,2,24-08-2025 12:35,85,CUST-1126,United Kingdom
INV-538097,PROD-004,27-inch Monitor,3,24-08-2025 12:59,249.99,CUST-1034,United Kingdom
INV-538097,PROD-008,Laptop Stand,2,24-08-2025 12:59,29.99,CUST-1034,United Kingdom
INV-538098,PROD-002,Mechanical Keyboard,1,24-08-2025 14:54,85,CUST-1163,United Kingdom
INV-538099,PROD-005,Bluetooth Headphones,3,24-08-2025 15:18,59.99,CUST-1184,France
INV-538099,PROD-007,Ergonomic Office Chair,3,24-08-2025 15:18,199,CUST-1184,France
INV-538100,PROD-006,Desk Mat,2,24-08-2025 16:19,15.5,CUST-1199,Germany
INV-538100,PROD-005,Bluetooth Headphones,1,24-08-2025 16:19,59.99,CUST-1199,Germany
INV-538101,PROD-007,Ergonomic Office Chair,6,24-08-2025 16:54,199,CUST-1080,United Kingdom
INV-538101,PROD-004,27-inch Monitor,6,24-08-2025 16:54,249.99,CUST-1080,United Kingdom
INV-538102,PROD-008,Laptop Stand,3,24-08-2025 17:09,29.99,CUST-1016,United Kingdom
INV-538103,PROD-005,Bluetooth Headphones,8,25-08-2025 09:26,59.99,CUST-1085,France
INV-538103,PROD-001,Wireless Mouse,12,25-08-2025 09:26,25,CUST-1085,France
INV-538104,PROD-001,Wireless Mouse,3,25-08-2025 15:45,25,CUST-1140,United Kingdom
INV-538104,PROD-004,27-inch Monitor,9,25-08-2025 15:45,249.99,CUST-1140,United Kingdom
INV-538104,PROD-003,USB-C Hub,6,25-08-2025 15:45,35,CUST-1140,United Kingdom
INV-538104,PROD-006,Desk Mat,3,25-08-2025 15:45,15.5,CUST-1140,United Kingdom
INV-538105,PROD-005,Bluetooth Headphones,12,25-08-2025 17:38,59.99,CUST-1040,United Kingdom
INV-538105,PROD-001,Wireless Mouse,8,25-08-2025 17:38,25,CUST-1040,United Kingdom
INV-538105,PROD-007,Ergonomic Office Chair,12,25-08-2025 17:38,199,CUST-1040,United Kingdom
INV-538106,PROD-002,Mechanical Keyboard,3,25-08-2025 17:52,85,CUST-1012,United Kingdom
INV-538106,PROD-008,Laptop Stand,2,25-08-2025 17:52,29.99,CUST-1012,United Kingdom
INV-538107,PROD-001,Wireless Mouse,3,26-08-2025 09:38,25,CUST-1151,United Kingdom
INV-538107,PROD-002,Mechanical Keyboard,1,26-08-2025 09:38,85,CUST-1151,United Kingdom
INV-538107,PROD-003,USB-C Hub,1,26-08-2025 09:38,35,CUST-1151,United Kingdom
INV-538107,PROD-005,Bluetooth Headphones,1,26-08-2025 09:38,59.99,CUST-1151,United Kingdom
INV-538108,PROD-003,USB-C Hub,1,26-08-2025 10:57,35,CUST-1111,United Kingdom
INV-538108,PROD-005,Bluetooth Headphones,2,26-08-2025 10:57,59.99,CUST-1111,United Kingdom
INV-538109,PROD-003,USB-C Hub,2,26-08-2025 12:41,35,CUST-1019,United Kingdom
INV-538109,PROD-005,Bluetooth Headphones,3,26-08-2025 12:41,59.99,CUST-1019,United Kingdom
INV-538109,PROD-008,Laptop Stand,3,26-08-2025 12:41,29.99,CUST-1019,United Kingdom
INV-538110,PROD-003,USB-C Hub,2,26-08-2025 14:44,35,CUST-1026,Germany
INV-538110,PROD-001,Wireless Mouse,1,26-08-2025 14:44,25,CUST-1026,Germany
INV-538110,PROD-004,27-inch Monitor,2,26-08-2025 14:44,249.99,CUST-1026,Germany
INV-538110,PROD-002,Mechanical Keyboard,3,26-08-2025 14:44,85,CUST-1026,Germany
INV-538111,PROD-006,Desk Mat,3,26-08-2025 16:17,15.5,CUST-1047,United Kingdom
INV-538111,PROD-007,Ergonomic Office Chair,1,26-08-2025 16:17,199,CUST-1047,United Kingdom
INV-538112,PROD-004,27-inch Monitor,2,26-08-2025 16:17,249.99,CUST-1156,Germany
INV-538113,PROD-006,Desk Mat,3,27-08-2025 09:41,15.5,CUST-1012,United Kingdom
INV-538113,PROD-001,Wireless Mouse,2,27-08-2025 09:41,25,CUST-1012,United Kingdom
INV-538113,PROD-007,Ergonomic Office Chair,3,27-08-2025 09:41,199,CUST-1012,United Kingdom
INV-538113,PROD-008,Laptop Stand,2,27-08-2025 09:41,29.99,CUST-1012,United Kingdom
INV-538114,PROD-006,Desk Mat,1,27-08-2025 11:16,15.5,CUST-1063,United Kingdom
INV-538114,PROD-005,Bluetooth Headphones,2,27-08-2025 11:16,59.99,CUST-1063,United Kingdom
INV-538114,PROD-002,Mechanical Keyboard,3,27-08-2025 11:16,85,CUST-1063,United Kingdom
INV-538114,PROD-003,USB-C Hub,3,27-08-2025 11:16,35,CUST-1063,United Kingdom
INV-538115,PROD-005,Bluetooth Headphones,4,27-08-2025 12:06,59.99,CUST-1175,France
INV-538115,PROD-008,Laptop Stand,8,27-08-2025 12:06,29.99,CUST-1175,France
INV-538115,PROD-004,27-inch Monitor,8,27-08-2025 12:06,249.99,CUST-1175,France
INV-538115,PROD-006,Desk Mat,8,27-08-2025 12:06,15.5,CUST-1175,France
INV-538116,PROD-003,USB-C Hub,9,27-08-2025 12:38,35,CUST-1175,United Kingdom
INV-538116,PROD-007,Ergonomic Office Chair,3,27-08-2025 12:38,199,CUST-1175,United Kingdom
INV-538116,PROD-004,27-inch Monitor,3,27-08-2025 12:38,249.99,CUST-1175,United Kingdom
INV-538116,PROD-001,Wireless Mouse,6,27-08-2025 12:38,25,CUST-1175,United Kingdom
INV-538117,PROD-003,USB-C Hub,2,27-08-2025 12:39,35,CUST-1128,United Kingdom
INV-538117,PROD-008,Laptop Stand,2,27-08-2025 12:39,29.99,CUST-1128,United Kingdom
INV-538118,PROD-004,27-inch Monitor,2,28-08-2025 09:20,249.99,CUST-1172,United Kingdom
INV-538119,PROD-001,Wireless Mouse,2,28-08-2025 14:49,25,CUST-1014,France
INV-538119,PROD-006,Desk Mat,2,28-08-2025 14:49,15.5,CUST-1014,France
INV-538119,PROD-003,USB-C Hub,1,28-08-2025 14:49,35,CUST-1014,France
INV-538119,PROD-008,Laptop Stand,2,28-08-2025 14:49,29.99,CUST-1014,France
INV-538120,PROD-006,Desk Mat,1,29-08-2025 09:42,15.5,CUST-1193,United Kingdom
INV-538120,PROD-004,27-inch Monitor,1,29-08-2025 09:42,249.99,CUST-1193,United Kingdom
INV-538120,PROD-008,Laptop Stand,1,29-08-2025 09:42,29.99,CUST-1193,United Kingdom
INV-538120,PROD-001,Wireless Mouse,1,29-08-2025 09:42,25,CUST-1193,United Kingdom
INV-538121,PROD-003,USB-C Hub,2,29-08-2025 10:04,35,CUST-1026,Germany
INV-538121,PROD-006,Desk Mat,3,29-08-2025 10:04,15.5,CUST-1026,Germany
INV-538122,PROD-004,27-inch Monitor,1,29-08-2025 11:39,249.99,CUST-1109,United Kingdom
INV-538123,PROD-007,Ergonomic Office Chair,2,29-08-2025 11:43,199,CUST-1012,United Kingdom
INV-538123,PROD-003,USB-C Hub,1,29-08-2025 11:43,35,CUST-1012,United Kingdom
INV-538124,PROD-006,Desk Mat,3,29-08-2025 12:23,15.5,CUST-1146,France
INV-538124,PROD-002,Mechanical Keyboard,2,29-08-2025 12:23,85,CUST-1146,France
INV-538125,PROD-002,Mechanical Keyboard,2,30-08-2025 11:33,85,CUST-1016,United Kingdom
INV-538125,PROD-008,Laptop Stand,2,30-08-2025 11:33,29.99,CUST-1016,United Kingdom
INV-538125,PROD-004,27-inch Monitor,2,30-08-2025 11:33,249.99,CUST-1016,United Kingdom
INV-538126,PROD-008,Laptop Stand,2,30-08-2025 13:29,29.99,CUST-1018,United Kingdom
INV-538127,PROD-006,Desk Mat,1,30-08-2025 14:28,15.5,CUST-1088,Germany
INV-538127,PROD-003,USB-C Hub,3,30-08-2025 14:28,35,CUST-1088,Germany
INV-538127,PROD-008,Laptop Stand,2,30-08-2025 14:28,29.99,CUST-1088,Germany
INV-538128,PROD-005,Bluetooth Headphones,3,31-08-2025 09:16,59.99,CUST-1097,United Kingdom
INV-538129,PROD-005,Bluetooth Headphones,2,31-08-2025 10:22,59.99,CUST-1037,United Kingdom
INV-538129,PROD-004,27-inch Monitor,2,31-08-2025 10:22,249.99,CUST-1037,United Kingdom
INV-538129,PROD-003,USB-C Hub,1,31-08-2025 10:22,35,CUST-1037,United Kingdom
INV-538130,PROD-006,Desk Mat,2,31-08-2025 15:30,15.5,CUST-1104,Germany
INV-538131,PROD-003,USB-C Hub,3,31-08-2025 16:36,35,CUST-1131,Germany
INV-538132,PROD-002,Mechanical Keyboard,1,31-08-2025 17:18,85,CUST-1002,United Kingdom
INV-538132,PROD-006,Desk Mat,1,31-08-2025 17:18,15.5,CUST-1002,United Kingdom
INV-538132,PROD-008,Laptop Stand,1,31-08-2025 17:18,29.99,CUST-1002,United Kingdom
INV-538132,PROD-001,Wireless Mouse,2,31-08-2025 17:18,25,CUST-1002,United Kingdom
INV-538133,PROD-006,Desk Mat,2,31-08-2025 17:28,15.5,CUST-1108,United Kingdom
INV-538133,PROD-003,USB-C Hub,1,31-08-2025 17:28,35,CUST-1108,United Kingdom
INV-538133,PROD-002,Mechanical Keyboard,3,31-08-2025 17:28,85,CUST-1108,United Kingdom
INV-538134,PROD-004,27-inch Monitor,3,31-08-2025 17:30,249.99,CUST-1159,United Kingdom
INV-538134,PROD-001,Wireless Mouse,2,31-08-2025 17:30,25,CUST-1159,United Kingdom
INV-538134,PROD-002,Mechanical Keyboard,3,31-08-2025 17:30,85,CUST-1159,United Kingdom
INV-538134,PROD-003,USB-C Hub,3,31-08-2025 17:30,35,CUST-1159,United Kingdom
INV-538135,PROD-002,Mechanical Keyboard,3,31-08-2025 17:38,85,CUST-1122,United Kingdom
INV-538135,PROD-004,27-inch Monitor,3,31-08-2025 17:38,249.99,CUST-1122,United Kingdom
INV-538136,PROD-006,Desk Mat,12,01-09-2025 12:21,15.5,CUST-1115,United Kingdom
INV-538136,PROD-003,USB-C Hub,4,01-09-2025 12:21,35,CUST-1115,United Kingdom
INV-538136,PROD-008,Laptop Stand,4,01-09-2025 12:21,29.99,CUST-1115,United Kingdom
INV-538137,PROD-003,USB-C Hub,2,02-09-2025 09:51,35,CUST-1168,United Kingdom
INV-538137,PROD-002,Mechanical Keyboard,1,02-09-2025 09:51,85,CUST-1168,United Kingdom
INV-538137,PROD-007,Ergonomic Office Chair,2,02-09-2025 09:51,199,CUST-1168,United Kingdom
INV-538138,PROD-001,Wireless Mouse,1,02-09-2025 10:03,25,CUST-1142,United Kingdom
INV-538138,PROD-006,Desk Mat,1,02-09-2025 10:03,15.5,CUST-1142,United Kingdom
INV-538138,PROD-004,27-inch Monitor,2,02-09-2025 10:03,249.99,CUST-1142,United Kingdom
INV-538139,PROD-008,Laptop Stand,1,02-09-2025 11:16,29.99,CUST-1052,United Kingdom
INV-538139,PROD-005,Bluetooth Headphones,1,02-09-2025 11:16,59.99,CUST-1052,United Kingdom
INV-538140,PROD-001,Wireless Mouse,1,02-09-2025 11:29,25,CUST-1054,Germany
INV-538141,PROD-003,USB-C Hub,3,02-09-2025 11:48,35,CUST-1143,United Kingdom
INV-538141,PROD-006,Desk Mat,3,02-09-2025 11:48,15.5,CUST-1143,United Kingdom
INV-538141,PROD-008,Laptop Stand,3,02-09-2025 11:48,29.99,CUST-1143,United Kingdom
INV-538141,PROD-001,Wireless Mouse,1,02-09-2025 11:48,25,CUST-1143,United Kingdom
INV-538142,PROD-002,Mechanical Keyboard,2,02-09-2025 13:32,85,CUST-1198,United Kingdom
INV-538142,PROD-004,27-inch Monitor,3,02-09-2025 13:32,249.99,CUST-1198,United Kingdom
INV-538142,PROD-001,Wireless Mouse,1,02-09-2025 13:32,25,CUST-1198,United Kingdom
INV-538143,PROD-006,Desk Mat,6,02-09-2025 13:57,15.5,CUST-1125,France
INV-538143,PROD-003,USB-C Hub,9,02-09-2025 13:57,35,CUST-1125,France
INV-538143,PROD-005,Bluetooth Headphones,3,02-09-2025 13:57,59.99,CUST-1125,France
INV-538143,PROD-007,Ergonomic Office Chair,3,02-09-2025 13:57,199,CUST-1125,France
INV-538144,PROD-008,Laptop Stand,6,02-09-2025 16:32,29.99,CUST-1155,Germany
INV-538144,PROD-001,Wireless Mouse,9,02-09-2025 16:32,25,CUST-1155,Germany
INV-538144,PROD-004,27-inch Monitor,6,02-09-2025 16:32,249.99,CUST-1155,Germany
INV-538144,PROD-007,Ergonomic Office Chair,6,02-09-2025 16:32,199,CUST-1155,Germany
INV-538145,PROD-003,USB-C Hub,3,02-09-2025 17:10,35,CUST-1073,Germany
INV-538145,PROD-008,Laptop Stand,2,02-09-2025 17:10,29.99,CUST-1073,Germany
INV-538145,PROD-002,Mechanical Keyboard,1,02-09-2025 17:10,85,CUST-1073,Germany
INV-538145,PROD-004,27-inch Monitor,2,02-09-2025 17:10,249.99,CUST-1073,Germany
INV-538146,PROD-008,Laptop Stand,1,03-09-2025 11:41,29.99,CUST-1198,United Kingdom
INV-538147,PROD-004,27-inch Monitor,3,03-09-2025 13:11,249.99,CUST-1167,France
INV-538147,PROD-005,Bluetooth Headphones,3,03-09-2025 13:11,59.99,CUST-1167,France
INV-538147,PROD-007,Ergonomic Office Chair,1,03-09-2025 13:11,199,CUST-1167,France
INV-538147,PROD-003,USB-C Hub,1,03-09-2025 13:11,35,CUST-1167,France
INV-538148,PROD-006,Desk Mat,21,03-09-2025 13:35,15.5,CUST-1010,United Kingdom
INV-538148,PROD-005,Bluetooth Headphones,7,03-09-2025 13:35,59.99,CUST-1010,United Kingdom
INV-538148,PROD-008,Laptop Stand,14,03-09-2025 13:35,29.99,CUST-1010,United Kingdom
INV-538148,PROD-007,Ergonomic Office Chair,7,03-09-2025 13:35,199,CUST-1010,United Kingdom
INV-538149,PROD-008,Laptop Stand,2,03-09-2025 14:14,29.99,CUST-1149,France
INV-538150,PROD-007,Ergonomic Office Chair,1,03-09-2025 15:16,199,CUST-1069,Germany
INV-538150,PROD-002,Mechanical Keyboard,2,03-09-2025 15:16,85,CUST-1069,Germany
INV-538150,PROD-006,Desk Mat,1,03-09-2025 15:16,15.5,CUST-1069,Germany
INV-538151,PROD-005,Bluetooth Headphones,6,03-09-2025 16:06,59.99,CUST-1035,United Kingdom
INV-538151,PROD-002,Mechanical Keyboard,12,03-09-2025 16:06,85,CUST-1035,United Kingdom
INV-538151,PROD-001,Wireless Mouse,12,03-09-2025 16:06,25,CUST-1035,United Kingdom
INV-538151,PROD-003,USB-C Hub,6,03-09-2025 16:06,35,CUST-1035,United Kingdom
INV-538152,PROD-005,Bluetooth Headphones,6,03-09-2025 17:43,59.99,CUST-1130,Germany
INV-538152,PROD-004,27-inch Monitor,6,03-09-2025 17:43,249.99,CUST-1130,Germany
INV-538152,PROD-006,Desk Mat,6,03-09-2025 17:43,15.5,CUST-1130,Germany
INV-538153,PROD-004,27-inch Monitor,1,04-09-2025 13:19,249.99,CUST-1069,United Kingdom
INV-538154,PROD-003,USB-C Hub,21,04-09-2025 16:12,35,CUST-1080,United Kingdom
INV-538154,PROD-001,Wireless Mouse,7,04-09-2025 16:12,25,CUST-1080,United Kingdom
INV-538155,PROD-001,Wireless Mouse,18,04-09-2025 16:20,25,CUST-1145,United Kingdom
INV-538155,PROD-007,Ergonomic Office Chair,6,04-09-2025 16:20,199,CUST-1145,United Kingdom
INV-538156,PROD-007,Ergonomic Office Chair,3,04-09-2025 17:30,199,CUST-1052,United Kingdom
INV-538156,PROD-005,Bluetooth Headphones,1,04-09-2025 17:30,59.99,CUST-1052,United Kingdom
INV-538156,PROD-003,USB-C Hub,3,04-09-2025 17:30,35,CUST-1052,United Kingdom
INV-538157,PROD-006,Desk Mat,1,05-09-2025 09:56,15.5,CUST-1104,France
INV-538157,PROD-001,Wireless Mouse,3,05-09-2025 09:56,25,CUST-1104,France
INV-538158,PROD-003,USB-C Hub,3,05-09-2025 10:10,35,CUST-1082,United Kingdom
INV-538158,PROD-004,27-inch Monitor,3,05-09-2025 10:10,249.99,CUST-1082,United Kingdom
INV-538158,PROD-001,Wireless Mouse,1,05-09-2025 10:10,25,CUST-1082,United Kingdom
INV-538159,PROD-004,27-inch Monitor,1,05-09-2025 11:56,249.99,CUST-1006,France
INV-538159,PROD-008,Laptop Stand,1,05-09-2025 11:56,29.99,CUST-1006,France
INV-538160,PROD-002,Mechanical Keyboard,2,05-09-2025 14:35,85,CUST-1123,United Kingdom
INV-538160,PROD-007,Ergonomic Office Chair,3,05-09-2025 14:35,199,CUST-1123,United Kingdom
INV-538160,PROD-004,27-inch Monitor,2,05-09-2025 14:35,249.99,CUST-1123,United Kingdom
INV-538160,PROD-006,Desk Mat,3,05-09-2025 14:35,15.5,CUST-1123,United Kingdom
INV-538161,PROD-006,Desk Mat,2,05-09-2025 15:05,15.5,CUST-1168,United Kingdom
INV-538162,PROD-006,Desk Mat,3,05-09-2025 15:17,15.5,CUST-1173,Germany
INV-538162,PROD-004,27-inch Monitor,1,05-09-2025 15:17,249.99,CUST-1173,Germany
INV-538162,PROD-001,Wireless Mouse,3,05-09-2025 15:17,25,CUST-1173,Germany
INV-538162,PROD-005,Bluetooth Headphones,2,05-09-2025 15:17,59.99,CUST-1173,Germany
INV-538163,PROD-001,Wireless Mouse,1,06-09-2025 09:42,25,CUST-1157,United Kingdom
INV-538163,PROD-003,USB-C Hub,1,06-09-2025 09:42,35,CUST-1157,United Kingdom
INV-538163,PROD-006,Desk Mat,1,06-09-2025 09:42,15.5,CUST-1157,United Kingdom
INV-538164,PROD-003,USB-C Hub,3,06-09-2025 11:49,35,CUST-1192,United Kingdom
INV-538164,PROD-006,Desk Mat,2,06-09-2025 11:49,15.5,CUST-1192,United Kingdom
INV-538164,PROD-002,Mechanical Keyboard,2,06-09-2025 11:49,85,CUST-1192,United Kingdom
INV-538164,PROD-001,Wireless Mouse,2,06-09-2025 11:49,25,CUST-1192,United Kingdom
INV-538165,PROD-006,Desk Mat,3,06-09-2025 13:03,15.5,CUST-1007,United Kingdom
INV-538166,PROD-003,USB-C Hub,3,06-09-2025 13:17,35,CUST-1182,United Kingdom
INV-538166,PROD-002,Mechanical Keyboard,3,06-09-2025 13:17,85,CUST-1182,United Kingdom
INV-538167,PROD-007,Ergonomic Office Chair,3,06-09-2025 15:43,199,CUST-1017,United Kingdom
INV-538167,PROD-005,Bluetooth Headphones,3,06-09-2025 15:43,59.99,CUST-1017,United Kingdom
INV-538167,PROD-008,Laptop Stand,1,06-09-2025 15:43,29.99,CUST-1017,United Kingdom
INV-538167,PROD-003,USB-C Hub,2,06-09-2025 15:43,35,CUST-1017,United Kingdom
INV-538168,PROD-007,Ergonomic Office Chair,1,06-09-2025 16:12,199,CUST-1073,United Kingdom
INV-538168,PROD-004,27-inch Monitor,1,06-09-2025 16:12,249.99,CUST-1073,United Kingdom
INV-538168,PROD-001,Wireless Mouse,1,06-09-2025 16:12,25,CUST-1073,United Kingdom
INV-538169,PROD-005,Bluetooth Headphones,2,07-09-2025 09:20,59.99,CUST-1051,Germany
INV-538169,PROD-004,27-inch Monitor,2,07-09-2025 09:20,249.99,CUST-1051,Germany
INV-538170,PROD-001,Wireless Mouse,1,07-09-2025 10:25,25,CUST-1192,United Kingdom
INV-538170,PROD-003,USB-C Hub,3,07-09-2025 10:25,35,CUST-1192,United Kingdom
INV-538171,PROD-003,USB-C Hub,1,07-09-2025 11:36,35,CUST-1152,France
INV-538171,PROD-005,Bluetooth Headphones,3,07-09-2025 11:36,59.99,CUST-1152,France
INV-538171,PROD-007,Ergonomic Office Chair,2,07-09-2025 11:36,199,CUST-1152,France
INV-538171,PROD-001,Wireless Mouse,2,07-09-2025 11:36,25,CUST-1152,France
INV-538172,PROD-007,Ergonomic Office Chair,1,07-09-2025 13:07,199,CUST-1103,United Kingdom
INV-538172,PROD-002,Mechanical Keyboard,2,07-09-2025 13:07,85,CUST-1103,United Kingdom
INV-538173,PROD-004,27-inch Monitor,3,07-09-2025 13:09,249.99,CUST-1061,Germany
INV-538173,PROD-001,Wireless Mouse,2,07-09-2025 13:09,25,CUST-1061,Germany
INV-538173,PROD-006,Desk Mat,3,07-09-2025 13:09,15.5,CUST-1061,Germany
INV-538174,PROD-004,27-inch Monitor,7,07-09-2025 13:10,249.99,CUST-1060,Germany
INV-538175,PROD-001,Wireless Mouse,1,07-09-2025 15:13,25,CUST-1166,United Kingdom
INV-538175,PROD-007,Ergonomic Office Chair,3,07-09-2025 15:13,199,CUST-1166,United Kingdom
INV-538175,PROD-003,USB-C Hub,2,07-09-2025 15:13,35,CUST-1166,United Kingdom
INV-538175,PROD-004,27-inch Monitor,1,07-09-2025 15:13,249.99,CUST-1166,United Kingdom
INV-538176,PROD-002,Mechanical Keyboard,2,07-09-2025 15:13,85,CUST-1086,France
INV-538176,PROD-006,Desk Mat,1,07-09-2025 15:13,15.5,CUST-1086,France
INV-538176,PROD-005,Bluetooth Headphones,2,07-09-2025 15:13,59.99,CUST-1086,France
INV-538176,PROD-003,USB-C Hub,3,07-09-2025 15:13,35,CUST-1086,France
INV-538177,PROD-005,Bluetooth Headphones,2,07-09-2025 15:33,59.99,CUST-1084,United Kingdom
INV-538177,PROD-003,USB-C Hub,1,07-09-2025 15:33,35,CUST-1084,United Kingdom
INV-538177,PROD-002,Mechanical Keyboard,2,07-09-2025 15:33,85,CUST-1084,United Kingdom
INV-538177,PROD-004,27-inch Monitor,2,07-09-2025 15:33,249.99,CUST-1084,United Kingdom
INV-538178,PROD-004,27-inch Monitor,6,08-09-2025 10:16,249.99,CUST-1190,United Kingdom
INV-538179,PROD-003,USB-C Hub,3,08-09-2025 11:53,35,CUST-1108,United Kingdom
INV-538179,PROD-008,Laptop Stand,1,08-09-2025 11:53,29.99,CUST-1108,United Kingdom
INV-538179,PROD-006,Desk Mat,2,08-09-2025 11:53,15.5,CUST-1108,United Kingdom
INV-538180,PROD-006,Desk Mat,3,09-09-2025 09:47,15.5,CUST-1157,Germany
INV-538180,PROD-007,Ergonomic Office Chair,2,09-09-2025 09:47,199,CUST-1157,Germany
INV-538180,PROD-002,Mechanical Keyboard,1,09-09-2025 09:47,85,CUST-1157,Germany
INV-538180,PROD-001,Wireless Mouse,3,09-09-2025 09:47,25,CUST-1157,Germany
INV-538181,PROD-002,Mechanical Keyboard,2,09-09-2025 13:14,85,CUST-1114,Germany
INV-538181,PROD-007,Ergonomic Office Chair,2,09-09-2025 13:14,199,CUST-1114,Germany
INV-538182,PROD-002,Mechanical Keyboard,1,09-09-2025 15:45,85,CUST-1067,United Kingdom
INV-538182,PROD-001,Wireless Mouse,2,09-09-2025 15:45,25,CUST-1067,United Kingdom
INV-538182,PROD-003,USB-C Hub,3,09-09-2025 15:45,35,CUST-1067,United Kingdom
INV-538182,PROD-005,Bluetooth Headphones,2,09-09-2025 15:45,59.99,CUST-1067,United Kingdom
INV-538183,PROD-004,27-inch Monitor,3,10-09-2025 10:13,249.99,CUST-1068,Germany
INV-538183,PROD-002,Mechanical Keyboard,1,10-09-2025 10:13,85,CUST-1068,Germany
INV-538184,PROD-007,Ergonomic Office Chair,3,10-09-2025 11:07,199,CUST-1191,Germany
INV-538184,PROD-002,Mechanical Keyboard,3,10-09-2025 11:07,85,CUST-1191,Germany
INV-538185,PROD-006,Desk Mat,14,10-09-2025 14:06,15.5,CUST-1145,France
INV-538185,PROD-003,USB-C Hub,21,10-09-2025 14:06,35,CUST-1145,France
INV-538185,PROD-008,Laptop Stand,14,10-09-2025 14:06,29.99,CUST-1145,France
INV-538186,PROD-002,Mechanical Keyboard,2,11-09-2025 09:51,85,CUST-1188,United Kingdom
INV-538187,PROD-003,USB-C Hub,2,11-09-2025 13:22,35,CUST-1033,United Kingdom
INV-538187,PROD-002,Mechanical Keyboard,3,11-09-2025 13:22,85,CUST-1033,United Kingdom
INV-538187,PROD-006,Desk Mat,2,11-09-2025 13:22,15.5,CUST-1033,United Kingdom
INV-538187,PROD-008,Laptop Stand,1,11-09-2025 13:22,29.99,CUST-1033,United Kingdom
INV-538188,PROD-002,Mechanical Keyboard,3,11-09-2025 13:57,85,CUST-1031,Germany
INV-538188,PROD-005,Bluetooth Headphones,1,11-09-2025 13:57,59.99,CUST-1031,Germany
INV-538189,PROD-001,Wireless Mouse,2,11-09-2025 14:25,25,CUST-1116,United Kingdom
INV-538189,PROD-004,27-inch Monitor,2,11-09-2025 14:25,249.99,CUST-1116,United Kingdom
INV-538189,PROD-006,Desk Mat,2,11-09-2025 14:25,15.5,CUST-1116,United Kingdom
INV-538189,PROD-002,Mechanical Keyboard,2,11-09-2025 14:25,85,CUST-1116,United Kingdom
INV-538190,PROD-007,Ergonomic Office Chair,21,11-09-2025 16:33,199,CUST-1055,United Kingdom
INV-538190,PROD-004,27-inch Monitor,14,11-09-2025 16:33,249.99,CUST-1055,United Kingdom
INV-538191,PROD-004,27-inch Monitor,18,11-09-2025 17:01,249.99,CUST-1185,United Kingdom
INV-538191,PROD-003,USB-C Hub,6,11-09-2025 17:01,35,CUST-1185,United Kingdom
INV-538192,PROD-003,USB-C Hub,18,12-09-2025 11:34,35,CUST-1200,United Kingdom
INV-538192,PROD-006,Desk Mat,18,12-09-2025 11:34,15.5,CUST-1200,United Kingdom
INV-538192,PROD-004,27-inch Monitor,12,12-09-2025 11:34,249.99,CUST-1200,United Kingdom
INV-538192,PROD-005,Bluetooth Headphones,18,12-09-2025 11:34,59.99,CUST-1200,United Kingdom
INV-538193,PROD-005,Bluetooth Headphones,2,12-09-2025 12:57,59.99,CUST-1186,United Kingdom
INV-538193,PROD-006,Desk Mat,2,12-09-2025 12:57,15.5,CUST-1186,United Kingdom
INV-538193,PROD-002,Mechanical Keyboard,2,12-09-2025 12:57,85,CUST-1186,United Kingdom
INV-538193,PROD-007,Ergonomic Office Chair,3,12-09-2025 12:57,199,CUST-1186,United Kingdom
INV-538194,PROD-008,Laptop Stand,3,12-09-2025 13:23,29.99,CUST-1156,United Kingdom
INV-538195,PROD-006,Desk Mat,2,12-09-2025 15:00,15.5,CUST-1181,United Kingdom
INV-538195,PROD-003,USB-C Hub,2,12-09-2025 15:00,35,CUST-1181,United Kingdom
INV-538195,PROD-004,27-inch Monitor,2,12-09-2025 15:00,249.99,CUST-1181,United Kingdom
INV-538195,PROD-002,Mechanical Keyboard,1,12-09-2025 15:00,85,CUST-1181,United Kingdom
INV-538196,PROD-005,Bluetooth Headphones,1,12-09-2025 16:33,59.99,CUST-1114,United Kingdom
INV-538197,PROD-008,Laptop Stand,21,13-09-2025 12:48,29.99,CUST-1160,France
INV-538197,PROD-005,Bluetooth Headphones,14,13-09-2025 12:48,59.99,CUST-1160,France
INV-538197,PROD-007,Ergonomic Office Chair,14,13-09-2025 12:48,199,CUST-1160,France
INV-538198,PROD-008,Laptop Stand,6,13-09-2025 13:46,29.99,CUST-1115,United Kingdom
INV-538198,PROD-001,Wireless Mouse,18,13-09-2025 13:46,25,CUST-1115,United Kingdom
INV-538198,PROD-006,Desk Mat,6,13-09-2025 13:46,15.5,CUST-1115,United Kingdom
INV-538198,PROD-004,27-inch Monitor,6,13-09-2025 13:46,249.99,CUST-1115,United Kingdom
INV-538199,PROD-006,Desk Mat,1,13-09-2025 13:58,15.5,CUST-1093,France
INV-538199,PROD-008,Laptop Stand,2,13-09-2025 13:58,29.99,CUST-1093,France
INV-538199,PROD-005,Bluetooth Headphones,3,13-09-2025 13:58,59.99,CUST-1093,France
INV-538199,PROD-004,27-inch Monitor,1,13-09-2025 13:58,249.99,CUST-1093,France
INV-538200,PROD-003,USB-C Hub,1,13-09-2025 17:29,35,CUST-1191,France
INV-538201,PROD-008,Laptop Stand,15,14-09-2025 09:46,29.99,CUST-1060,United Kingdom
INV-538201,PROD-006,Desk Mat,5,14-09-2025 09:46,15.5,CUST-1060,United Kingdom
INV-538201,PROD-007,Ergonomic Office Chair,5,14-09-2025 09:46,199,CUST-1060,United Kingdom
INV-538202,PROD-001,Wireless Mouse,1,14-09-2025 13:02,25,CUST-1144,Germany
INV-538202,PROD-007,Ergonomic Office Chair,3,14-09-2025 13:02,199,CUST-1144,Germany
INV-538202,PROD-006,Desk Mat,2,14-09-2025 13:02,15.5,CUST-1144,Germany
INV-538203,PROD-004,27-inch Monitor,9,14-09-2025 13:12,249.99,CUST-1150,France
INV-538204,PROD-008,Laptop Stand,3,14-09-2025 13:20,29.99,CUST-1151,United Kingdom
INV-538204,PROD-005,Bluetooth Headphones,3,14-09-2025 13:20,59.99,CUST-1151,United Kingdom
INV-538204,PROD-001,Wireless Mouse,3,14-09-2025 13:20,25,CUST-1151,United Kingdom
INV-538204,PROD-007,Ergonomic Office Chair,1,14-09-2025 13:20,199,CUST-1151,United Kingdom
INV-538205,PROD-004,27-inch Monitor,3,14-09-2025 15:39,249.99,CUST-1077,United Kingdom
INV-538205,PROD-005,Bluetooth Headphones,1,14-09-2025 15:39,59.99,CUST-1077,United Kingdom
INV-538206,PROD-004,27-inch Monitor,1,14-09-2025 16:31,249.99,CUST-1019,France
INV-538206,PROD-003,USB-C Hub,1,14-09-2025 16:31,35,CUST-1019,France
INV-538206,PROD-006,Desk Mat,2,14-09-2025 16:31,15.5,CUST-1019,France
INV-538207,PROD-002,Mechanical Keyboard,2,15-09-2025 10:49,85,CUST-1087,United Kingdom
INV-538207,PROD-007,Ergonomic Office Chair,1,15-09-2025 10:49,199,CUST-1087,United Kingdom
INV-538207,PROD-004,27-inch Monitor,2,15-09-2025 10:49,249.99,CUST-1087,United Kingdom
INV-538207,PROD-006,Desk Mat,2,15-09-2025 10:49,15.5,CUST-1087,United Kingdom
INV-538208,PROD-002,Mechanical Keyboard,2,15-09-2025 11:13,85,CUST-1129,Germany
INV-538209,PROD-006,Desk Mat,3,15-09-2025 12:18,15.5,CUST-1027,United Kingdom
INV-538209,PROD-004,27-inch Monitor,1,15-09-2025 12:18,249.99,CUST-1027,United Kingdom
INV-538209,PROD-008,Laptop Stand,1,15-09-2025 12:18,29.99,CUST-1027,United Kingdom
INV-538210,PROD-008,Laptop Stand,1,15-09-2025 12:41,29.99,CUST-1111,France
INV-538210,PROD-003,USB-C Hub,2,15-09-2025 12:41,35,CUST-1111,France
INV-538210,PROD-002,Mechanical Keyboard,3,15-09-2025 12:41,85,CUST-1111,France
INV-538211,PROD-001,Wireless Mouse,10,15-09-2025 14:05,25,CUST-1105,United Kingdom
INV-538212,PROD-001,Wireless Mouse,1,15-09-2025 14:16,25,CUST-1172,United Kingdom
INV-538212,PROD-007,Ergonomic Office Chair,1,15-09-2025 14:16,199,CUST-1172,United Kingdom
INV-538212,PROD-003,USB-C Hub,3,15-09-2025 14:16,35,CUST-1172,United Kingdom
INV-538212,PROD-006,Desk Mat,1,15-09-2025 14:16,15.5,CUST-1172,United Kingdom
INV-538213,PROD-003,USB-C Hub,12,15-09-2025 15:01,35,CUST-1100,France
INV-538213,PROD-008,Laptop Stand,4,15-09-2025 15:01,29.99,CUST-1100,France
INV-538213,PROD-002,Mechanical Keyboard,4,15-09-2025 15:01,85,CUST-1100,France
INV-538214,PROD-001,Wireless Mouse,3,16-09-2025 10:42,25,CUST-1109,United Kingdom
INV-538215,PROD-004,27-inch Monitor,2,16-09-2025 10:44,249.99,CUST-1072,France
INV-538215,PROD-008,Laptop Stand,3,16-09-2025 10:44,29.99,CUST-1072,France
INV-538215,PROD-005,Bluetooth Headphones,1,16-09-2025 10:44,59.99,CUST-1072,France
INV-538216,PROD-002,Mechanical Keyboard,3,16-09-2025 12:09,85,CUST-1088,France
INV-538216,PROD-001,Wireless Mouse,2,16-09-2025 12:09,25,CUST-1088,France
INV-538217,PROD-002,Mechanical Keyboard,3,16-09-2025 12:56,85,CUST-1152,France
INV-538217,PROD-005,Bluetooth Headphones,2,16-09-2025 12:56,59.99,CUST-1152,France
INV-538217,PROD-008,Laptop Stand,3,16-09-2025 12:56,29.99,CUST-1152,France
INV-538218,PROD-005,Bluetooth Headphones,1,16-09-2025 14:03,59.99,CUST-1156,France
INV-538218,PROD-001,Wireless Mouse,1,16-09-2025 14:03,25,CUST-1156,France
INV-538219,PROD-002,Mechanical Keyboard,12,16-09-2025 15:10,85,CUST-1105,Germany
INV-538219,PROD-006,Desk Mat,4,16-09-2025 15:10,15.5,CUST-1105,Germany
INV-538220,PROD-006,Desk Mat,21,16-09-2025 16:04,15.5,CUST-1035,United Kingdom
INV-538220,PROD-002,Mechanical Keyboard,14,16-09-2025 16:04,85,CUST-1035,United Kingdom
INV-538220,PROD-003,USB-C Hub,14,16-09-2025 16:04,35,CUST-1035,United Kingdom
INV-538220,PROD-001,Wireless Mouse,7,16-09-2025 16:04,25,CUST-1035,United Kingdom
INV-538221,PROD-005,Bluetooth Headphones,3,17-09-2025 09:06,59.99,CUST-1118,United Kingdom
INV-538221,PROD-007,Ergonomic Office Chair,1,17-09-2025 09:06,199,CUST-1118,United Kingdom
INV-538221,PROD-003,USB-C Hub,3,17-09-2025 09:06,35,CUST-1118,United Kingdom
INV-538221,PROD-004,27-inch Monitor,1,17-09-2025 09:06,249.99,CUST-1118,United Kingdom
INV-538222,PROD-003,USB-C Hub,2,17-09-2025 09:43,35,CUST-1181,United Kingdom
INV-538222,PROD-007,Ergonomic Office Chair,2,17-09-2025 09:43,199,CUST-1181,United Kingdom
INV-538222,PROD-001,Wireless Mouse,1,17-09-2025 09:43,25,CUST-1181,United Kingdom
INV-538223,PROD-003,USB-C Hub,2,17-09-2025 11:28,35,CUST-1154,United Kingdom
INV-538224,PROD-007,Ergonomic Office Chair,3,17-09-2025 12:05,199,CUST-1086,Germany
INV-538224,PROD-008,Laptop Stand,1,17-09-2025 12:05,29.99,CUST-1086,Germany
INV-538224,PROD-003,USB-C Hub,3,17-09-2025 12:05,35,CUST-1086,Germany
INV-538224,PROD-001,Wireless Mouse,2,17-09-2025 12:05,25,CUST-1086,Germany
INV-538225,PROD-008,Laptop Stand,15,17-09-2025 13:04,29.99,CUST-1135,United Kingdom
INV-538225,PROD-006,Desk Mat,5,17-09-2025 13:04,15.5,CUST-1135,United Kingdom
INV-538225,PROD-007,Ergonomic Office Chair,5,17-09-2025 13:04,199,CUST-1135,United Kingdom
INV-538225,PROD-001,Wireless Mouse,15,17-09-2025 13:04,25,CUST-1135,United Kingdom
INV-538226,PROD-002,Mechanical Keyboard,3,17-09-2025 14:10,85,CUST-1174,United Kingdom
INV-538226,PROD-008,Laptop Stand,3,17-09-2025 14:10,29.99,CUST-1174,United Kingdom
INV-538227,PROD-004,27-inch Monitor,3,17-09-2025 14:11,249.99,CUST-1028,France
INV-538227,PROD-007,Ergonomic Office Chair,1,17-09-2025 14:11,199,CUST-1028,France
INV-538228,PROD-006,Desk Mat,2,17-09-2025 14:21,15.5,CUST-1028,France
INV-538228,PROD-002,Mechanical Keyboard,1,17-09-2025 14:21,85,CUST-1028,France
INV-538228,PROD-005,Bluetooth Headphones,3,17-09-2025 14:21,59.99,CUST-1028,France
INV-538229,PROD-005,Bluetooth Headphones,3,17-09-2025 15:53,59.99,CUST-1026,United Kingdom
INV-538229,PROD-002,Mechanical Keyboard,3,17-09-2025 15:53,85,CUST-1026,United Kingdom
INV-538230,PROD-005,Bluetooth Headphones,1,17-09-2025 16:03,59.99,CUST-1143,United Kingdom
INV-538230,PROD-003,USB-C Hub,1,17-09-2025 16:03,35,CUST-1143,United Kingdom
INV-538231,PROD-004,27-inch Monitor,3,17-09-2025 17:44,249.99,CUST-1038,Germany
INV-538232,PROD-001,Wireless Mouse,18,17-09-2025 17:44,25,CUST-1105,United Kingdom
INV-538232,PROD-004,27-inch Monitor,12,17-09-2025 17:44,249.99,CUST-1105,United Kingdom
INV-538233,PROD-002,Mechanical Keyboard,2,18-09-2025 12:22,85,CUST-1098,United Kingdom
INV-538234,PROD-004,27-inch Monitor,2,18-09-2025 13:29,249.99,CUST-1051,United Kingdom
INV-538234,PROD-007,Ergonomic Office Chair,2,18-09-2025 13:29,199,CUST-1051,United Kingdom
INV-538234,PROD-008,Laptop Stand,3,18-09-2025 13:29,29.99,CUST-1051,United Kingdom
INV-538235,PROD-004,27-inch Monitor,7,18-09-2025 13:37,249.99,CUST-1020,United Kingdom
INV-538236,PROD-005,Bluetooth Headphones,1,18-09-2025 16:18,59.99,CUST-1019,United Kingdom
INV-538237,PROD-002,Mechanical Keyboard,3,19-09-2025 10:23,85,CUST-1088,France
INV-538237,PROD-007,Ergonomic Office Chair,1,19-09-2025 10:23,199,CUST-1088,France
INV-538238,PROD-008,Laptop Stand,1,19-09-2025 13:01,29.99,CUST-1034,France
INV-538238,PROD-001,Wireless Mouse,1,19-09-2025 13:01,25,CUST-1034,France
INV-538238,PROD-007,Ergonomic Office Chair,1,19-09-2025 13:01,199,CUST-1034,France
INV-538238,PROD-005,Bluetooth Headphones,1,19-09-2025 13:01,59.99,CUST-1034,France
INV-538239,PROD-008,Laptop Stand,1,19-09-2025 15:41,29.99,CUST-1164,United Kingdom
INV-538240,PROD-007,Ergonomic Office Chair,2,19-09-2025 16:18,199,CUST-1033,Germany
INV-538240,PROD-004,27-inch Monitor,1,19-09-2025 16:18,249.99,CUST-1033,Germany
INV-538241,PROD-002,Mechanical Keyboard,6,20-09-2025 09:03,85,CUST-1190,Germany
INV-538241,PROD-005,Bluetooth Headphones,6,20-09-2025 09:03,59.99,CUST-1190,Germany
INV-538241,PROD-004,27-inch Monitor,18,20-09-2025 09:03,249.99,CUST-1190,Germany
INV-538241,PROD-006,Desk Mat,12,20-09-2025 09:03,15.5,CUST-1190,Germany
INV-538242,PROD-004,27-inch Monitor,2,20-09-2025 09:15,249.99,CUST-1066,United Kingdom
INV-538242,PROD-002,Mechanical Keyboard,1,20-09-2025 09:15,85,CUST-1066,United Kingdom
INV-538242,PROD-008,Laptop Stand,3,20-09-2025 09:15,29.99,CUST-1066,United Kingdom
INV-538242,PROD-005,Bluetooth Headphones,1,20-09-2025 09:15,59.99,CUST-1066,United Kingdom
INV-538243,PROD-003,USB-C Hub,1,20-09-2025 14:00,35,CUST-1196,Germany
INV-538243,PROD-001,Wireless Mouse,2,20-09-2025 14:00,25,CUST-1196,Germany
INV-538243,PROD-006,Desk Mat,3,20-09-2025 14:00,15.5,CUST-1196,Germany
INV-538244,PROD-004,27-inch Monitor,2,20-09-2025 15:03,249.99,CUST-1052,United Kingdom
INV-538244,PROD-005,Bluetooth Headphones,2,20-09-2025 15:03,59.99,CUST-1052,United Kingdom
INV-538245,PROD-007,Ergonomic Office Chair,1,21-09-2025 09:52,199,CUST-1139,France
INV-538246,PROD-002,Mechanical Keyboard,21,21-09-2025 09:56,85,CUST-1020,Germany
INV-538246,PROD-008,Laptop Stand,14,21-09-2025 09:56,29.99,CUST-1020,Germany
INV-538246,PROD-006,Desk Mat,7,21-09-2025 09:56,15.5,CUST-1020,Germany
INV-538246,PROD-003,USB-C Hub,7,21-09-2025 09:56,35,CUST-1020,Germany
INV-538247,PROD-004,27-inch Monitor,3,21-09-2025 10:11,249.99,CUST-1059,United Kingdom
INV-538247,PROD-003,USB-C Hub,3,21-09-2025 10:11,35,CUST-1059,United Kingdom
INV-538248,PROD-006,Desk Mat,2,21-09-2025 10:20,15.5,CUST-1051,United Kingdom
INV-538248,PROD-007,Ergonomic Office Chair,2,21-09-2025 10:20,199,CUST-1051,United Kingdom
INV-538248,PROD-001,Wireless Mouse,3,21-09-2025 10:20,25,CUST-1051,United Kingdom
INV-538248,PROD-002,Mechanical Keyboard,2,21-09-2025 10:20,85,CUST-1051,United Kingdom
INV-538249,PROD-005,Bluetooth Headphones,1,21-09-2025 10:40,59.99,CUST-1068,France
INV-538249,PROD-003,USB-C Hub,3,21-09-2025 10:40,35,CUST-1068,France
INV-538249,PROD-001,Wireless Mouse,3,21-09-2025 10:40,25,CUST-1068,France
INV-538250,PROD-001,Wireless Mouse,3,21-09-2025 11:13,25,CUST-1111,United Kingdom
INV-538250,PROD-007,Ergonomic Office Chair,1,21-09-2025 11:13,199,CUST-1111,United Kingdom
INV-538250,PROD-004,27-inch Monitor,2,21-09-2025 11:13,249.99,CUST-1111,United Kingdom
INV-538250,PROD-003,USB-C Hub,2,21-09-2025 11:13,35,CUST-1111,United Kingdom
INV-538251,PROD-005,Bluetooth Headphones,2,21-09-2025 15:55,59.99,CUST-1194,Germany
INV-538251,PROD-003,USB-C Hub,2,21-09-2025 15:55,35,CUST-1194,Germany
INV-538251,PROD-008,Laptop Stand,1,21-09-2025 15:55,29.99,CUST-1194,Germany
INV-538251,PROD-001,Wireless Mouse,2,21-09-2025 15:55,25,CUST-1194,Germany
INV-538252,PROD-005,Bluetooth Headphones,18,21-09-2025 16:39,59.99,CUST-1040,United Kingdom
INV-538253,PROD-004,27-inch Monitor,2,21-09-2025 16:48,249.99,CUST-1111,Germany
INV-538253,PROD-002,Mechanical Keyboard,2,21-09-2025 16:48,85,CUST-1111,Germany
INV-538254,PROD-005,Bluetooth Headphones,1,22-09-2025 10:35,59.99,CUST-1017,United Kingdom
INV-538254,PROD-001,Wireless Mouse,1,22-09-2025 10:35,25,CUST-1017,United Kingdom
INV-538254,PROD-003,USB-C Hub,2,22-09-2025 10:35,35,CUST-1017,United Kingdom
INV-538254,PROD-008,Laptop Stand,3,22-09-2025 10:35,29.99,CUST-1017,United Kingdom
INV-538255,PROD-006,Desk Mat,1,22-09-2025 11:20,15.5,CUST-1194,United Kingdom
INV-538256,PROD-002,Mechanical Keyboard,3,22-09-2025 13:54,85,CUST-1108,United Kingdom
INV-538256,PROD-004,27-inch Monitor,2,22-09-2025 13:54,249.99,CUST-1108,United Kingdom
INV-538257,PROD-003,USB-C Hub,21,22-09-2025 14:22,35,CUST-1025,Germany
INV-538258,PROD-004,27-inch Monitor,3,22-09-2025 15:15,249.99,CUST-1097,United Kingdom
INV-538258,PROD-002,Mechanical Keyboard,1,22-09-2025 15:15,85,CUST-1097,United Kingdom
INV-538258,PROD-003,USB-C Hub,2,22-09-2025 15:15,35,CUST-1097,United Kingdom
INV-538258,PROD-001,Wireless Mouse,1,22-09-2025 15:15,25,CUST-1097,United Kingdom
INV-538259,PROD-003,USB-C Hub,5,23-09-2025 14:15,35,CUST-1025,United Kingdom
INV-538259,PROD-005,Bluetooth Headphones,5,23-09-2025 14:15,59.99,CUST-1025,United Kingdom
INV-538259,PROD-002,Mechanical Keyboard,15,23-09-2025 14:15,85,CUST-1025,United Kingdom
INV-538260,PROD-008,Laptop Stand,6,23-09-2025 15:27,29.99,CUST-1105,France
INV-538261,PROD-004,27-inch Monitor,3,23-09-2025 17:00,249.99,CUST-1093,France
INV-538262,PROD-007,Ergonomic Office Chair,2,24-09-2025 10:38,199,CUST-1166,United Kingdom
INV-538263,PROD-001,Wireless Mouse,2,24-09-2025 14:07,25,CUST-1121,United Kingdom
INV-538263,PROD-005,Bluetooth Headphones,3,24-09-2025 14:07,59.99,CUST-1121,United Kingdom
INV-538264,PROD-004,27-inch Monitor,3,24-09-2025 14:50,249.99,CUST-1136,United Kingdom
INV-538265,PROD-003,USB-C Hub,12,24-09-2025 17:03,35,CUST-1035,United Kingdom
INV-538265,PROD-004,27-inch Monitor,12,24-09-2025 17:03,249.99,CUST-1035,United Kingdom
INV-538265,PROD-008,Laptop Stand,8,24-09-2025 17:03,29.99,CUST-1035,United Kingdom
INV-538265,PROD-007,Ergonomic Office Chair,4,24-09-2025 17:03,199,CUST-1035,United Kingdom
INV-538266,PROD-002,Mechanical Keyboard,1,24-09-2025 17:55,85,CUST-1098,United Kingdom
INV-538266,PROD-007,Ergonomic Office Chair,1,24-09-2025 17:55,199,CUST-1098,United Kingdom
INV-538266,PROD-001,Wireless Mouse,2,24-09-2025 17:55,25,CUST-1098,United Kingdom
INV-538267,PROD-004,27-inch Monitor,1,25-09-2025 09:44,249.99,CUST-1109,United Kingdom
INV-538268,PROD-008,Laptop Stand,4,25-09-2025 10:06,29.99,CUST-1060,United Kingdom
INV-538268,PROD-006,Desk Mat,4,25-09-2025 10:06,15.5,CUST-1060,United Kingdom
INV-538268,PROD-007,Ergonomic Office Chair,12,25-09-2025 10:06,199,CUST-1060,United Kingdom
INV-538268,PROD-004,27-inch Monitor,4,25-09-2025 10:06,249.99,CUST-1060,United Kingdom
INV-538269,PROD-001,Wireless Mouse,2,25-09-2025 10:32,25,CUST-1072,France
INV-538269,PROD-007,Ergonomic Office Chair,1,25-09-2025 10:32,199,CUST-1072,France
INV-538270,PROD-003,USB-C Hub,1,25-09-2025 11:42,35,CUST-1081,United Kingdom
INV-538270,PROD-005,Bluetooth Headphones,3,25-09-2025 11:42,59.99,CUST-1081,United Kingdom
INV-538270,PROD-002,Mechanical Keyboard,2,25-09-2025 11:42,85,CUST-1081,United Kingdom
INV-538270,PROD-006,Desk Mat,1,25-09-2025 11:42,15.5,CUST-1081,United Kingdom
INV-538271,PROD-006,Desk Mat,2,25-09-2025 12:17,15.5,CUST-1108,United Kingdom
INV-538271,PROD-008,Laptop Stand,2,25-09-2025 12:17,29.99,CUST-1108,United Kingdom
INV-538271,PROD-007,Ergonomic Office Chair,3,25-09-2025 12:17,199,CUST-1108,United Kingdom
INV-538271,PROD-003,USB-C Hub,3,25-09-2025 12:17,35,CUST-1108,United Kingdom
INV-538272,PROD-002,Mechanical Keyboard,2,25-09-2025 14:18,85,CUST-1081,United Kingdom
INV-538272,PROD-007,Ergonomic Office Chair,2,25-09-2025 14:18,199,CUST-1081,United Kingdom
INV-538273,PROD-002,Mechanical Keyboard,2,25-09-2025 15:13,85,CUST-1039,United Kingdom
INV-538274,PROD-003,USB-C Hub,3,25-09-2025 16:23,35,CUST-1011,Germany
INV-538274,PROD-005,Bluetooth Headphones,2,25-09-2025 16:23,59.99,CUST-1011,Germany
INV-538275,PROD-006,Desk Mat,7,25-09-2025 16:34,15.5,CUST-1030,France
INV-538275,PROD-007,Ergonomic Office Chair,21,25-09-2025 16:34,199,CUST-1030,France
INV-538275,PROD-005,Bluetooth Headphones,7,25-09-2025 16:34,59.99,CUST-1030,France
INV-538276,PROD-008,Laptop Stand,1,25-09-2025 17:44,29.99,CUST-1089,United Kingdom
INV-538276,PROD-002,Mechanical Keyboard,2,25-09-2025 17:44,85,CUST-1089,United Kingdom
INV-538276,PROD-006,Desk Mat,1,25-09-2025 17:44,15.5,CUST-1089,United Kingdom
INV-538276,PROD-001,Wireless Mouse,2,25-09-2025 17:44,25,CUST-1089,United Kingdom
INV-538277,PROD-001,Wireless Mouse,3,26-09-2025 09:30,25,CUST-1027,France
INV-538277,PROD-007,Ergonomic Office Chair,1,26-09-2025 09:30,199,CUST-1027,France
INV-538277,PROD-008,Laptop Stand,3,26-09-2025 09:30,29.99,CUST-1027,France
INV-538278,PROD-006,Desk Mat,1,26-09-2025 10:03,15.5,CUST-1158,Germany
INV-538278,PROD-008,Laptop Stand,1,26-09-2025 10:03,29.99,CUST-1158,Germany
INV-538279,PROD-002,Mechanical Keyboard,6,26-09-2025 10:50,85,CUST-1130,United Kingdom
INV-538279,PROD-008,Laptop Stand,9,26-09-2025 10:50,29.99,CUST-1130,United Kingdom
INV-538280,PROD-006,Desk Mat,12,26-09-2025 15:53,15.5,CUST-1185,France
INV-538281,PROD-003,USB-C Hub,2,26-09-2025 16:55,35,CUST-1089,France
INV-538281,PROD-008,Laptop Stand,3,26-09-2025 16:55,29.99,CUST-1089,France
INV-538281,PROD-004,27-inch Monitor,2,26-09-2025 16:55,249.99,CUST-1089,France
INV-538281,PROD-005,Bluetooth Headphones,1,26-09-2025 16:55,59.99,CUST-1089,France
INV-538282,PROD-002,Mechanical Keyboard,12,27-09-2025 09:45,85,CUST-1095,France
INV-538282,PROD-001,Wireless Mouse,6,27-09-2025 09:45,25,CUST-1095,France
INV-538282,PROD-006,Desk Mat,6,27-09-2025 09:45,15.5,CUST-1095,France
INV-538282,PROD-004,27-inch Monitor,18,27-09-2025 09:45,249.99,CUST-1095,France
INV-538283,PROD-004,27-inch Monitor,2,27-09-2025 09:59,249.99,CUST-1116,Germany
INV-538283,PROD-006,Desk Mat,3,27-09-2025 09:59,15.5,CUST-1116,Germany
INV-538284,PROD-007,Ergonomic Office Chair,1,27-09-2025 10:54,199,CUST-1033,Germany
INV-538284,PROD-005,Bluetooth Headphones,3,27-09-2025 10:54,59.99,CUST-1033,Germany
INV-538285,PROD-005,Bluetooth Headphones,21,27-09-2025 12:58,59.99,CUST-1050,United Kingdom
INV-538285,PROD-003,USB-C Hub,14,27-09-2025 12:58,35,CUST-1050,United Kingdom
INV-538285,PROD-004,27-inch Monitor,21,27-09-2025 12:58,249.99,CUST-1050,United Kingdom
INV-538285,PROD-002,Mechanical Keyboard,14,27-09-2025 12:58,85,CUST-1050,United Kingdom
INV-538286,PROD-005,Bluetooth Headphones,14,27-09-2025 15:11,59.99,CUST-1135,United Kingdom
INV-538286,PROD-002,Mechanical Keyboard,14,27-09-2025 15:11,85,CUST-1135,United Kingdom
INV-538286,PROD-001,Wireless Mouse,7,27-09-2025 15:11,25,CUST-1135,United Kingdom
INV-538287,PROD-001,Wireless Mouse,1,27-09-2025 16:03,25,CUST-1087,Germany
INV-538287,PROD-005,Bluetooth Headphones,2,27-09-2025 16:03,59.99,CUST-1087,Germany
INV-538288,PROD-004,27-inch Monitor,6,28-09-2025 09:25,249.99,CUST-1035,United Kingdom
INV-538288,PROD-001,Wireless Mouse,12,28-09-2025 09:25,25,CUST-1035,United Kingdom
INV-538288,PROD-006,Desk Mat,12,28-09-2025 09:25,15.5,CUST-1035,United Kingdom
INV-538289,PROD-006,Desk Mat,1,28-09-2025 09:44,15.5,CUST-1032,United Kingdom
INV-538289,PROD-005,Bluetooth Headphones,1,28-09-2025 09:44,59.99,CUST-1032,United Kingdom
INV-538290,PROD-007,Ergonomic Office Chair,3,28-09-2025 11:36,199,CUST-1122,United Kingdom
INV-538290,PROD-003,USB-C Hub,3,28-09-2025 11:36,35,CUST-1122,United Kingdom
INV-538290,PROD-004,27-inch Monitor,3,28-09-2025 11:36,249.99,CUST-1122,United Kingdom
INV-538291,PROD-008,Laptop Stand,1,28-09-2025 11:56,29.99,CUST-1111,France
INV-538291,PROD-005,Bluetooth Headphones,1,28-09-2025 11:56,59.99,CUST-1111,France
INV-538292,PROD-004,27-inch Monitor,6,28-09-2025 12:31,249.99,CUST-1195,Germany
INV-538292,PROD-002,Mechanical Keyboard,6,28-09-2025 12:31,85,CUST-1195,Germany
INV-538293,PROD-001,Wireless Mouse,1,28-09-2025 14:15,25,CUST-1009,Germany
INV-538293,PROD-002,Mechanical Keyboard,1,28-09-2025 14:15,85,CUST-1009,Germany
INV-538293,PROD-008,Laptop Stand,2,28-09-2025 14:15,29.99,CUST-1009,Germany
INV-538293,PROD-004,27-inch Monitor,1,28-09-2025 14:15,249.99,CUST-1009,Germany
INV-538294,PROD-005,Bluetooth Headphones,3,28-09-2025 15:28,59.99,CUST-1039,France
INV-538294,PROD-001,Wireless Mouse,1,28-09-2025 15:28,25,CUST-1039,France
INV-538294,PROD-007,Ergonomic Office Chair,1,28-09-2025 15:28,199,CUST-1039,France
INV-538295,PROD-002,Mechanical Keyboard,14,28-09-2025 16:18,85,CUST-1135,United Kingdom
INV-538295,PROD-008,Laptop Stand,14,28-09-2025 16:18,29.99,CUST-1135,United Kingdom
INV-538296,PROD-005,Bluetooth Headphones,2,28-09-2025 16:31,59.99,CUST-1163,France
INV-538296,PROD-006,Desk Mat,2,28-09-2025 16:31,15.5,CUST-1163,France
INV-538297,PROD-006,Desk Mat,2,28-09-2025 16:57,15.5,CUST-1146,United Kingdom
INV-538297,PROD-005,Bluetooth Headphones,3,28-09-2025 16:57,59.99,CUST-1146,United Kingdom
INV-538297,PROD-008,Laptop Stand,2,28-09-2025 16:57,29.99,CUST-1146,United Kingdom
INV-538298,PROD-007,Ergonomic Office Chair,1,28-09-2025 16:59,199,CUST-1009,France
INV-538298,PROD-003,USB-C Hub,1,28-09-2025 16:59,35,CUST-1009,France
INV-538299,PROD-008,Laptop Stand,5,29-09-2025 10:01,29.99,CUST-1125,United Kingdom
INV-538299,PROD-005,Bluetooth Headphones,5,29-09-2025 10:01,59.99,CUST-1125,United Kingdom
INV-538299,PROD-003,USB-C Hub,10,29-09-2025 10:01,35,CUST-1125,United Kingdom
INV-538299,PROD-001,Wireless Mouse,15,29-09-2025 10:01,25,CUST-1125,United Kingdom
INV-538300,PROD-005,Bluetooth Headphones,7,29-09-2025 13:18,59.99,CUST-1110,United Kingdom
INV-538300,PROD-003,USB-C Hub,14,29-09-2025 13:18,35,CUST-1110,United Kingdom
INV-538300,PROD-001,Wireless Mouse,7,29-09-2025 13:18,25,CUST-1110,United Kingdom
INV-538300,PROD-002,Mechanical Keyboard,21,29-09-2025 13:18,85,CUST-1110,United Kingdom
INV-538301,PROD-002,Mechanical Keyboard,2,29-09-2025 15:04,85,CUST-1117,France
INV-538302,PROD-007,Ergonomic Office Chair,1,29-09-2025 15:18,199,CUST-1114,United Kingdom
INV-538302,PROD-006,Desk Mat,2,29-09-2025 15:18,15.5,CUST-1114,United Kingdom
INV-538302,PROD-003,USB-C Hub,1,29-09-2025 15:18,35,CUST-1114,United Kingdom
INV-538302,PROD-001,Wireless Mouse,2,29-09-2025 15:18,25,CUST-1114,United Kingdom
INV-538303,PROD-006,Desk Mat,1,30-09-2025 11:45,15.5,CUST-1177,United Kingdom
INV-538303,PROD-005,Bluetooth Headphones,1,30-09-2025 11:45,59.99,CUST-1177,United Kingdom
INV-538304,PROD-006,Desk Mat,1,30-09-2025 12:23,15.5,CUST-1074,France
INV-538304,PROD-008,Laptop Stand,1,30-09-2025 12:23,29.99,CUST-1074,France
INV-538304,PROD-001,Wireless Mouse,2,30-09-2025 12:23,25,CUST-1074,France
INV-538304,PROD-007,Ergonomic Office Chair,1,30-09-2025 12:23,199,CUST-1074,France
INV-538305,PROD-002,Mechanical Keyboard,5,30-09-2025 12:43,85,CUST-1100,France
INV-538305,PROD-006,Desk Mat,5,30-09-2025 12:43,15.5,CUST-1100,France
INV-538305,PROD-003,USB-C Hub,5,30-09-2025 12:43,35,CUST-1100,France
INV-538305,PROD-004,27-inch Monitor,5,30-09-2025 12:43,249.99,CUST-1100,France
INV-538306,PROD-003,USB-C Hub,2,30-09-2025 12:46,35,CUST-1011,United Kingdom
INV-538306,PROD-002,Mechanical Keyboard,2,30-09-2025 12:46,85,CUST-1011,United Kingdom
INV-538306,PROD-006,Desk Mat,2,30-09-2025 12:46,15.5,CUST-1011,United Kingdom
INV-538307,PROD-006,Desk Mat,3,30-09-2025 13:49,15.5,CUST-1081,United Kingdom
INV-538307,PROD-007,Ergonomic Office Chair,1,30-09-2025 13:49,199,CUST-1081,United Kingdom
INV-538307,PROD-008,Laptop Stand,3,30-09-2025 13:49,29.99,CUST-1081,United Kingdom
INV-538308,PROD-003,USB-C Hub,6,30-09-2025 16:17,35,CUST-1015,United Kingdom
INV-538308,PROD-006,Desk Mat,12,30-09-2025 16:17,15.5,CUST-1015,United Kingdom
INV-538309,PROD-005,Bluetooth Headphones,14,30-09-2025 16:32,59.99,CUST-1130,United Kingdom
INV-538309,PROD-003,USB-C Hub,21,30-09-2025 16:32,35,CUST-1130,United Kingdom
INV-538309,PROD-002,Mechanical Keyboard,21,30-09-2025 16:32,85,CUST-1130,United Kingdom
INV-538310,PROD-002,Mechanical Keyboard,2,30-09-2025 16:57,85,CUST-1081,United Kingdom
INV-538310,PROD-004,27-inch Monitor,2,30-09-2025 16:57,249.99,CUST-1081,United Kingdom
INV-538310,PROD-005,Bluetooth Headphones,3,30-09-2025 16:57,59.99,CUST-1081,United Kingdom
INV-538310,PROD-003,USB-C Hub,1,30-09-2025 16:57,35,CUST-1081,United Kingdom
INV-538311,PROD-002,Mechanical Keyboard,3,30-09-2025 17:44,85,CUST-1027,United Kingdom
INV-538312,PROD-006,Desk Mat,10,01-10-2025 09:17,15.5,CUST-1080,United Kingdom
INV-538312,PROD-002,Mechanical Keyboard,10,01-10-2025 09:17,85,CUST-1080,United Kingdom
INV-538313,PROD-003,USB-C Hub,2,01-10-2025 14:53,35,CUST-1133,France
INV-538314,PROD-002,Mechanical Keyboard,3,02-10-2025 11:17,85,CUST-1040,France
INV-538314,PROD-003,USB-C Hub,3,02-10-2025 11:17,35,CUST-1040,France
INV-538314,PROD-007,Ergonomic Office Chair,6,02-10-2025 11:17,199,CUST-1040,France
INV-538315,PROD-008,Laptop Stand,2,02-10-2025 11:55,29.99,CUST-1066,United Kingdom
INV-538315,PROD-002,Mechanical Keyboard,3,02-10-2025 11:55,85,CUST-1066,United Kingdom
INV-538315,PROD-005,Bluetooth Headphones,1,02-10-2025 11:55,59.99,CUST-1066,United Kingdom
INV-538315,PROD-003,USB-C Hub,3,02-10-2025 11:55,35,CUST-1066,United Kingdom
INV-538316,PROD-006,Desk Mat,2,02-10-2025 13:43,15.5,CUST-1012,United Kingdom
INV-538316,PROD-002,Mechanical Keyboard,3,02-10-2025 13:43,85,CUST-1012,United Kingdom
INV-538316,PROD-005,Bluetooth Headphones,2,02-10-2025 13:43,59.99,CUST-1012,United Kingdom
INV-538316,PROD-003,USB-C Hub,1,02-10-2025 13:43,35,CUST-1012,United Kingdom
INV-538317,PROD-002,Mechanical Keyboard,1,02-10-2025 14:38,85,CUST-1159,United Kingdom
INV-538317,PROD-005,Bluetooth Headphones,2,02-10-2025 14:38,59.99,CUST-1159,United Kingdom
INV-538317,PROD-007,Ergonomic Office Chair,2,02-10-2025 14:38,199,CUST-1159,United Kingdom
INV-538318,PROD-002,Mechanical Keyboard,1,03-10-2025 10:23,85,CUST-1048,United Kingdom
INV-538318,PROD-004,27-inch Monitor,2,03-10-2025 10:23,249.99,CUST-1048,United Kingdom
INV-538319,PROD-004,27-inch Monitor,1,03-10-2025 11:52,249.99,CUST-1139,United Kingdom
INV-538320,PROD-001,Wireless Mouse,1,03-10-2025 15:16,25,CUST-1031,France
INV-538320,PROD-008,Laptop Stand,1,03-10-2025 15:16,29.99,CUST-1031,France
INV-538320,PROD-005,Bluetooth Headphones,3,03-10-2025 15:16,59.99,CUST-1031,France
INV-538321,PROD-006,Desk Mat,6,03-10-2025 15:52,15.5,CUST-1110,Germany
INV-538321,PROD-003,USB-C Hub,12,03-10-2025 15:52,35,CUST-1110,Germany
INV-538322,PROD-006,Desk Mat,7,03-10-2025 17:46,15.5,CUST-1065,United Kingdom
INV-538322,PROD-002,Mechanical Keyboard,14,03-10-2025 17:46,85,CUST-1065,United Kingdom
INV-538322,PROD-005,Bluetooth Headphones,21,03-10-2025 17:46,59.99,CUST-1065,United Kingdom
INV-538323,PROD-001,Wireless Mouse,2,04-10-2025 09:14,25,CUST-1039,Germany
INV-538323,PROD-007,Ergonomic Office Chair,3,04-10-2025 09:14,199,CUST-1039,Germany
INV-538324,PROD-008,Laptop Stand,3,04-10-2025 10:29,29.99,CUST-1072,United Kingdom
INV-538324,PROD-004,27-inch Monitor,1,04-10-2025 10:29,249.99,CUST-1072,United Kingdom
INV-538324,PROD-002,Mechanical Keyboard,1,04-10-2025 10:29,85,CUST-1072,United Kingdom
INV-538324,PROD-007,Ergonomic Office Chair,3,04-10-2025 10:29,199,CUST-1072,United Kingdom
INV-538325,PROD-003,USB-C Hub,21,04-10-2025 11:40,35,CUST-1170,United Kingdom
INV-538325,PROD-001,Wireless Mouse,7,04-10-2025 11:40,25,CUST-1170,United Kingdom
INV-538325,PROD-002,Mechanical Keyboard,14,04-10-2025 11:40,85,CUST-1170,United Kingdom
INV-538325,PROD-008,Laptop Stand,21,04-10-2025 11:40,29.99,CUST-1170,United Kingdom
INV-538326,PROD-008,Laptop Stand,2,04-10-2025 11:58,29.99,CUST-1088,United Kingdom
INV-538326,PROD-007,Ergonomic Office Chair,2,04-10-2025 11:58,199,CUST-1088,United Kingdom
INV-538326,PROD-003,USB-C Hub,1,04-10-2025 11:58,35,CUST-1088,United Kingdom
INV-538327,PROD-003,USB-C Hub,1,04-10-2025 13:17,35,CUST-1147,Germany
INV-538328,PROD-001,Wireless Mouse,1,04-10-2025 13:42,25,CUST-1151,France
INV-538329,PROD-008,Laptop Stand,15,04-10-2025 14:05,29.99,CUST-1150,Germany
INV-538330,PROD-007,Ergonomic Office Chair,3,05-10-2025 09:17,199,CUST-1007,United Kingdom
INV-538330,PROD-002,Mechanical Keyboard,3,05-10-2025 09:17,85,CUST-1007,United Kingdom
INV-538330,PROD-005,Bluetooth Headphones,3,05-10-2025 09:17,59.99,CUST-1007,United Kingdom
INV-538331,PROD-002,Mechanical Keyboard,9,05-10-2025 10:44,85,CUST-1095,France
INV-538331,PROD-006,Desk Mat,3,05-10-2025 10:44,15.5,CUST-1095,France
INV-538331,PROD-008,Laptop Stand,9,05-10-2025 10:44,29.99,CUST-1095,France
INV-538331,PROD-007,Ergonomic Office Chair,3,05-10-2025 10:44,199,CUST-1095,France
INV-538332,PROD-008,Laptop Stand,2,05-10-2025 16:38,29.99,CUST-1046,United Kingdom
INV-538332,PROD-005,Bluetooth Headphones,2,05-10-2025 16:38,59.99,CUST-1046,United Kingdom
INV-538332,PROD-006,Desk Mat,3,05-10-2025 16:38,15.5,CUST-1046,United Kingdom
INV-538332,PROD-003,USB-C Hub,3,05-10-2025 16:38,35,CUST-1046,United Kingdom
INV-538333,PROD-006,Desk Mat,3,05-10-2025 17:08,15.5,CUST-1149,United Kingdom
INV-538334,PROD-005,Bluetooth Headphones,1,05-10-2025 17:18,59.99,CUST-1056,United Kingdom
INV-538334,PROD-006,Desk Mat,1,05-10-2025 17:18,15.5,CUST-1056,United Kingdom
INV-538334,PROD-007,Ergonomic Office Chair,1,05-10-2025 17:18,199,CUST-1056,United Kingdom
INV-538335,PROD-001,Wireless Mouse,1,05-10-2025 17:47,25,CUST-1009,United Kingdom
INV-538335,PROD-002,Mechanical Keyboard,3,05-10-2025 17:47,85,CUST-1009,United Kingdom
INV-538335,PROD-004,27-inch Monitor,1,05-10-2025 17:47,249.99,CUST-1009,United Kingdom
INV-538336,PROD-005,Bluetooth Headphones,3,06-10-2025 14:15,59.99,CUST-1186,United Kingdom
INV-538336,PROD-008,Laptop Stand,1,06-10-2025 14:15,29.99,CUST-1186,United Kingdom
INV-538336,PROD-006,Desk Mat,1,06-10-2025 14:15,15.5,CUST-1186,United Kingdom
INV-538336,PROD-003,USB-C Hub,3,06-10-2025 14:15,35,CUST-1186,United Kingdom
INV-538337,PROD-006,Desk Mat,2,06-10-2025 15:25,15.5,CUST-1097,France
INV-538337,PROD-004,27-inch Monitor,3,06-10-2025 15:25,249.99,CUST-1097,France
INV-538337,PROD-002,Mechanical Keyboard,3,06-10-2025 15:25,85,CUST-1097,France
INV-538338,PROD-002,Mechanical Keyboard,3,06-10-2025 16:07,85,CUST-1109,United Kingdom
INV-538338,PROD-005,Bluetooth Headphones,3,06-10-2025 16:07,59.99,CUST-1109,United Kingdom
INV-538338,PROD-007,Ergonomic Office Chair,3,06-10-2025 16:07,199,CUST-1109,United Kingdom
INV-538339,PROD-004,27-inch Monitor,1,06-10-2025 17:42,249.99,CUST-1021,United Kingdom
INV-538339,PROD-002,Mechanical Keyboard,3,06-10-2025 17:42,85,CUST-1021,United Kingdom
INV-538340,PROD-006,Desk Mat,1,06-10-2025 17:53,15.5,CUST-1147,United Kingdom
INV-538340,PROD-008,Laptop Stand,2,06-10-2025 17:53,29.99,CUST-1147,United Kingdom
INV-538341,PROD-004,27-inch Monitor,1,07-10-2025 10:06,249.99,CUST-1087,France
INV-538341,PROD-002,Mechanical Keyboard,2,07-10-2025 10:06,85,CUST-1087,France
INV-538342,PROD-004,27-inch Monitor,6,07-10-2025 10:14,249.99,CUST-1025,Germany
INV-538342,PROD-003,USB-C Hub,9,07-10-2025 10:14,35,CUST-1025,Germany
INV-538343,PROD-001,Wireless Mouse,1,07-10-2025 10:48,25,CUST-1074,United Kingdom
INV-538343,PROD-006,Desk Mat,1,07-10-2025 10:48,15.5,CUST-1074,United Kingdom
INV-538344,PROD-007,Ergonomic Office Chair,8,07-10-2025 10:52,199,CUST-1140,United Kingdom
INV-538345,PROD-008,Laptop Stand,3,07-10-2025 13:37,29.99,CUST-1114,United Kingdom
INV-538346,PROD-002,Mechanical Keyboard,6,07-10-2025 14:33,85,CUST-1120,United Kingdom
INV-538347,PROD-005,Bluetooth Headphones,3,07-10-2025 16:08,59.99,CUST-1126,France
INV-538347,PROD-008,Laptop Stand,3,07-10-2025 16:08,29.99,CUST-1126,France
INV-538347,PROD-006,Desk Mat,2,07-10-2025 16:08,15.5,CUST-1126,France
INV-538347,PROD-004,27-inch Monitor,2,07-10-2025 16:08,249.99,CUST-1126,France
INV-538348,PROD-008,Laptop Stand,8,07-10-2025 16:35,29.99,CUST-1195,United Kingdom
INV-538349,PROD-007,Ergonomic Office Chair,3,07-10-2025 17:38,199,CUST-1136,France
INV-538350,PROD-002,Mechanical Keyboard,15,08-10-2025 10:44,85,CUST-1030,United Kingdom
INV-538350,PROD-001,Wireless Mouse,5,08-10-2025 10:44,25,CUST-1030,United Kingdom
INV-538350,PROD-006,Desk Mat,15,08-10-2025 10:44,15.5,CUST-1030,United Kingdom
INV-538350,PROD-003,USB-C Hub,5,08-10-2025 10:44,35,CUST-1030,United Kingdom
INV-538351,PROD-006,Desk Mat,3,08-10-2025 12:10,15.5,CUST-1124,United Kingdom
INV-538352,PROD-005,Bluetooth Headphones,3,08-10-2025 14:19,59.99,CUST-1103,United Kingdom
INV-538353,PROD-005,Bluetooth Headphones,6,08-10-2025 14:32,59.99,CUST-1025,Germany
INV-538354,PROD-005,Bluetooth Headphones,3,08-10-2025 16:23,59.99,CUST-1084,United Kingdom
INV-538355,PROD-004,27-inch Monitor,1,08-10-2025 17:32,249.99,CUST-1009,United Kingdom
INV-538356,PROD-006,Desk Mat,2,08-10-2025 17:33,15.5,CUST-1072,United Kingdom
INV-538356,PROD-005,Bluetooth Headphones,1,08-10-2025 17:33,59.99,CUST-1072,United Kingdom
INV-538356,PROD-001,Wireless Mouse,3,08-10-2025 17:33,25,CUST-1072,United Kingdom
INV-538356,PROD-007,Ergonomic Office Chair,2,08-10-2025 17:33,199,CUST-1072,United Kingdom
INV-538357,PROD-003,USB-C Hub,12,09-10-2025 09:54,35,CUST-1020,United Kingdom
INV-538357,PROD-005,Bluetooth Headphones,6,09-10-2025 09:54,59.99,CUST-1020,United Kingdom
INV-538357,PROD-008,Laptop Stand,6,09-10-2025 09:54,29.99,CUST-1020,United Kingdom
INV-538358,PROD-005,Bluetooth Headphones,1,09-10-2025 10:22,59.99,CUST-1034,United Kingdom
INV-538359,PROD-001,Wireless Mouse,2,09-10-2025 12:39,25,CUST-1073,United Kingdom
INV-538359,PROD-008,Laptop Stand,3,09-10-2025 12:39,29.99,CUST-1073,United Kingdom
INV-538360,PROD-008,Laptop Stand,1,09-10-2025 15:29,29.99,CUST-1181,United Kingdom
INV-538361,PROD-006,Desk Mat,3,09-10-2025 16:18,15.5,CUST-1018,Germany
INV-538361,PROD-004,27-inch Monitor,3,09-10-2025 16:18,249.99,CUST-1018,Germany
INV-538361,PROD-001,Wireless Mouse,2,09-10-2025 16:18,25,CUST-1018,Germany
INV-538361,PROD-002,Mechanical Keyboard,1,09-10-2025 16:18,85,CUST-1018,Germany
INV-538362,PROD-002,Mechanical Keyboard,1,09-10-2025 17:59,85,CUST-1037,United Kingdom
INV-538362,PROD-008,Laptop Stand,3,09-10-2025 17:59,29.99,CUST-1037,United Kingdom
INV-538363,PROD-003,USB-C Hub,9,10-10-2025 10:24,35,CUST-1105,United Kingdom
INV-538363,PROD-004,27-inch Monitor,9,10-10-2025 10:24,249.99,CUST-1105,United Kingdom
INV-538364,PROD-006,Desk Mat,12,10-10-2025 10:30,15.5,CUST-1180,United Kingdom
INV-538365,PROD-004,27-inch Monitor,1,10-10-2025 11:22,249.99,CUST-1072,United Kingdom
INV-538365,PROD-005,Bluetooth Headphones,1,10-10-2025 11:22,59.99,CUST-1072,United Kingdom
INV-538365,PROD-008,Laptop Stand,1,10-10-2025 11:22,29.99,CUST-1072,United Kingdom
INV-538366,PROD-006,Desk Mat,8,10-10-2025 13:56,15.5,CUST-1100,United Kingdom
INV-538366,PROD-001,Wireless Mouse,8,10-10-2025 13:56,25,CUST-1100,United Kingdom
INV-538366,PROD-008,Laptop Stand,8,10-10-2025 13:56,29.99,CUST-1100,United Kingdom
INV-538366,PROD-003,USB-C Hub,4,10-10-2025 13:56,35,CUST-1100,United Kingdom
INV-538367,PROD-007,Ergonomic Office Chair,1,10-10-2025 14:49,199,CUST-1074,United Kingdom
INV-538367,PROD-003,USB-C Hub,2,10-10-2025 14:49,35,CUST-1074,United Kingdom
INV-538368,PROD-008,Laptop Stand,1,10-10-2025 14:52,29.99,CUST-1186,United Kingdom
INV-538368,PROD-002,Mechanical Keyboard,3,10-10-2025 14:52,85,CUST-1186,United Kingdom
INV-538368,PROD-006,Desk Mat,2,10-10-2025 14:52,15.5,CUST-1186,United Kingdom
INV-538369,PROD-001,Wireless Mouse,6,10-10-2025 14:54,25,CUST-1065,Germany
INV-538369,PROD-005,Bluetooth Headphones,6,10-10-2025 14:54,59.99,CUST-1065,Germany
INV-538370,PROD-006,Desk Mat,3,10-10-2025 16:06,15.5,CUST-1059,Germany
INV-538370,PROD-001,Wireless Mouse,3,10-10-2025 16:06,25,CUST-1059,Germany
INV-538370,PROD-008,Laptop Stand,3,10-10-2025 16:06,29.99,CUST-1059,Germany
INV-538371,PROD-003,USB-C Hub,2,10-10-2025 16:41,35,CUST-1188,United Kingdom
INV-538372,PROD-003,USB-C Hub,1,10-10-2025 17:51,35,CUST-1129,France
INV-538372,PROD-002,Mechanical Keyboard,3,10-10-2025 17:51,85,CUST-1129,France
INV-538372,PROD-008,Laptop Stand,2,10-10-2025 17:51,29.99,CUST-1129,France
INV-538372,PROD-001,Wireless Mouse,1,10-10-2025 17:51,25,CUST-1129,France
INV-538373,PROD-001,Wireless Mouse,3,11-10-2025 09:53,25,CUST-1039,France
INV-538373,PROD-004,27-inch Monitor,1,11-10-2025 09:53,249.99,CUST-1039,France
INV-538373,PROD-006,Desk Mat,1,11-10-2025 09:53,15.5,CUST-1039,France
INV-538374,PROD-004,27-inch Monitor,1,11-10-2025 10:41,249.99,CUST-1086,France
INV-538374,PROD-008,Laptop Stand,1,11-10-2025 10:41,29.99,CUST-1086,France
INV-538374,PROD-001,Wireless Mouse,3,11-10-2025 10:41,25,CUST-1086,France
INV-538374,PROD-007,Ergonomic Office Chair,1,11-10-2025 10:41,199,CUST-1086,France
INV-538375,PROD-007,Ergonomic Office Chair,1,11-10-2025 15:33,199,CUST-1021,United Kingdom
INV-538375,PROD-004,27-inch Monitor,3,11-10-2025 15:33,249.99,CUST-1021,United Kingdom
INV-538375,PROD-002,Mechanical Keyboard,2,11-10-2025 15:33,85,CUST-1021,United Kingdom
INV-538376,PROD-003,USB-C Hub,3,11-10-2025 16:34,35,CUST-1182,France
INV-538376,PROD-007,Ergonomic Office Chair,2,11-10-2025 16:34,199,CUST-1182,France
INV-538376,PROD-004,27-inch Monitor,1,11-10-2025 16:34,249.99,CUST-1182,France
INV-538376,PROD-006,Desk Mat,1,11-10-2025 16:34,15.5,CUST-1182,France
INV-538377,PROD-003,USB-C Hub,1,11-10-2025 17:31,35,CUST-1166,France
INV-538377,PROD-006,Desk Mat,1,11-10-2025 17:31,15.5,CUST-1166,France
INV-538377,PROD-004,27-inch Monitor,3,11-10-2025 17:31,249.99,CUST-1166,France
INV-538378,PROD-007,Ergonomic Office Chair,1,12-10-2025 13:05,199,CUST-1161,United Kingdom
INV-538378,PROD-004,27-inch Monitor,1,12-10-2025 13:05,249.99,CUST-1161,United Kingdom
INV-538378,PROD-003,USB-C Hub,2,12-10-2025 13:05,35,CUST-1161,United Kingdom
INV-538379,PROD-006,Desk Mat,2,12-10-2025 13:25,15.5,CUST-1107,United Kingdom
INV-538379,PROD-007,Ergonomic Office Chair,1,12-10-2025 13:25,199,CUST-1107,United Kingdom
INV-538379,PROD-002,Mechanical Keyboard,2,12-10-2025 13:25,85,CUST-1107,United Kingdom
INV-538380,PROD-002,Mechanical Keyboard,3,12-10-2025 14:25,85,CUST-1177,Germany
INV-538381,PROD-003,USB-C Hub,3,12-10-2025 17:09,35,CUST-1191,United Kingdom
INV-538381,PROD-002,Mechanical Keyboard,2,12-10-2025 17:09,85,CUST-1191,United Kingdom
INV-538381,PROD-007,Ergonomic Office Chair,3,12-10-2025 17:09,199,CUST-1191,United Kingdom
INV-538382,PROD-002,Mechanical Keyboard,3,13-10-2025 09:23,85,CUST-1129,Germany
INV-538382,PROD-003,USB-C Hub,2,13-10-2025 09:23,35,CUST-1129,Germany
INV-538383,PROD-005,Bluetooth Headphones,15,13-10-2025 09:48,59.99,CUST-1105,Germany
INV-538384,PROD-002,Mechanical Keyboard,1,13-10-2025 12:07,85,CUST-1098,Germany
INV-538384,PROD-004,27-inch Monitor,1,13-10-2025 12:07,249.99,CUST-1098,Germany
INV-538384,PROD-001,Wireless Mouse,1,13-10-2025 12:07,25,CUST-1098,Germany
INV-538385,PROD-004,27-inch Monitor,2,13-10-2025 14:02,249.99,CUST-1083,France
INV-538385,PROD-008,Laptop Stand,2,13-10-2025 14:02,29.99,CUST-1083,France
INV-538385,PROD-007,Ergonomic Office Chair,1,13-10-2025 14:02,199,CUST-1083,France
INV-538385,PROD-003,USB-C Hub,2,13-10-2025 14:02,35,CUST-1083,France
INV-538386,PROD-007,Ergonomic Office Chair,1,13-10-2025 14:35,199,CUST-1112,United Kingdom
INV-538387,PROD-002,Mechanical Keyboard,3,13-10-2025 15:12,85,CUST-1145,United Kingdom
INV-538387,PROD-003,USB-C Hub,3,13-10-2025 15:12,35,CUST-1145,United Kingdom
INV-538387,PROD-007,Ergonomic Office Chair,9,13-10-2025 15:12,199,CUST-1145,United Kingdom
INV-538388,PROD-006,Desk Mat,2,13-10-2025 16:10,15.5,CUST-1017,United Kingdom
INV-538388,PROD-008,Laptop Stand,1,13-10-2025 16:10,29.99,CUST-1017,United Kingdom
INV-538388,PROD-004,27-inch Monitor,3,13-10-2025 16:10,249.99,CUST-1017,United Kingdom
INV-538388,PROD-003,USB-C Hub,2,13-10-2025 16:10,35,CUST-1017,United Kingdom
INV-538389,PROD-003,USB-C Hub,3,13-10-2025 16:18,35,CUST-1049,United Kingdom
INV-538389,PROD-002,Mechanical Keyboard,2,13-10-2025 16:18,85,CUST-1049,United Kingdom
INV-538390,PROD-007,Ergonomic Office Chair,1,13-10-2025 16:38,199,CUST-1098,United Kingdom
INV-538391,PROD-003,USB-C Hub,1,13-10-2025 17:32,35,CUST-1164,Germany
INV-538392,PROD-004,27-inch Monitor,2,14-10-2025 11:44,249.99,CUST-1189,United Kingdom
INV-538392,PROD-007,Ergonomic Office Chair,2,14-10-2025 11:44,199,CUST-1189,United Kingdom
INV-538392,PROD-008,Laptop Stand,2,14-10-2025 11:44,29.99,CUST-1189,United Kingdom
INV-538393,PROD-001,Wireless Mouse,1,14-10-2025 13:47,25,CUST-1147,France
INV-538393,PROD-007,Ergonomic Office Chair,1,14-10-2025 13:47,199,CUST-1147,France
INV-538393,PROD-003,USB-C Hub,3,14-10-2025 13:47,35,CUST-1147,France
INV-538393,PROD-006,Desk Mat,2,14-10-2025 13:47,15.5,CUST-1147,France
INV-538394,PROD-006,Desk Mat,1,14-10-2025 15:40,15.5,CUST-1128,United Kingdom
INV-538394,PROD-001,Wireless Mouse,2,14-10-2025 15:40,25,CUST-1128,United Kingdom
INV-538394,PROD-002,Mechanical Keyboard,3,14-10-2025 15:40,85,CUST-1128,United Kingdom
INV-538394,PROD-005,Bluetooth Headphones,2,14-10-2025 15:40,59.99,CUST-1128,United Kingdom
INV-538395,PROD-005,Bluetooth Headphones,3,14-10-2025 17:51,59.99,CUST-1039,United Kingdom
INV-538395,PROD-001,Wireless Mouse,3,14-10-2025 17:51,25,CUST-1039,United Kingdom
INV-538395,PROD-003,USB-C Hub,2,14-10-2025 17:51,35,CUST-1039,United Kingdom
INV-538396,PROD-002,Mechanical Keyboard,1,15-10-2025 09:59,85,CUST-1164,United Kingdom
INV-538397,PROD-008,Laptop Stand,1,15-10-2025 10:27,29.99,CUST-1004,United Kingdom
INV-538397,PROD-005,Bluetooth Headphones,3,15-10-2025 10:27,59.99,CUST-1004,United Kingdom
INV-538397,PROD-006,Desk Mat,3,15-10-2025 10:27,15.5,CUST-1004,United Kingdom
INV-538398,PROD-008,Laptop Stand,4,15-10-2025 10:46,29.99,CUST-1075,Germany
INV-538398,PROD-005,Bluetooth Headphones,8,15-10-2025 10:46,59.99,CUST-1075,Germany
INV-538398,PROD-002,Mechanical Keyboard,4,15-10-2025 10:46,85,CUST-1075,Germany
INV-538399,PROD-007,Ergonomic Office Chair,1,15-10-2025 12:17,199,CUST-1187,United Kingdom
INV-538400,PROD-003,USB-C Hub,2,15-10-2025 12:17,35,CUST-1012,France
INV-538400,PROD-004,27-inch Monitor,1,15-10-2025 12:17,249.99,CUST-1012,France
INV-538400,PROD-006,Desk Mat,3,15-10-2025 12:17,15.5,CUST-1012,France
INV-538401,PROD-003,USB-C Hub,1,15-10-2025 12:18,35,CUST-1097,United Kingdom
INV-538401,PROD-001,Wireless Mouse,3,15-10-2025 12:18,25,CUST-1097,United Kingdom
INV-538402,PROD-007,Ergonomic Office Chair,1,15-10-2025 14:40,199,CUST-1143,United Kingdom
INV-538402,PROD-008,Laptop Stand,1,15-10-2025 14:40,29.99,CUST-1143,United Kingdom
INV-538403,PROD-003,USB-C Hub,3,15-10-2025 14:54,35,CUST-1178,United Kingdom
INV-538404,PROD-001,Wireless Mouse,1,15-10-2025 15:16,25,CUST-1047,United Kingdom
INV-538404,PROD-008,Laptop Stand,1,15-10-2025 15:16,29.99,CUST-1047,United Kingdom
INV-538405,PROD-004,27-inch Monitor,3,15-10-2025 16:50,249.99,CUST-1048,Germany
INV-538405,PROD-008,Laptop Stand,1,15-10-2025 16:50,29.99,CUST-1048,Germany
INV-538406,PROD-004,27-inch Monitor,2,16-10-2025 09:06,249.99,CUST-1031,France
INV-538406,PROD-003,USB-C Hub,3,16-10-2025 09:06,35,CUST-1031,France
INV-538406,PROD-008,Laptop Stand,2,16-10-2025 09:06,29.99,CUST-1031,France
INV-538407,PROD-002,Mechanical Keyboard,3,16-10-2025 09:14,85,CUST-1089,Germany
INV-538407,PROD-007,Ergonomic Office Chair,3,16-10-2025 09:14,199,CUST-1089,Germany
INV-538407,PROD-006,Desk Mat,3,16-10-2025 09:14,15.5,CUST-1089,Germany
INV-538407,PROD-001,Wireless Mouse,1,16-10-2025 09:14,25,CUST-1089,Germany
INV-538408,PROD-001,Wireless Mouse,2,16-10-2025 10:13,25,CUST-1144,United Kingdom
INV-538408,PROD-008,Laptop Stand,3,16-10-2025 10:13,29.99,CUST-1144,United Kingdom
INV-538408,PROD-002,Mechanical Keyboard,1,16-10-2025 10:13,85,CUST-1144,United Kingdom
INV-538409,PROD-008,Laptop Stand,3,16-10-2025 12:21,29.99,CUST-1097,United Kingdom
INV-538409,PROD-002,Mechanical Keyboard,2,16-10-2025 12:21,85,CUST-1097,United Kingdom
INV-538409,PROD-005,Bluetooth Headphones,3,16-10-2025 12:21,59.99,CUST-1097,United Kingdom
INV-538410,PROD-004,27-inch Monitor,2,16-10-2025 12:46,249.99,CUST-1056,Germany
INV-538410,PROD-006,Desk Mat,3,16-10-2025 12:46,15.5,CUST-1056,Germany
INV-538410,PROD-003,USB-C Hub,2,16-10-2025 12:46,35,CUST-1056,Germany
INV-538411,PROD-002,Mechanical Keyboard,2,16-10-2025 16:19,85,CUST-1161,France
INV-538411,PROD-005,Bluetooth Headphones,1,16-10-2025 16:19,59.99,CUST-1161,France
INV-538411,PROD-004,27-inch Monitor,3,16-10-2025 16:19,249.99,CUST-1161,France
INV-538412,PROD-008,Laptop Stand,1,17-10-2025 09:43,29.99,CUST-1039,United Kingdom
INV-538413,PROD-001,Wireless Mouse,3,17-10-2025 11:57,25,CUST-1199,United Kingdom
INV-538414,PROD-002,Mechanical Keyboard,14,17-10-2025 11:57,85,CUST-1025,United Kingdom
INV-538414,PROD-006,Desk Mat,7,17-10-2025 11:57,15.5,CUST-1025,United Kingdom
INV-538414,PROD-005,Bluetooth Headphones,7,17-10-2025 11:57,59.99,CUST-1025,United Kingdom
INV-538415,PROD-003,USB-C Hub,2,18-10-2025 10:59,35,CUST-1089,United Kingdom
INV-538415,PROD-008,Laptop Stand,3,18-10-2025 10:59,29.99,CUST-1089,United Kingdom
INV-538416,PROD-003,USB-C Hub,3,18-10-2025 11:42,35,CUST-1062,United Kingdom
INV-538416,PROD-004,27-inch Monitor,1,18-10-2025 11:42,249.99,CUST-1062,United Kingdom
INV-538416,PROD-005,Bluetooth Headphones,1,18-10-2025 11:42,59.99,CUST-1062,United Kingdom
INV-538417,PROD-003,USB-C Hub,1,18-10-2025 11:49,35,CUST-1084,France
INV-538417,PROD-006,Desk Mat,3,18-10-2025 11:49,15.5,CUST-1084,France
INV-538417,PROD-005,Bluetooth Headphones,1,18-10-2025 11:49,59.99,CUST-1084,France
INV-538417,PROD-008,Laptop Stand,1,18-10-2025 11:49,29.99,CUST-1084,France
INV-538418,PROD-007,Ergonomic Office Chair,2,18-10-2025 11:49,199,CUST-1039,France
INV-538419,PROD-008,Laptop Stand,3,18-10-2025 12:22,29.99,CUST-1037,Germany
INV-538419,PROD-001,Wireless Mouse,2,18-10-2025 12:22,25,CUST-1037,Germany
INV-538419,PROD-005,Bluetooth Headphones,3,18-10-2025 12:22,59.99,CUST-1037,Germany
INV-538420,PROD-006,Desk Mat,3,18-10-2025 13:57,15.5,CUST-1129,United Kingdom
INV-538420,PROD-008,Laptop Stand,3,18-10-2025 13:57,29.99,CUST-1129,United Kingdom
INV-538420,PROD-005,Bluetooth Headphones,3,18-10-2025 13:57,59.99,CUST-1129,United Kingdom
INV-538420,PROD-004,27-inch Monitor,2,18-10-2025 13:57,249.99,CUST-1129,United Kingdom
INV-538421,PROD-001,Wireless Mouse,2,18-10-2025 14:02,25,CUST-1034,United Kingdom
INV-538422,PROD-006,Desk Mat,1,18-10-2025 15:45,15.5,CUST-1111,United Kingdom
INV-538422,PROD-002,Mechanical Keyboard,3,18-10-2025 15:45,85,CUST-1111,United Kingdom
INV-538422,PROD-001,Wireless Mouse,1,18-10-2025 15:45,25,CUST-1111,United Kingdom
INV-538423,PROD-006,Desk Mat,3,18-10-2025 16:23,15.5,CUST-1189,United Kingdom
INV-538423,PROD-008,Laptop Stand,1,18-10-2025 16:23,29.99,CUST-1189,United Kingdom
INV-538423,PROD-003,USB-C Hub,1,18-10-2025 16:23,35,CUST-1189,United Kingdom
INV-538424,PROD-004,27-inch Monitor,2,18-10-2025 16:41,249.99,CUST-1173,United Kingdom
INV-538425,PROD-001,Wireless Mouse,3,19-10-2025 09:40,25,CUST-1003,United Kingdom
INV-538425,PROD-008,Laptop Stand,3,19-10-2025 09:40,29.99,CUST-1003,United Kingdom
INV-538426,PROD-006,Desk Mat,2,19-10-2025 10:06,15.5,CUST-1069,United Kingdom
INV-538426,PROD-007,Ergonomic Office Chair,3,19-10-2025 10:06,199,CUST-1069,United Kingdom
INV-538426,PROD-002,Mechanical Keyboard,3,19-10-2025 10:06,85,CUST-1069,United Kingdom
INV-538427,PROD-002,Mechanical Keyboard,3,19-10-2025 12:52,85,CUST-1068,United Kingdom
INV-538428,PROD-008,Laptop Stand,2,19-10-2025 13:19,29.99,CUST-1164,United Kingdom
INV-538428,PROD-005,Bluetooth Headphones,1,19-10-2025 13:19,59.99,CUST-1164,United Kingdom
INV-538428,PROD-007,Ergonomic Office Chair,1,19-10-2025 13:19,199,CUST-1164,United Kingdom
INV-538428,PROD-006,Desk Mat,3,19-10-2025 13:19,15.5,CUST-1164,United Kingdom
INV-538429,PROD-005,Bluetooth Headphones,3,19-10-2025 14:53,59.99,CUST-1112,United Kingdom
INV-538429,PROD-001,Wireless Mouse,3,19-10-2025 14:53,25,CUST-1112,United Kingdom
INV-538429,PROD-007,Ergonomic Office Chair,2,19-10-2025 14:53,199,CUST-1112,United Kingdom
INV-538429,PROD-004,27-inch Monitor,3,19-10-2025 14:53,249.99,CUST-1112,United Kingdom
INV-538430,PROD-004,27-inch Monitor,1,20-10-2025 09:15,249.99,CUST-1178,United Kingdom
INV-538431,PROD-008,Laptop Stand,12,20-10-2025 09:36,29.99,CUST-1140,Germany
INV-538432,PROD-002,Mechanical Keyboard,2,20-10-2025 09:37,85,CUST-1066,United Kingdom
INV-538432,PROD-008,Laptop Stand,3,20-10-2025 09:37,29.99,CUST-1066,United Kingdom
INV-538433,PROD-003,USB-C Hub,9,20-10-2025 10:06,35,CUST-1185,Germany
INV-538433,PROD-002,Mechanical Keyboard,3,20-10-2025 10:06,85,CUST-1185,Germany
INV-538433,PROD-004,27-inch Monitor,9,20-10-2025 10:06,249.99,CUST-1185,Germany
INV-538434,PROD-005,Bluetooth Headphones,3,20-10-2025 12:14,59.99,CUST-1048,United Kingdom
INV-538434,PROD-004,27-inch Monitor,2,20-10-2025 12:14,249.99,CUST-1048,United Kingdom
INV-538434,PROD-003,USB-C Hub,1,20-10-2025 12:14,35,CUST-1048,United Kingdom
INV-538435,PROD-001,Wireless Mouse,2,20-10-2025 14:20,25,CUST-1154,France
INV-538436,PROD-004,27-inch Monitor,2,20-10-2025 16:41,249.99,CUST-1133,United Kingdom
INV-538437,PROD-002,Mechanical Keyboard,3,20-10-2025 16:42,85,CUST-1144,United Kingdom
INV-538437,PROD-001,Wireless Mouse,1,20-10-2025 16:42,25,CUST-1144,United Kingdom
INV-538437,PROD-006,Desk Mat,1,20-10-2025 16:42,15.5,CUST-1144,United Kingdom
INV-538437,PROD-008,Laptop Stand,1,20-10-2025 16:42,29.99,CUST-1144,United Kingdom
INV-538438,PROD-008,Laptop Stand,1,21-10-2025 10:59,29.99,CUST-1158,France
INV-538438,PROD-001,Wireless Mouse,2,21-10-2025 10:59,25,CUST-1158,France
INV-538438,PROD-007,Ergonomic Office Chair,1,21-10-2025 10:59,199,CUST-1158,France
INV-538439,PROD-004,27-inch Monitor,2,21-10-2025 11:02,249.99,CUST-1111,United Kingdom
INV-538440,PROD-001,Wireless Mouse,1,21-10-2025 12:14,25,CUST-1116,United Kingdom
INV-538440,PROD-007,Ergonomic Office Chair,3,21-10-2025 12:14,199,CUST-1116,United Kingdom
INV-538440,PROD-008,Laptop Stand,3,21-10-2025 12:14,29.99,CUST-1116,United Kingdom
INV-538440,PROD-003,USB-C Hub,3,21-10-2025 12:14,35,CUST-1116,United Kingdom
INV-538441,PROD-007,Ergonomic Office Chair,1,21-10-2025 12:22,199,CUST-1178,France
INV-538441,PROD-005,Bluetooth Headphones,2,21-10-2025 12:22,59.99,CUST-1178,France
INV-538441,PROD-004,27-inch Monitor,1,21-10-2025 12:22,249.99,CUST-1178,France
INV-538441,PROD-006,Desk Mat,1,21-10-2025 12:22,15.5,CUST-1178,France
INV-538442,PROD-002,Mechanical Keyboard,1,21-10-2025 14:43,85,CUST-1166,Germany
INV-538442,PROD-003,USB-C Hub,2,21-10-2025 14:43,35,CUST-1166,Germany
INV-538442,PROD-007,Ergonomic Office Chair,2,21-10-2025 14:43,199,CUST-1166,Germany
INV-538442,PROD-006,Desk Mat,1,21-10-2025 14:43,15.5,CUST-1166,Germany
INV-538443,PROD-008,Laptop Stand,1,21-10-2025 15:20,29.99,CUST-1137,United Kingdom
INV-538443,PROD-007,Ergonomic Office Chair,3,21-10-2025 15:20,199,CUST-1137,United Kingdom
INV-538444,PROD-001,Wireless Mouse,1,21-10-2025 15:24,25,CUST-1017,United Kingdom
INV-538445,PROD-007,Ergonomic Office Chair,3,21-10-2025 15:45,199,CUST-1140,United Kingdom
INV-538445,PROD-002,Mechanical Keyboard,3,21-10-2025 15:45,85,CUST-1140,United Kingdom
INV-538445,PROD-004,27-inch Monitor,9,21-10-2025 15:45,249.99,CUST-1140,United Kingdom
INV-538445,PROD-001,Wireless Mouse,9,21-10-2025 15:45,25,CUST-1140,United Kingdom
INV-538446,PROD-007,Ergonomic Office Chair,12,21-10-2025 15:48,199,CUST-1175,Germany
INV-538446,PROD-006,Desk Mat,12,21-10-2025 15:48,15.5,CUST-1175,Germany
INV-538446,PROD-002,Mechanical Keyboard,4,21-10-2025 15:48,85,CUST-1175,Germany
INV-538447,PROD-002,Mechanical Keyboard,1,22-10-2025 09:14,85,CUST-1171,United Kingdom
INV-538447,PROD-006,Desk Mat,1,22-10-2025 09:14,15.5,CUST-1171,United Kingdom
INV-538448,PROD-008,Laptop Stand,1,22-10-2025 10:02,29.99,CUST-1012,United Kingdom
INV-538448,PROD-006,Desk Mat,2,22-10-2025 10:02,15.5,CUST-1012,United Kingdom
INV-538448,PROD-002,Mechanical Keyboard,1,22-10-2025 10:02,85,CUST-1012,United Kingdom
INV-538449,PROD-008,Laptop Stand,3,22-10-2025 11:07,29.99,CUST-1034,United Kingdom
INV-538450,PROD-004,27-inch Monitor,1,22-10-2025 11:51,249.99,CUST-1054,United Kingdom
INV-538450,PROD-006,Desk Mat,1,22-10-2025 11:51,15.5,CUST-1054,United Kingdom
INV-538450,PROD-005,Bluetooth Headphones,3,22-10-2025 11:51,59.99,CUST-1054,United Kingdom
INV-538451,PROD-001,Wireless Mouse,2,22-10-2025 16:25,25,CUST-1157,United Kingdom
INV-538451,PROD-007,Ergonomic Office Chair,2,22-10-2025 16:25,199,CUST-1157,United Kingdom
INV-538451,PROD-006,Desk Mat,3,22-10-2025 16:25,15.5,CUST-1157,United Kingdom
INV-538452,PROD-005,Bluetooth Headphones,7,22-10-2025 17:20,59.99,CUST-1075,United Kingdom
INV-538452,PROD-004,27-inch Monitor,14,22-10-2025 17:20,249.99,CUST-1075,United Kingdom
INV-538452,PROD-006,Desk Mat,21,22-10-2025 17:20,15.5,CUST-1075,United Kingdom
INV-538453,PROD-006,Desk Mat,3,23-10-2025 10:42,15.5,CUST-1154,United Kingdom
INV-538453,PROD-002,Mechanical Keyboard,1,23-10-2025 10:42,85,CUST-1154,United Kingdom
INV-538453,PROD-008,Laptop Stand,1,23-10-2025 10:42,29.99,CUST-1154,United Kingdom
INV-538454,PROD-006,Desk Mat,6,23-10-2025 13:15,15.5,CUST-1190,France
INV-538454,PROD-001,Wireless Mouse,3,23-10-2025 13:15,25,CUST-1190,France
INV-538454,PROD-004,27-inch Monitor,6,23-10-2025 13:15,249.99,CUST-1190,France
INV-538455,PROD-004,27-inch Monitor,2,23-10-2025 14:42,249.99,CUST-1189,United Kingdom
INV-538456,PROD-002,Mechanical Keyboard,4,24-10-2025 09:46,85,CUST-1095,United Kingdom
INV-538456,PROD-008,Laptop Stand,8,24-10-2025 09:46,29.99,CUST-1095,United Kingdom
INV-538456,PROD-005,Bluetooth Headphones,8,24-10-2025 09:46,59.99,CUST-1095,United Kingdom
INV-538456,PROD-004,27-inch Monitor,12,24-10-2025 09:46,249.99,CUST-1095,United Kingdom
INV-538457,PROD-003,USB-C Hub,10,24-10-2025 14:45,35,CUST-1070,Germany
INV-538457,PROD-007,Ergonomic Office Chair,15,24-10-2025 14:45,199,CUST-1070,Germany
INV-538457,PROD-001,Wireless Mouse,15,24-10-2025 14:45,25,CUST-1070,Germany
INV-538457,PROD-005,Bluetooth Headphones,10,24-10-2025 14:45,59.99,CUST-1070,Germany
INV-538458,PROD-003,USB-C Hub,2,24-10-2025 15:04,35,CUST-1042,United Kingdom
INV-538458,PROD-007,Ergonomic Office Chair,3,24-10-2025 15:04,199,CUST-1042,United Kingdom
INV-538458,PROD-005,Bluetooth Headphones,1,24-10-2025 15:04,59.99,CUST-1042,United Kingdom
INV-538459,PROD-001,Wireless Mouse,2,24-10-2025 15:04,25,CUST-1006,United Kingdom
INV-538459,PROD-006,Desk Mat,2,24-10-2025 15:04,15.5,CUST-1006,United Kingdom
INV-538460,PROD-004,27-inch Monitor,3,24-10-2025 15:41,249.99,CUST-1178,United Kingdom
INV-538460,PROD-006,Desk Mat,3,24-10-2025 15:41,15.5,CUST-1178,United Kingdom
INV-538461,PROD-008,Laptop Stand,3,24-10-2025 16:05,29.99,CUST-1194,France
INV-538461,PROD-007,Ergonomic Office Chair,1,24-10-2025 16:05,199,CUST-1194,France
INV-538461,PROD-002,Mechanical Keyboard,3,24-10-2025 16:05,85,CUST-1194,France
INV-538462,PROD-003,USB-C Hub,2,25-10-2025 09:35,35,CUST-1066,United Kingdom
INV-538462,PROD-004,27-inch Monitor,1,25-10-2025 09:35,249.99,CUST-1066,United Kingdom
INV-538463,PROD-003,USB-C Hub,3,25-10-2025 11:16,35,CUST-1131,Germany
INV-538463,PROD-006,Desk Mat,3,25-10-2025 11:16,15.5,CUST-1131,Germany
INV-538463,PROD-002,Mechanical Keyboard,3,25-10-2025 11:16,85,CUST-1131,Germany
INV-538464,PROD-007,Ergonomic Office Chair,3,25-10-2025 13:15,199,CUST-1054,Germany
INV-538464,PROD-003,USB-C Hub,1,25-10-2025 13:15,35,CUST-1054,Germany
INV-538464,PROD-001,Wireless Mouse,3,25-10-2025 13:15,25,CUST-1054,Germany
INV-538464,PROD-006,Desk Mat,3,25-10-2025 13:15,15.5,CUST-1054,Germany
INV-538465,PROD-003,USB-C Hub,1,25-10-2025 14:33,35,CUST-1149,France
INV-538465,PROD-006,Desk Mat,2,25-10-2025 14:33,15.5,CUST-1149,France
INV-538465,PROD-007,Ergonomic Office Chair,3,25-10-2025 14:33,199,CUST-1149,France
INV-538466,PROD-001,Wireless Mouse,8,25-10-2025 16:32,25,CUST-1010,France
INV-538466,PROD-006,Desk Mat,4,25-10-2025 16:32,15.5,CUST-1010,France
INV-538466,PROD-002,Mechanical Keyboard,12,25-10-2025 16:32,85,CUST-1010,France
INV-538467,PROD-005,Bluetooth Headphones,14,25-10-2025 16:35,59.99,CUST-1170,Germany
INV-538467,PROD-008,Laptop Stand,14,25-10-2025 16:35,29.99,CUST-1170,Germany
INV-538467,PROD-007,Ergonomic Office Chair,14,25-10-2025 16:35,199,CUST-1170,Germany
INV-538467,PROD-001,Wireless Mouse,21,25-10-2025 16:35,25,CUST-1170,Germany
INV-538468,PROD-003,USB-C Hub,3,26-10-2025 09:41,35,CUST-1198,Germany
INV-538468,PROD-008,Laptop Stand,2,26-10-2025 09:41,29.99,CUST-1198,Germany
INV-538469,PROD-005,Bluetooth Headphones,3,26-10-2025 12:57,59.99,CUST-1177,France
INV-538470,PROD-001,Wireless Mouse,1,26-10-2025 17:06,25,CUST-1119,United Kingdom
INV-538471,PROD-002,Mechanical Keyboard,3,26-10-2025 17:50,85,CUST-1156,United Kingdom
INV-538471,PROD-006,Desk Mat,1,26-10-2025 17:50,15.5,CUST-1156,United Kingdom
INV-538471,PROD-004,27-inch Monitor,3,26-10-2025 17:50,249.99,CUST-1156,United Kingdom
INV-538471,PROD-007,Ergonomic Office Chair,3,26-10-2025 17:50,199,CUST-1156,United Kingdom
INV-538472,PROD-002,Mechanical Keyboard,2,27-10-2025 09:25,85,CUST-1138,United Kingdom
INV-538472,PROD-006,Desk Mat,1,27-10-2025 09:25,15.5,CUST-1138,United Kingdom
INV-538472,PROD-004,27-inch Monitor,1,27-10-2025 09:25,249.99,CUST-1138,United Kingdom
INV-538473,PROD-008,Laptop Stand,3,27-10-2025 10:12,29.99,CUST-1068,United Kingdom
INV-538473,PROD-005,Bluetooth Headphones,1,27-10-2025 10:12,59.99,CUST-1068,United Kingdom
INV-538473,PROD-006,Desk Mat,1,27-10-2025 10:12,15.5,CUST-1068,United Kingdom
INV-538474,PROD-004,27-inch Monitor,1,27-10-2025 11:21,249.99,CUST-1067,United Kingdom
INV-538475,PROD-003,USB-C Hub,1,27-10-2025 12:32,35,CUST-1171,Germany
INV-538475,PROD-006,Desk Mat,3,27-10-2025 12:32,15.5,CUST-1171,Germany
INV-538475,PROD-007,Ergonomic Office Chair,3,27-10-2025 12:32,199,CUST-1171,Germany
INV-538476,PROD-006,Desk Mat,1,27-10-2025 14:23,15.5,CUST-1168,United Kingdom
INV-538477,PROD-001,Wireless Mouse,2,27-10-2025 15:03,25,CUST-1021,United Kingdom
INV-538477,PROD-007,Ergonomic Office Chair,1,27-10-2025 15:03,199,CUST-1021,United Kingdom
INV-538478,PROD-001,Wireless Mouse,2,28-10-2025 12:02,25,CUST-1121,Germany
INV-538478,PROD-003,USB-C Hub,1,28-10-2025 12:02,35,CUST-1121,Germany
INV-538478,PROD-007,Ergonomic Office Chair,1,28-10-2025 12:02,199,CUST-1121,Germany
INV-538479,PROD-001,Wireless Mouse,5,28-10-2025 12:40,25,CUST-1135,United Kingdom
INV-538479,PROD-004,27-inch Monitor,15,28-10-2025 12:40,249.99,CUST-1135,United Kingdom
INV-538480,PROD-006,Desk Mat,2,28-10-2025 13:00,15.5,CUST-1187,United Kingdom
INV-538480,PROD-008,Laptop Stand,2,28-10-2025 13:00,29.99,CUST-1187,United Kingdom
INV-538480,PROD-005,Bluetooth Headphones,3,28-10-2025 13:00,59.99,CUST-1187,United Kingdom
INV-538481,PROD-008,Laptop Stand,10,28-10-2025 13:20,29.99,CUST-1055,United Kingdom
INV-538482,PROD-006,Desk Mat,7,29-10-2025 11:04,15.5,CUST-1035,France
INV-538482,PROD-002,Mechanical Keyboard,14,29-10-2025 11:04,85,CUST-1035,France
INV-538483,PROD-007,Ergonomic Office Chair,8,29-10-2025 12:57,199,CUST-1060,Germany
INV-538483,PROD-006,Desk Mat,12,29-10-2025 12:57,15.5,CUST-1060,Germany
INV-538484,PROD-004,27-inch Monitor,15,29-10-2025 14:09,249.99,CUST-1060,France
INV-538485,PROD-004,27-inch Monitor,7,29-10-2025 15:31,249.99,CUST-1055,France
INV-538485,PROD-008,Laptop Stand,21,29-10-2025 15:31,29.99,CUST-1055,France
INV-538486,PROD-006,Desk Mat,3,29-10-2025 17:33,15.5,CUST-1068,United Kingdom
INV-538486,PROD-003,USB-C Hub,1,29-10-2025 17:33,35,CUST-1068,United Kingdom
INV-538487,PROD-003,USB-C Hub,2,30-10-2025 11:22,35,CUST-1044,United Kingdom
INV-538487,PROD-001,Wireless Mouse,1,30-10-2025 11:22,25,CUST-1044,United Kingdom
INV-538487,PROD-004,27-inch Monitor,2,30-10-2025 11:22,249.99,CUST-1044,United Kingdom
INV-538487,PROD-008,Laptop Stand,2,30-10-2025 11:22,29.99,CUST-1044,United Kingdom
INV-538488,PROD-001,Wireless Mouse,1,30-10-2025 12:18,25,CUST-1109,United Kingdom
INV-538489,PROD-007,Ergonomic Office Chair,3,30-10-2025 12:44,199,CUST-1159,Germany
INV-538489,PROD-005,Bluetooth Headphones,1,30-10-2025 12:44,59.99,CUST-1159,Germany
INV-538489,PROD-008,Laptop Stand,1,30-10-2025 12:44,29.99,CUST-1159,Germany
INV-538490,PROD-001,Wireless Mouse,1,30-10-2025 13:09,25,CUST-1044,France
INV-538491,PROD-006,Desk Mat,2,30-10-2025 14:14,15.5,CUST-1004,France
INV-538492,PROD-003,USB-C Hub,2,30-10-2025 16:48,35,CUST-1136,Germany
INV-538492,PROD-008,Laptop Stand,1,30-10-2025 16:48,29.99,CUST-1136,Germany
INV-538492,PROD-001,Wireless Mouse,3,30-10-2025 16:48,25,CUST-1136,Germany
INV-538492,PROD-006,Desk Mat,2,30-10-2025 16:48,15.5,CUST-1136,Germany
INV-538493,PROD-004,27-inch Monitor,3,30-10-2025 17:49,249.99,CUST-1166,United Kingdom
INV-538494,PROD-005,Bluetooth Headphones,1,30-10-2025 17:54,59.99,CUST-1031,United Kingdom
INV-538494,PROD-006,Desk Mat,2,30-10-2025 17:54,15.5,CUST-1031,United Kingdom
INV-538494,PROD-002,Mechanical Keyboard,3,30-10-2025 17:54,85,CUST-1031,United Kingdom
INV-538494,PROD-003,USB-C Hub,3,30-10-2025 17:54,35,CUST-1031,United Kingdom
INV-538495,PROD-006,Desk Mat,2,31-10-2025 10:05,15.5,CUST-1072,Germany
INV-538496,PROD-003,USB-C Hub,2,31-10-2025 12:31,35,CUST-1154,United Kingdom
INV-538496,PROD-007,Ergonomic Office Chair,1,31-10-2025 12:31,199,CUST-1154,United Kingdom
INV-538496,PROD-004,27-inch Monitor,1,31-10-2025 12:31,249.99,CUST-1154,United Kingdom
INV-538496,PROD-001,Wireless Mouse,1,31-10-2025 12:31,25,CUST-1154,United Kingdom
INV-538497,PROD-002,Mechanical Keyboard,1,31-10-2025 13:34,85,CUST-1187,United Kingdom
INV-538497,PROD-003,USB-C Hub,2,31-10-2025 13:34,35,CUST-1187,United Kingdom
INV-538498,PROD-006,Desk Mat,1,31-10-2025 13:52,15.5,CUST-1152,United Kingdom
INV-538498,PROD-005,Bluetooth Headphones,3,31-10-2025 13:52,59.99,CUST-1152,United Kingdom
INV-538498,PROD-003,USB-C Hub,2,31-10-2025 13:52,35,CUST-1152,United Kingdom
INV-538499,PROD-004,27-inch Monitor,1,31-10-2025 15:09,249.99,CUST-1094,United Kingdom
INV-538499,PROD-001,Wireless Mouse,1,31-10-2025 15:09,25,CUST-1094,United Kingdom
INV-538499,PROD-007,Ergonomic Office Chair,1,31-10-2025 15:09,199,CUST-1094,United Kingdom
INV-538500,PROD-001,Wireless Mouse,1,31-10-2025 15:40,25,CUST-1039,Germany
INV-538500,PROD-006,Desk Mat,1,31-10-2025 15:40,15.5,CUST-1039,Germany
INV-538501,PROD-003,USB-C Hub,3,31-10-2025 17:51,35,CUST-1096,United Kingdom
INV-538501,PROD-004,27-inch Monitor,3,31-10-2025 17:51,249.99,CUST-1096,United Kingdom
INV-538501,PROD-007,Ergonomic Office Chair,2,31-10-2025 17:51,199,CUST-1096,United Kingdom
INV-538501,PROD-008,Laptop Stand,2,31-10-2025 17:51,29.99,CUST-1096,United Kingdom
INV-538502,PROD-005,Bluetooth Headphones,12,01-11-2025 09:55,59.99,CUST-1165,Germany
INV-538502,PROD-008,Laptop Stand,6,01-11-2025 09:55,29.99,CUST-1165,Germany
INV-538503,PROD-006,Desk Mat,21,01-11-2025 11:50,15.5,CUST-1165,United Kingdom
INV-538503,PROD-004,27-inch Monitor,7,01-11-2025 11:50,249.99,CUST-1165,United Kingdom
INV-538503,PROD-008,Laptop Stand,14,01-11-2025 11:50,29.99,CUST-1165,United Kingdom
INV-538504,PROD-006,Desk Mat,3,01-11-2025 12:41,15.5,CUST-1086,United Kingdom
INV-538504,PROD-004,27-inch Monitor,2,01-11-2025 12:41,249.99,CUST-1086,United Kingdom
INV-538504,PROD-002,Mechanical Keyboard,3,01-11-2025 12:41,85,CUST-1086,United Kingdom
INV-538505,PROD-006,Desk Mat,1,01-11-2025 15:20,15.5,CUST-1124,Germany
INV-538506,PROD-003,USB-C Hub,1,02-11-2025 10:17,35,CUST-1038,United Kingdom
INV-538506,PROD-008,Laptop Stand,3,02-11-2025 10:17,29.99,CUST-1038,United Kingdom
INV-538506,PROD-006,Desk Mat,3,02-11-2025 10:17,15.5,CUST-1038,United Kingdom
INV-538506,PROD-002,Mechanical Keyboard,2,02-11-2025 10:17,85,CUST-1038,United Kingdom
INV-538507,PROD-002,Mechanical Keyboard,3,02-11-2025 15:12,85,CUST-1188,France
INV-538508,PROD-002,Mechanical Keyboard,3,03-11-2025 10:03,85,CUST-1187,United Kingdom
INV-538509,PROD-002,Mechanical Keyboard,3,03-11-2025 11:48,85,CUST-1143,Germany
INV-538509,PROD-003,USB-C Hub,2,03-11-2025 11:48,35,CUST-1143,Germany
INV-538509,PROD-008,Laptop Stand,1,03-11-2025 11:48,29.99,CUST-1143,Germany
INV-538510,PROD-003,USB-C Hub,3,03-11-2025 13:35,35,CUST-1193,United Kingdom
INV-538510,PROD-001,Wireless Mouse,2,03-11-2025 13:35,25,CUST-1193,United Kingdom
INV-538511,PROD-005,Bluetooth Headphones,1,03-11-2025 14:15,59.99,CUST-1003,United Kingdom
INV-538511,PROD-001,Wireless Mouse,2,03-11-2025 14:15,25,CUST-1003,United Kingdom
INV-538511,PROD-007,Ergonomic Office Chair,1,03-11-2025 14:15,199,CUST-1003,United Kingdom
INV-538511,PROD-002,Mechanical Keyboard,1,03-11-2025 14:15,85,CUST-1003,United Kingdom
INV-538512,PROD-001,Wireless Mouse,2,03-11-2025 14:23,25,CUST-1128,United Kingdom
INV-538512,PROD-002,Mechanical Keyboard,2,03-11-2025 14:23,85,CUST-1128,United Kingdom
INV-538513,PROD-004,27-inch Monitor,2,03-11-2025 16:13,249.99,CUST-1196,France
INV-538514,PROD-004,27-inch Monitor,3,04-11-2025 09:36,249.99,CUST-1144,United Kingdom
INV-538514,PROD-002,Mechanical Keyboard,3,04-11-2025 09:36,85,CUST-1144,United Kingdom
INV-538514,PROD-008,Laptop Stand,1,04-11-2025 09:36,29.99,CUST-1144,United Kingdom
INV-538514,PROD-003,USB-C Hub,2,04-11-2025 09:36,35,CUST-1144,United Kingdom
INV-538515,PROD-003,USB-C Hub,8,04-11-2025 10:59,35,CUST-1055,United Kingdom
INV-538515,PROD-005,Bluetooth Headphones,4,04-11-2025 10:59,59.99,CUST-1055,United Kingdom
INV-538516,PROD-008,Laptop Stand,12,04-11-2025 11:44,29.99,CUST-1100,Germany
INV-538516,PROD-006,Desk Mat,18,04-11-2025 11:44,15.5,CUST-1100,Germany
INV-538516,PROD-001,Wireless Mouse,18,04-11-2025 11:44,25,CUST-1100,Germany
INV-538516,PROD-007,Ergonomic Office Chair,18,04-11-2025 11:44,199,CUST-1100,Germany
INV-538517,PROD-001,Wireless Mouse,9,04-11-2025 12:52,25,CUST-1200,Germany
INV-538517,PROD-005,Bluetooth Headphones,3,04-11-2025 12:52,59.99,CUST-1200,Germany
INV-538517,PROD-006,Desk Mat,3,04-11-2025 12:52,15.5,CUST-1200,Germany
INV-538517,PROD-002,Mechanical Keyboard,9,04-11-2025 12:52,85,CUST-1200,Germany
INV-538518,PROD-002,Mechanical Keyboard,6,04-11-2025 13:28,85,CUST-1125,France
INV-538519,PROD-003,USB-C Hub,1,04-11-2025 15:01,35,CUST-1073,Germany
INV-538520,PROD-003,USB-C Hub,3,04-11-2025 17:34,35,CUST-1091,Germany
INV-538520,PROD-008,Laptop Stand,3,04-11-2025 17:34,29.99,CUST-1091,Germany
INV-538520,PROD-001,Wireless Mouse,3,04-11-2025 17:34,25,CUST-1091,Germany
INV-538520,PROD-006,Desk Mat,1,04-11-2025 17:34,15.5,CUST-1091,Germany
INV-538521,PROD-008,Laptop Stand,3,04-11-2025 17:37,29.99,CUST-1179,United Kingdom
INV-538521,PROD-006,Desk Mat,2,04-11-2025 17:37,15.5,CUST-1179,United Kingdom
INV-538521,PROD-005,Bluetooth Headphones,3,04-11-2025 17:37,59.99,CUST-1179,United Kingdom
INV-538521,PROD-002,Mechanical Keyboard,3,04-11-2025 17:37,85,CUST-1179,United Kingdom
INV-538522,PROD-001,Wireless Mouse,3,04-11-2025 17:52,25,CUST-1074,United Kingdom
INV-538522,PROD-006,Desk Mat,2,04-11-2025 17:52,15.5,CUST-1074,United Kingdom
INV-538522,PROD-002,Mechanical Keyboard,3,04-11-2025 17:52,85,CUST-1074,United Kingdom
INV-538522,PROD-003,USB-C Hub,2,04-11-2025 17:52,35,CUST-1074,United Kingdom
INV-538523,PROD-007,Ergonomic Office Chair,12,05-11-2025 10:23,199,CUST-1150,Germany
INV-538523,PROD-008,Laptop Stand,18,05-11-2025 10:23,29.99,CUST-1150,Germany
INV-538523,PROD-004,27-inch Monitor,6,05-11-2025 10:23,249.99,CUST-1150,Germany
INV-538523,PROD-001,Wireless Mouse,12,05-11-2025 10:23,25,CUST-1150,Germany
INV-538524,PROD-003,USB-C Hub,18,05-11-2025 12:08,35,CUST-1105,France
INV-538525,PROD-003,USB-C Hub,2,05-11-2025 12:08,35,CUST-1108,United Kingdom
INV-538525,PROD-007,Ergonomic Office Chair,1,05-11-2025 12:08,199,CUST-1108,United Kingdom
INV-538525,PROD-006,Desk Mat,3,05-11-2025 12:08,15.5,CUST-1108,United Kingdom
INV-538525,PROD-002,Mechanical Keyboard,2,05-11-2025 12:08,85,CUST-1108,United Kingdom
INV-538526,PROD-001,Wireless Mouse,1,05-11-2025 16:58,25,CUST-1123,Germany
INV-538527,PROD-002,Mechanical Keyboard,12,05-11-2025 17:09,85,CUST-1175,Germany
INV-538527,PROD-004,27-inch Monitor,12,05-11-2025 17:09,249.99,CUST-1175,Germany
INV-538527,PROD-006,Desk Mat,8,05-11-2025 17:09,15.5,CUST-1175,Germany
INV-538527,PROD-001,Wireless Mouse,12,05-11-2025 17:09,25,CUST-1175,Germany
INV-538528,PROD-007,Ergonomic Office Chair,1,06-11-2025 11:15,199,CUST-1194,France
INV-538529,PROD-007,Ergonomic Office Chair,1,06-11-2025 12:17,199,CUST-1102,United Kingdom
INV-538529,PROD-004,27-inch Monitor,3,06-11-2025 12:17,249.99,CUST-1102,United Kingdom
INV-538530,PROD-007,Ergonomic Office Chair,1,06-11-2025 12:49,199,CUST-1199,United Kingdom
INV-538530,PROD-006,Desk Mat,1,06-11-2025 12:49,15.5,CUST-1199,United Kingdom
INV-538531,PROD-003,USB-C Hub,2,06-11-2025 13:50,35,CUST-1063,France
INV-538532,PROD-007,Ergonomic Office Chair,2,06-11-2025 14:34,199,CUST-1016,United Kingdom
INV-538532,PROD-008,Laptop Stand,3,06-11-2025 14:34,29.99,CUST-1016,United Kingdom
INV-538532,PROD-004,27-inch Monitor,3,06-11-2025 14:34,249.99,CUST-1016,United Kingdom
INV-538533,PROD-003,USB-C Hub,3,06-11-2025 16:03,35,CUST-1107,Germany
INV-538533,PROD-005,Bluetooth Headphones,3,06-11-2025 16:03,59.99,CUST-1107,Germany
INV-538533,PROD-006,Desk Mat,2,06-11-2025 16:03,15.5,CUST-1107,Germany
INV-538534,PROD-008,Laptop Stand,1,06-11-2025 16:19,29.99,CUST-1128,France
INV-538534,PROD-005,Bluetooth Headphones,1,06-11-2025 16:19,59.99,CUST-1128,France
INV-538534,PROD-006,Desk Mat,1,06-11-2025 16:19,15.5,CUST-1128,France
INV-538535,PROD-005,Bluetooth Headphones,1,06-11-2025 17:47,59.99,CUST-1147,United Kingdom
INV-538535,PROD-008,Laptop Stand,1,06-11-2025 17:47,29.99,CUST-1147,United Kingdom
INV-538535,PROD-003,USB-C Hub,1,06-11-2025 17:47,35,CUST-1147,United Kingdom
INV-538536,PROD-003,USB-C Hub,2,07-11-2025 11:13,35,CUST-1129,United Kingdom
INV-538536,PROD-006,Desk Mat,2,07-11-2025 11:13,15.5,CUST-1129,United Kingdom
INV-538536,PROD-005,Bluetooth Headphones,2,07-11-2025 11:13,59.99,CUST-1129,United Kingdom
INV-538536,PROD-001,Wireless Mouse,1,07-11-2025 11:13,25,CUST-1129,United Kingdom
INV-538537,PROD-008,Laptop Stand,3,07-11-2025 13:55,29.99,CUST-1181,United Kingdom
INV-538537,PROD-003,USB-C Hub,3,07-11-2025 13:55,35,CUST-1181,United Kingdom
INV-538537,PROD-007,Ergonomic Office Chair,3,07-11-2025 13:55,199,CUST-1181,United Kingdom
INV-538538,PROD-003,USB-C Hub,1,07-11-2025 14:34,35,CUST-1196,United Kingdom
INV-538539,PROD-007,Ergonomic Office Chair,2,07-11-2025 14:53,199,CUST-1019,United Kingdom
INV-538539,PROD-005,Bluetooth Headphones,3,07-11-2025 14:53,59.99,CUST-1019,United Kingdom
INV-538539,PROD-006,Desk Mat,1,07-11-2025 14:53,15.5,CUST-1019,United Kingdom
INV-538539,PROD-002,Mechanical Keyboard,1,07-11-2025 14:53,85,CUST-1019,United Kingdom
INV-538540,PROD-003,USB-C Hub,3,07-11-2025 15:25,35,CUST-1193,United Kingdom
INV-538540,PROD-008,Laptop Stand,1,07-11-2025 15:25,29.99,CUST-1193,United Kingdom
INV-538541,PROD-006,Desk Mat,2,07-11-2025 17:06,15.5,CUST-1024,United Kingdom
INV-538541,PROD-001,Wireless Mouse,2,07-11-2025 17:06,25,CUST-1024,United Kingdom
INV-538542,PROD-007,Ergonomic Office Chair,2,07-11-2025 17:26,199,CUST-1087,United Kingdom
INV-538542,PROD-001,Wireless Mouse,1,07-11-2025 17:26,25,CUST-1087,United Kingdom
INV-538542,PROD-004,27-inch Monitor,1,07-11-2025 17:26,249.99,CUST-1087,United Kingdom
INV-538542,PROD-005,Bluetooth Headphones,3,07-11-2025 17:26,59.99,CUST-1087,United Kingdom
INV-538543,PROD-001,Wireless Mouse,1,09-11-2025 09:33,25,CUST-1126,United Kingdom
INV-538543,PROD-008,Laptop Stand,1,09-11-2025 09:33,29.99,CUST-1126,United Kingdom
INV-538544,PROD-008,Laptop Stand,1,09-11-2025 09:44,29.99,CUST-1116,United Kingdom
INV-538544,PROD-005,Bluetooth Headphones,1,09-11-2025 09:44,59.99,CUST-1116,United Kingdom
INV-538544,PROD-003,USB-C Hub,3,09-11-2025 09:44,35,CUST-1116,United Kingdom
INV-538544,PROD-002,Mechanical Keyboard,3,09-11-2025 09:44,85,CUST-1116,United Kingdom
INV-538545,PROD-001,Wireless Mouse,3,09-11-2025 10:09,25,CUST-1082,United Kingdom
INV-538545,PROD-005,Bluetooth Headphones,1,09-11-2025 10:09,59.99,CUST-1082,United Kingdom
INV-538546,PROD-003,USB-C Hub,3,09-11-2025 13:44,35,CUST-1041,Germany
INV-538546,PROD-008,Laptop Stand,2,09-11-2025 13:44,29.99,CUST-1041,Germany
INV-538546,PROD-005,Bluetooth Headphones,3,09-11-2025 13:44,59.99,CUST-1041,Germany
INV-538547,PROD-001,Wireless Mouse,3,09-11-2025 14:08,25,CUST-1158,France
INV-538547,PROD-003,USB-C Hub,2,09-11-2025 14:08,35,CUST-1158,France
INV-538547,PROD-005,Bluetooth Headphones,3,09-11-2025 14:08,59.99,CUST-1158,France
INV-538548,PROD-001,Wireless Mouse,1,09-11-2025 14:44,25,CUST-1047,United Kingdom
INV-538548,PROD-008,Laptop Stand,2,09-11-2025 14:44,29.99,CUST-1047,United Kingdom
INV-538548,PROD-007,Ergonomic Office Chair,3,09-11-2025 14:44,199,CUST-1047,United Kingdom
INV-538549,PROD-005,Bluetooth Headphones,1,09-11-2025 15:22,59.99,CUST-1149,United Kingdom
INV-538550,PROD-007,Ergonomic Office Chair,7,09-11-2025 15:32,199,CUST-1070,France
INV-538550,PROD-005,Bluetooth Headphones,21,09-11-2025 15:32,59.99,CUST-1070,France
INV-538550,PROD-008,Laptop Stand,14,09-11-2025 15:32,29.99,CUST-1070,France
INV-538550,PROD-004,27-inch Monitor,7,09-11-2025 15:32,249.99,CUST-1070,France
INV-538551,PROD-006,Desk Mat,3,09-11-2025 16:14,15.5,CUST-1119,France
INV-538551,PROD-008,Laptop Stand,3,09-11-2025 16:14,29.99,CUST-1119,France
INV-538552,PROD-005,Bluetooth Headphones,1,10-11-2025 11:23,59.99,CUST-1039,United Kingdom
INV-538552,PROD-003,USB-C Hub,1,10-11-2025 11:23,35,CUST-1039,United Kingdom
INV-538552,PROD-002,Mechanical Keyboard,2,10-11-2025 11:23,85,CUST-1039,United Kingdom
INV-538553,PROD-004,27-inch Monitor,1,10-11-2025 12:02,249.99,CUST-1098,United Kingdom
INV-538553,PROD-006,Desk Mat,2,10-11-2025 12:02,15.5,CUST-1098,United Kingdom
INV-538553,PROD-005,Bluetooth Headphones,3,10-11-2025 12:02,59.99,CUST-1098,United Kingdom
INV-538553,PROD-008,Laptop Stand,1,10-11-2025 12:02,29.99,CUST-1098,United Kingdom
INV-538554,PROD-002,Mechanical Keyboard,3,10-11-2025 14:25,85,CUST-1132,United Kingdom
INV-538554,PROD-005,Bluetooth Headphones,1,10-11-2025 14:25,59.99,CUST-1132,United Kingdom
INV-538554,PROD-003,USB-C Hub,1,10-11-2025 14:25,35,CUST-1132,United Kingdom
INV-538555,PROD-008,Laptop Stand,1,10-11-2025 14:43,29.99,CUST-1161,United Kingdom
INV-538556,PROD-001,Wireless Mouse,1,10-11-2025 14:55,25,CUST-1128,Germany
INV-538557,PROD-008,Laptop Stand,1,10-11-2025 16:38,29.99,CUST-1138,France
INV-538558,PROD-002,Mechanical Keyboard,12,10-11-2025 17:50,85,CUST-1045,United Kingdom
INV-538559,PROD-005,Bluetooth Headphones,3,11-11-2025 09:13,59.99,CUST-1031,Germany
INV-538559,PROD-004,27-inch Monitor,1,11-11-2025 09:13,249.99,CUST-1031,Germany
INV-538560,PROD-006,Desk Mat,3,11-11-2025 12:08,15.5,CUST-1042,United Kingdom
INV-538560,PROD-004,27-inch Monitor,3,11-11-2025 12:08,249.99,CUST-1042,United Kingdom
INV-538561,PROD-003,USB-C Hub,12,11-11-2025 13:24,35,CUST-1095,United Kingdom
INV-538561,PROD-001,Wireless Mouse,6,11-11-2025 13:24,25,CUST-1095,United Kingdom
INV-538561,PROD-008,Laptop Stand,12,11-11-2025 13:24,29.99,CUST-1095,United Kingdom
INV-538561,PROD-006,Desk Mat,12,11-11-2025 13:24,15.5,CUST-1095,United Kingdom
INV-538562,PROD-007,Ergonomic Office Chair,2,11-11-2025 14:50,199,CUST-1079,France
INV-538563,PROD-008,Laptop Stand,4,11-11-2025 17:47,29.99,CUST-1200,United Kingdom
INV-538563,PROD-005,Bluetooth Headphones,8,11-11-2025 17:47,59.99,CUST-1200,United Kingdom
INV-538564,PROD-004,27-inch Monitor,1,11-11-2025 17:49,249.99,CUST-1153,Germany
INV-538564,PROD-003,USB-C Hub,2,11-11-2025 17:49,35,CUST-1153,Germany
INV-538565,PROD-002,Mechanical Keyboard,3,12-11-2025 11:20,85,CUST-1014,France
INV-538565,PROD-006,Desk Mat,2,12-11-2025 11:20,15.5,CUST-1014,France
INV-538566,PROD-003,USB-C Hub,3,12-11-2025 14:39,35,CUST-1171,United Kingdom
INV-538566,PROD-007,Ergonomic Office Chair,3,12-11-2025 14:39,199,CUST-1171,United Kingdom
INV-538567,PROD-002,Mechanical Keyboard,2,12-11-2025 15:07,85,CUST-1089,United Kingdom
INV-538567,PROD-004,27-inch Monitor,3,12-11-2025 15:07,249.99,CUST-1089,United Kingdom
INV-538567,PROD-008,Laptop Stand,1,12-11-2025 15:07,29.99,CUST-1089,United Kingdom
INV-538567,PROD-006,Desk Mat,3,12-11-2025 15:07,15.5,CUST-1089,United Kingdom
INV-538568,PROD-008,Laptop Stand,1,12-11-2025 15:13,29.99,CUST-1003,United Kingdom
INV-538568,PROD-007,Ergonomic Office Chair,1,12-11-2025 15:13,199,CUST-1003,United Kingdom
INV-538569,PROD-005,Bluetooth Headphones,3,12-11-2025 15:16,59.99,CUST-1112,United Kingdom
INV-538570,PROD-004,27-inch Monitor,2,12-11-2025 17:32,249.99,CUST-1147,United Kingdom
INV-538570,PROD-002,Mechanical Keyboard,1,12-11-2025 17:32,85,CUST-1147,United Kingdom
INV-538570,PROD-007,Ergonomic Office Chair,1,12-11-2025 17:32,199,CUST-1147,United Kingdom
INV-538570,PROD-003,USB-C Hub,1,12-11-2025 17:32,35,CUST-1147,United Kingdom
INV-538571,PROD-006,Desk Mat,2,12-11-2025 17:55,15.5,CUST-1161,United Kingdom
INV-538571,PROD-001,Wireless Mouse,1,12-11-2025 17:55,25,CUST-1161,United Kingdom
INV-538571,PROD-004,27-inch Monitor,2,12-11-2025 17:55,249.99,CUST-1161,United Kingdom
INV-538571,PROD-007,Ergonomic Office Chair,1,12-11-2025 17:55,199,CUST-1161,United Kingdom
INV-538572,PROD-006,Desk Mat,3,13-11-2025 09:21,15.5,CUST-1116,United Kingdom
INV-538572,PROD-005,Bluetooth Headphones,2,13-11-2025 09:21,59.99,CUST-1116,United Kingdom
INV-538572,PROD-001,Wireless Mouse,2,13-11-2025 09:21,25,CUST-1116,United Kingdom
INV-538572,PROD-002,Mechanical Keyboard,2,13-11-2025 09:21,85,CUST-1116,United Kingdom
INV-538573,PROD-001,Wireless Mouse,1,13-11-2025 11:03,25,CUST-1028,United Kingdom
INV-538573,PROD-008,Laptop Stand,3,13-11-2025 11:03,29.99,CUST-1028,United Kingdom
INV-538573,PROD-004,27-inch Monitor,1,13-11-2025 11:03,249.99,CUST-1028,United Kingdom
INV-538573,PROD-003,USB-C Hub,3,13-11-2025 11:03,35,CUST-1028,United Kingdom
INV-538574,PROD-006,Desk Mat,2,13-11-2025 12:09,15.5,CUST-1188,United Kingdom
INV-538574,PROD-007,Ergonomic Office Chair,3,13-11-2025 12:09,199,CUST-1188,United Kingdom
INV-538574,PROD-002,Mechanical Keyboard,2,13-11-2025 12:09,85,CUST-1188,United Kingdom
INV-538574,PROD-003,USB-C Hub,3,13-11-2025 12:09,35,CUST-1188,United Kingdom
INV-538575,PROD-003,USB-C Hub,1,13-11-2025 13:09,35,CUST-1181,Germany
INV-538576,PROD-003,USB-C Hub,6,13-11-2025 14:20,35,CUST-1170,United Kingdom
INV-538576,PROD-001,Wireless Mouse,6,13-11-2025 14:20,25,CUST-1170,United Kingdom
INV-538576,PROD-005,Bluetooth Headphones,18,13-11-2025 14:20,59.99,CUST-1170,United Kingdom
INV-538577,PROD-002,Mechanical Keyboard,3,14-11-2025 09:10,85,CUST-1061,United Kingdom
INV-538577,PROD-001,Wireless Mouse,2,14-11-2025 09:10,25,CUST-1061,United Kingdom
INV-538577,PROD-007,Ergonomic Office Chair,1,14-11-2025 09:10,199,CUST-1061,United Kingdom
INV-538577,PROD-006,Desk Mat,1,14-11-2025 09:10,15.5,CUST-1061,United Kingdom
INV-538578,PROD-001,Wireless Mouse,1,14-11-2025 09:35,25,CUST-1187,United Kingdom
INV-538578,PROD-008,Laptop Stand,3,14-11-2025 09:35,29.99,CUST-1187,United Kingdom
INV-538578,PROD-002,Mechanical Keyboard,2,14-11-2025 09:35,85,CUST-1187,United Kingdom
INV-538579,PROD-007,Ergonomic Office Chair,1,14-11-2025 10:13,199,CUST-1069,France
INV-538580,PROD-003,USB-C Hub,3,14-11-2025 10:47,35,CUST-1033,United Kingdom
INV-538580,PROD-008,Laptop Stand,2,14-11-2025 10:47,29.99,CUST-1033,United Kingdom
INV-538581,PROD-002,Mechanical Keyboard,2,14-11-2025 13:32,85,CUST-1137,United Kingdom
INV-538582,PROD-006,Desk Mat,3,14-11-2025 14:45,15.5,CUST-1186,United Kingdom
INV-538582,PROD-004,27-inch Monitor,3,14-11-2025 14:45,249.99,CUST-1186,United Kingdom
INV-538582,PROD-008,Laptop Stand,3,14-11-2025 14:45,29.99,CUST-1186,United Kingdom
INV-538583,PROD-006,Desk Mat,2,14-11-2025 15:08,15.5,CUST-1117,Germany
INV-538584,PROD-003,USB-C Hub,3,14-11-2025 15:14,35,CUST-1045,Germany
INV-538584,PROD-008,Laptop Stand,9,14-11-2025 15:14,29.99,CUST-1045,Germany
INV-538584,PROD-006,Desk Mat,9,14-11-2025 15:14,15.5,CUST-1045,Germany
INV-538585,PROD-006,Desk Mat,2,14-11-2025 15:31,15.5,CUST-1101,United Kingdom
INV-538585,PROD-004,27-inch Monitor,1,14-11-2025 15:31,249.99,CUST-1101,United Kingdom
INV-538585,PROD-003,USB-C Hub,3,14-11-2025 15:31,35,CUST-1101,United Kingdom
INV-538585,PROD-005,Bluetooth Headphones,3,14-11-2025 15:31,59.99,CUST-1101,United Kingdom
INV-538586,PROD-001,Wireless Mouse,3,14-11-2025 16:08,25,CUST-1096,Germany
INV-538586,PROD-006,Desk Mat,1,14-11-2025 16:08,15.5,CUST-1096,Germany
INV-538586,PROD-008,Laptop Stand,2,14-11-2025 16:08,29.99,CUST-1096,Germany
INV-538587,PROD-008,Laptop Stand,1,14-11-2025 16:40,29.99,CUST-1059,Germany
INV-538587,PROD-005,Bluetooth Headphones,1,14-11-2025 16:40,59.99,CUST-1059,Germany
INV-538587,PROD-007,Ergonomic Office Chair,2,14-11-2025 16:40,199,CUST-1059,Germany
INV-538588,PROD-008,Laptop Stand,2,14-11-2025 17:04,29.99,CUST-1069,United Kingdom
INV-538589,PROD-004,27-inch Monitor,15,15-11-2025 09:29,249.99,CUST-1115,United Kingdom
INV-538589,PROD-001,Wireless Mouse,5,15-11-2025 09:29,25,CUST-1115,United Kingdom
INV-538589,PROD-007,Ergonomic Office Chair,5,15-11-2025 09:29,199,CUST-1115,United Kingdom
INV-538590,PROD-006,Desk Mat,3,15-11-2025 12:27,15.5,CUST-1056,United Kingdom
INV-538590,PROD-001,Wireless Mouse,3,15-11-2025 12:27,25,CUST-1056,United Kingdom
INV-538590,PROD-007,Ergonomic Office Chair,2,15-11-2025 12:27,199,CUST-1056,United Kingdom
INV-538590,PROD-002,Mechanical Keyboard,2,15-11-2025 12:27,85,CUST-1056,United Kingdom
INV-538591,PROD-003,USB-C Hub,2,15-11-2025 14:53,35,CUST-1166,France
INV-538591,PROD-005,Bluetooth Headphones,1,15-11-2025 14:53,59.99,CUST-1166,France
INV-538591,PROD-002,Mechanical Keyboard,1,15-11-2025 14:53,85,CUST-1166,France
INV-538591,PROD-004,27-inch Monitor,1,15-11-2025 14:53,249.99,CUST-1166,France
INV-538592,PROD-007,Ergonomic Office Chair,1,15-11-2025 17:31,199,CUST-1181,United Kingdom
INV-538592,PROD-004,27-inch Monitor,2,15-11-2025 17:31,249.99,CUST-1181,United Kingdom
INV-538592,PROD-006,Desk Mat,1,15-11-2025 17:31,15.5,CUST-1181,United Kingdom
INV-538592,PROD-003,USB-C Hub,2,15-11-2025 17:31,35,CUST-1181,United Kingdom
INV-538593,PROD-005,Bluetooth Headphones,1,16-11-2025 10:58,59.99,CUST-1026,United Kingdom
INV-538593,PROD-001,Wireless Mouse,2,16-11-2025 10:58,25,CUST-1026,United Kingdom
INV-538594,PROD-005,Bluetooth Headphones,2,16-11-2025 12:33,59.99,CUST-1021,United Kingdom
INV-538594,PROD-006,Desk Mat,1,16-11-2025 12:33,15.5,CUST-1021,United Kingdom
INV-538595,PROD-002,Mechanical Keyboard,3,16-11-2025 14:21,85,CUST-1086,United Kingdom
INV-538595,PROD-007,Ergonomic Office Chair,3,16-11-2025 14:21,199,CUST-1086,United Kingdom
INV-538595,PROD-008,Laptop Stand,3,16-11-2025 14:21,29.99,CUST-1086,United Kingdom
INV-538595,PROD-006,Desk Mat,3,16-11-2025 14:21,15.5,CUST-1086,United Kingdom
INV-538596,PROD-002,Mechanical Keyboard,3,16-11-2025 15:24,85,CUST-1166,United Kingdom
INV-538596,PROD-004,27-inch Monitor,3,16-11-2025 15:24,249.99,CUST-1166,United Kingdom
INV-538596,PROD-003,USB-C Hub,2,16-11-2025 15:24,35,CUST-1166,United Kingdom
INV-538597,PROD-007,Ergonomic Office Chair,9,16-11-2025 17:22,199,CUST-1105,Germany
INV-538597,PROD-006,Desk Mat,3,16-11-2025 17:22,15.5,CUST-1105,Germany
INV-538597,PROD-008,Laptop Stand,6,16-11-2025 17:22,29.99,CUST-1105,Germany
INV-538598,PROD-002,Mechanical Keyboard,1,17-11-2025 10:43,85,CUST-1024,Germany
INV-538598,PROD-007,Ergonomic Office Chair,3,17-11-2025 10:43,199,CUST-1024,Germany
INV-538599,PROD-008,Laptop Stand,3,17-11-2025 13:08,29.99,CUST-1084,United Kingdom
INV-538599,PROD-001,Wireless Mouse,1,17-11-2025 13:08,25,CUST-1084,United Kingdom
INV-538599,PROD-007,Ergonomic Office Chair,1,17-11-2025 13:08,199,CUST-1084,United Kingdom
INV-538600,PROD-004,27-inch Monitor,3,17-11-2025 13:08,249.99,CUST-1138,Germany
INV-538600,PROD-002,Mechanical Keyboard,1,17-11-2025 13:08,85,CUST-1138,Germany
INV-538600,PROD-008,Laptop Stand,2,17-11-2025 13:08,29.99,CUST-1138,Germany
INV-538600,PROD-003,USB-C Hub,1,17-11-2025 13:08,35,CUST-1138,Germany
INV-538601,PROD-008,Laptop Stand,3,17-11-2025 15:55,29.99,CUST-1102,United Kingdom
INV-538601,PROD-004,27-inch Monitor,3,17-11-2025 15:55,249.99,CUST-1102,United Kingdom
INV-538602,PROD-002,Mechanical Keyboard,1,17-11-2025 17:41,85,CUST-1111,United Kingdom
INV-538602,PROD-004,27-inch Monitor,1,17-11-2025 17:41,249.99,CUST-1111,United Kingdom
INV-538602,PROD-003,USB-C Hub,3,17-11-2025 17:41,35,CUST-1111,United Kingdom
INV-538603,PROD-008,Laptop Stand,3,18-11-2025 09:39,29.99,CUST-1171,France
INV-538603,PROD-006,Desk Mat,3,18-11-2025 09:39,15.5,CUST-1171,France
INV-538603,PROD-002,Mechanical Keyboard,1,18-11-2025 09:39,85,CUST-1171,France
INV-538603,PROD-005,Bluetooth Headphones,2,18-11-2025 09:39,59.99,CUST-1171,France
INV-538604,PROD-006,Desk Mat,15,18-11-2025 12:09,15.5,CUST-1120,United Kingdom
INV-538604,PROD-001,Wireless Mouse,10,18-11-2025 12:09,25,CUST-1120,United Kingdom
INV-538605,PROD-008,Laptop Stand,3,18-11-2025 13:33,29.99,CUST-1111,United Kingdom
INV-538605,PROD-003,USB-C Hub,2,18-11-2025 13:33,35,CUST-1111,United Kingdom
INV-538605,PROD-002,Mechanical Keyboard,2,18-11-2025 13:33,85,CUST-1111,United Kingdom
INV-538605,PROD-001,Wireless Mouse,1,18-11-2025 13:33,25,CUST-1111,United Kingdom
INV-538606,PROD-006,Desk Mat,3,18-11-2025 14:26,15.5,CUST-1149,United Kingdom
INV-538607,PROD-008,Laptop Stand,1,18-11-2025 15:07,29.99,CUST-1104,United Kingdom
INV-538608,PROD-007,Ergonomic Office Chair,1,19-11-2025 10:38,199,CUST-1147,United Kingdom
INV-538608,PROD-004,27-inch Monitor,2,19-11-2025 10:38,249.99,CUST-1147,United Kingdom
INV-538608,PROD-006,Desk Mat,1,19-11-2025 10:38,15.5,CUST-1147,United Kingdom
INV-538608,PROD-008,Laptop Stand,2,19-11-2025 10:38,29.99,CUST-1147,United Kingdom
INV-538609,PROD-006,Desk Mat,2,19-11-2025 14:25,15.5,CUST-1181,United Kingdom
INV-538610,PROD-002,Mechanical Keyboard,3,20-11-2025 09:49,85,CUST-1082,United Kingdom
INV-538610,PROD-004,27-inch Monitor,3,20-11-2025 09:49,249.99,CUST-1082,United Kingdom
INV-538610,PROD-003,USB-C Hub,3,20-11-2025 09:49,35,CUST-1082,United Kingdom
INV-538611,PROD-006,Desk Mat,3,20-11-2025 10:26,15.5,CUST-1047,United Kingdom
INV-538612,PROD-008,Laptop Stand,18,20-11-2025 13:12,29.99,CUST-1015,United Kingdom
INV-538612,PROD-001,Wireless Mouse,18,20-11-2025 13:12,25,CUST-1015,United Kingdom
INV-538613,PROD-008,Laptop Stand,1,20-11-2025 13:19,29.99,CUST-1061,United Kingdom
INV-538614,PROD-008,Laptop Stand,2,20-11-2025 13:54,29.99,CUST-1167,France
INV-538614,PROD-001,Wireless Mouse,3,20-11-2025 13:54,25,CUST-1167,France
INV-538614,PROD-005,Bluetooth Headphones,3,20-11-2025 13:54,59.99,CUST-1167,France
INV-538615,PROD-006,Desk Mat,21,20-11-2025 14:16,15.5,CUST-1040,Germany
INV-538616,PROD-008,Laptop Stand,2,20-11-2025 14:19,29.99,CUST-1088,United Kingdom
INV-538616,PROD-002,Mechanical Keyboard,1,20-11-2025 14:19,85,CUST-1088,United Kingdom
INV-538617,PROD-006,Desk Mat,3,20-11-2025 17:28,15.5,CUST-1187,United Kingdom
INV-538617,PROD-001,Wireless Mouse,1,20-11-2025 17:28,25,CUST-1187,United Kingdom
INV-538618,PROD-001,Wireless Mouse,3,21-11-2025 10:18,25,CUST-1046,United Kingdom
INV-538618,PROD-006,Desk Mat,2,21-11-2025 10:18,15.5,CUST-1046,United Kingdom
INV-538618,PROD-003,USB-C Hub,3,21-11-2025 10:18,35,CUST-1046,United Kingdom
INV-538618,PROD-002,Mechanical Keyboard,2,21-11-2025 10:18,85,CUST-1046,United Kingdom
INV-538619,PROD-001,Wireless Mouse,7,21-11-2025 11:56,25,CUST-1195,United Kingdom
INV-538619,PROD-003,USB-C Hub,14,21-11-2025 11:56,35,CUST-1195,United Kingdom
INV-538620,PROD-007,Ergonomic Office Chair,1,21-11-2025 12:36,199,CUST-1149,United Kingdom
INV-538620,PROD-001,Wireless Mouse,2,21-11-2025 12:36,25,CUST-1149,United Kingdom
INV-538620,PROD-008,Laptop Stand,2,21-11-2025 12:36,29.99,CUST-1149,United Kingdom
INV-538621,PROD-007,Ergonomic Office Chair,1,21-11-2025 14:15,199,CUST-1063,United Kingdom
INV-538621,PROD-001,Wireless Mouse,1,21-11-2025 14:15,25,CUST-1063,United Kingdom
INV-538621,PROD-008,Laptop Stand,2,21-11-2025 14:15,29.99,CUST-1063,United Kingdom
INV-538622,PROD-002,Mechanical Keyboard,3,21-11-2025 15:15,85,CUST-1187,United Kingdom
INV-538622,PROD-008,Laptop Stand,1,21-11-2025 15:15,29.99,CUST-1187,United Kingdom
INV-538623,PROD-002,Mechanical Keyboard,3,21-11-2025 16:23,85,CUST-1178,United Kingdom
INV-538623,PROD-001,Wireless Mouse,1,21-11-2025 16:23,25,CUST-1178,United Kingdom
INV-538623,PROD-007,Ergonomic Office Chair,1,21-11-2025 16:23,199,CUST-1178,United Kingdom
INV-538624,PROD-002,Mechanical Keyboard,2,21-11-2025 17:51,85,CUST-1144,France
INV-538624,PROD-003,USB-C Hub,3,21-11-2025 17:51,35,CUST-1144,France
INV-538625,PROD-007,Ergonomic Office Chair,5,22-11-2025 10:20,199,CUST-1075,United Kingdom
INV-538625,PROD-003,USB-C Hub,10,22-11-2025 10:20,35,CUST-1075,United Kingdom
INV-538625,PROD-005,Bluetooth Headphones,5,22-11-2025 10:20,59.99,CUST-1075,United Kingdom
INV-538625,PROD-002,Mechanical Keyboard,5,22-11-2025 10:20,85,CUST-1075,United Kingdom
INV-538626,PROD-001,Wireless Mouse,3,22-11-2025 11:29,25,CUST-1163,United Kingdom
INV-538627,PROD-002,Mechanical Keyboard,1,22-11-2025 12:25,85,CUST-1068,United Kingdom
INV-538627,PROD-005,Bluetooth Headphones,2,22-11-2025 12:25,59.99,CUST-1068,United Kingdom
INV-538627,PROD-006,Desk Mat,3,22-11-2025 12:25,15.5,CUST-1068,United Kingdom
INV-538627,PROD-008,Laptop Stand,3,22-11-2025 12:25,29.99,CUST-1068,United Kingdom
INV-538628,PROD-002,Mechanical Keyboard,2,22-11-2025 13:01,85,CUST-1058,United Kingdom
INV-538629,PROD-002,Mechanical Keyboard,3,22-11-2025 14:03,85,CUST-1133,United Kingdom
INV-538629,PROD-005,Bluetooth Headphones,3,22-11-2025 14:03,59.99,CUST-1133,United Kingdom
INV-538630,PROD-002,Mechanical Keyboard,12,22-11-2025 14:31,85,CUST-1140,United Kingdom
INV-538630,PROD-001,Wireless Mouse,12,22-11-2025 14:31,25,CUST-1140,United Kingdom
INV-538630,PROD-006,Desk Mat,4,22-11-2025 14:31,15.5,CUST-1140,United Kingdom
INV-538631,PROD-002,Mechanical Keyboard,3,22-11-2025 15:26,85,CUST-1139,United Kingdom
INV-538631,PROD-001,Wireless Mouse,3,22-11-2025 15:26,25,CUST-1139,United Kingdom
INV-538631,PROD-005,Bluetooth Headphones,3,22-11-2025 15:26,59.99,CUST-1139,United Kingdom
INV-538632,PROD-003,USB-C Hub,21,22-11-2025 15:47,35,CUST-1120,United Kingdom
INV-538633,PROD-006,Desk Mat,1,23-11-2025 10:45,15.5,CUST-1181,France
INV-538633,PROD-004,27-inch Monitor,3,23-11-2025 10:45,249.99,CUST-1181,France
INV-538633,PROD-003,USB-C Hub,2,23-11-2025 10:45,35,CUST-1181,France
INV-538634,PROD-004,27-inch Monitor,1,23-11-2025 13:55,249.99,CUST-1011,United Kingdom
INV-538634,PROD-002,Mechanical Keyboard,3,23-11-2025 13:55,85,CUST-1011,United Kingdom
INV-538634,PROD-007,Ergonomic Office Chair,2,23-11-2025 13:55,199,CUST-1011,United Kingdom
INV-538635,PROD-008,Laptop Stand,3,23-11-2025 14:31,29.99,CUST-1047,United Kingdom
INV-538635,PROD-002,Mechanical Keyboard,3,23-11-2025 14:31,85,CUST-1047,United Kingdom
INV-538636,PROD-001,Wireless Mouse,3,23-11-2025 15:04,25,CUST-1184,Germany
INV-538636,PROD-002,Mechanical Keyboard,3,23-11-2025 15:04,85,CUST-1184,Germany
INV-538637,PROD-006,Desk Mat,3,24-11-2025 09:53,15.5,CUST-1166,United Kingdom
INV-538637,PROD-004,27-inch Monitor,1,24-11-2025 09:53,249.99,CUST-1166,United Kingdom
INV-538638,PROD-006,Desk Mat,3,24-11-2025 11:37,15.5,CUST-1096,United Kingdom
INV-538638,PROD-003,USB-C Hub,2,24-11-2025 11:37,35,CUST-1096,United Kingdom
INV-538638,PROD-001,Wireless Mouse,3,24-11-2025 11:37,25,CUST-1096,United Kingdom
INV-538638,PROD-008,Laptop Stand,1,24-11-2025 11:37,29.99,CUST-1096,United Kingdom
INV-538639,PROD-004,27-inch Monitor,8,24-11-2025 13:04,249.99,CUST-1025,United Kingdom
INV-538639,PROD-007,Ergonomic Office Chair,4,24-11-2025 13:04,199,CUST-1025,United Kingdom
INV-538639,PROD-005,Bluetooth Headphones,8,24-11-2025 13:04,59.99,CUST-1025,United Kingdom
INV-538640,PROD-006,Desk Mat,3,25-11-2025 11:19,15.5,CUST-1111,United Kingdom
INV-538640,PROD-002,Mechanical Keyboard,3,25-11-2025 11:19,85,CUST-1111,United Kingdom
INV-538640,PROD-008,Laptop Stand,2,25-11-2025 11:19,29.99,CUST-1111,United Kingdom
INV-538641,PROD-005,Bluetooth Headphones,3,25-11-2025 12:13,59.99,CUST-1089,France
INV-538641,PROD-004,27-inch Monitor,3,25-11-2025 12:13,249.99,CUST-1089,France
INV-538641,PROD-002,Mechanical Keyboard,3,25-11-2025 12:13,85,CUST-1089,France
INV-538642,PROD-003,USB-C Hub,1,25-11-2025 12:47,35,CUST-1093,United Kingdom
INV-538642,PROD-008,Laptop Stand,2,25-11-2025 12:47,29.99,CUST-1093,United Kingdom
INV-538642,PROD-007,Ergonomic Office Chair,1,25-11-2025 12:47,199,CUST-1093,United Kingdom
INV-538643,PROD-008,Laptop Stand,3,25-11-2025 15:13,29.99,CUST-1072,Germany
INV-538643,PROD-002,Mechanical Keyboard,3,25-11-2025 15:13,85,CUST-1072,Germany
INV-538644,PROD-004,27-inch Monitor,1,26-11-2025 10:15,249.99,CUST-1066,United Kingdom
INV-538644,PROD-007,Ergonomic Office Chair,3,26-11-2025 10:15,199,CUST-1066,United Kingdom
INV-538645,PROD-007,Ergonomic Office Chair,3,26-11-2025 10:50,199,CUST-1168,United Kingdom
INV-538645,PROD-008,Laptop Stand,2,26-11-2025 10:50,29.99,CUST-1168,United Kingdom
INV-538645,PROD-003,USB-C Hub,1,26-11-2025 10:50,35,CUST-1168,United Kingdom
INV-538646,PROD-002,Mechanical Keyboard,21,26-11-2025 10:56,85,CUST-1110,United Kingdom
INV-538646,PROD-003,USB-C Hub,14,26-11-2025 10:56,35,CUST-1110,United Kingdom
INV-538646,PROD-008,Laptop Stand,7,26-11-2025 10:56,29.99,CUST-1110,United Kingdom
INV-538646,PROD-001,Wireless Mouse,21,26-11-2025 10:56,25,CUST-1110,United Kingdom
INV-538647,PROD-002,Mechanical Keyboard,3,26-11-2025 14:19,85,CUST-1053,United Kingdom
INV-538647,PROD-007,Ergonomic Office Chair,2,26-11-2025 14:19,199,CUST-1053,United Kingdom
INV-538648,PROD-004,27-inch Monitor,2,26-11-2025 15:32,249.99,CUST-1007,France
INV-538648,PROD-008,Laptop Stand,3,26-11-2025 15:32,29.99,CUST-1007,France
INV-538648,PROD-005,Bluetooth Headphones,1,26-11-2025 15:32,59.99,CUST-1007,France
INV-538649,PROD-003,USB-C Hub,3,26-11-2025 16:37,35,CUST-1012,Germany
INV-538649,PROD-005,Bluetooth Headphones,3,26-11-2025 16:37,59.99,CUST-1012,Germany
INV-538650,PROD-003,USB-C Hub,6,26-11-2025 16:46,35,CUST-1195,United Kingdom
INV-538651,PROD-005,Bluetooth Headphones,3,26-11-2025 17:30,59.99,CUST-1157,United Kingdom
INV-538651,PROD-004,27-inch Monitor,2,26-11-2025 17:30,249.99,CUST-1157,United Kingdom
INV-538651,PROD-003,USB-C Hub,2,26-11-2025 17:30,35,CUST-1157,United Kingdom
INV-538651,PROD-006,Desk Mat,3,26-11-2025 17:30,15.5,CUST-1157,United Kingdom
INV-538652,PROD-006,Desk Mat,2,27-11-2025 09:23,15.5,CUST-1109,United Kingdom
INV-538652,PROD-002,Mechanical Keyboard,2,27-11-2025 09:23,85,CUST-1109,United Kingdom
INV-538653,PROD-005,Bluetooth Headphones,3,27-11-2025 10:38,59.99,CUST-1199,United Kingdom
INV-538654,PROD-002,Mechanical Keyboard,12,27-11-2025 10:48,85,CUST-1060,United Kingdom
INV-538654,PROD-006,Desk Mat,12,27-11-2025 10:48,15.5,CUST-1060,United Kingdom
INV-538654,PROD-007,Ergonomic Office Chair,6,27-11-2025 10:48,199,CUST-1060,United Kingdom
INV-538654,PROD-001,Wireless Mouse,12,27-11-2025 10:48,25,CUST-1060,United Kingdom
INV-538655,PROD-001,Wireless Mouse,1,27-11-2025 10:50,25,CUST-1051,United Kingdom
INV-538655,PROD-003,USB-C Hub,1,27-11-2025 10:50,35,CUST-1051,United Kingdom
INV-538655,PROD-008,Laptop Stand,2,27-11-2025 10:50,29.99,CUST-1051,United Kingdom
INV-538656,PROD-004,27-inch Monitor,3,27-11-2025 11:51,249.99,CUST-1193,United Kingdom
INV-538656,PROD-002,Mechanical Keyboard,2,27-11-2025 11:51,85,CUST-1193,United Kingdom
INV-538656,PROD-006,Desk Mat,2,27-11-2025 11:51,15.5,CUST-1193,United Kingdom
INV-538657,PROD-005,Bluetooth Headphones,14,27-11-2025 16:01,59.99,CUST-1090,United Kingdom
INV-538657,PROD-003,USB-C Hub,14,27-11-2025 16:01,35,CUST-1090,United Kingdom
INV-538657,PROD-006,Desk Mat,7,27-11-2025 16:01,15.5,CUST-1090,United Kingdom
INV-538658,PROD-006,Desk Mat,1,27-11-2025 16:54,15.5,CUST-1094,United Kingdom
INV-538658,PROD-007,Ergonomic Office Chair,1,27-11-2025 16:54,199,CUST-1094,United Kingdom
INV-538659,PROD-004,27-inch Monitor,3,27-11-2025 17:02,249.99,CUST-1194,France
INV-538659,PROD-007,Ergonomic Office Chair,2,27-11-2025 17:02,199,CUST-1194,France
INV-538659,PROD-002,Mechanical Keyboard,1,27-11-2025 17:02,85,CUST-1194,France
INV-538659,PROD-006,Desk Mat,3,27-11-2025 17:02,15.5,CUST-1194,France
INV-538660,PROD-003,USB-C Hub,2,28-11-2025 10:04,35,CUST-1077,United Kingdom
INV-538660,PROD-007,Ergonomic Office Chair,3,28-11-2025 10:04,199,CUST-1077,United Kingdom
INV-538660,PROD-004,27-inch Monitor,3,28-11-2025 10:04,249.99,CUST-1077,United Kingdom
INV-538660,PROD-005,Bluetooth Headphones,2,28-11-2025 10:04,59.99,CUST-1077,United Kingdom
INV-538661,PROD-007,Ergonomic Office Chair,5,28-11-2025 10:27,199,CUST-1030,United Kingdom
INV-538661,PROD-006,Desk Mat,10,28-11-2025 10:27,15.5,CUST-1030,United Kingdom
INV-538662,PROD-007,Ergonomic Office Chair,7,28-11-2025 11:55,199,CUST-1175,United Kingdom
INV-538662,PROD-006,Desk Mat,7,28-11-2025 11:55,15.5,CUST-1175,United Kingdom
INV-538662,PROD-002,Mechanical Keyboard,21,28-11-2025 11:55,85,CUST-1175,United Kingdom
INV-538663,PROD-006,Desk Mat,3,28-11-2025 13:24,15.5,CUST-1190,United Kingdom
INV-538663,PROD-004,27-inch Monitor,3,28-11-2025 13:24,249.99,CUST-1190,United Kingdom
INV-538663,PROD-002,Mechanical Keyboard,9,28-11-2025 13:24,85,CUST-1190,United Kingdom
INV-538664,PROD-007,Ergonomic Office Chair,5,28-11-2025 13:33,199,CUST-1035,France
INV-538664,PROD-005,Bluetooth Headphones,10,28-11-2025 13:33,59.99,CUST-1035,France
INV-538664,PROD-001,Wireless Mouse,10,28-11-2025 13:33,25,CUST-1035,France
INV-538665,PROD-002,Mechanical Keyboard,2,28-11-2025 14:15,85,CUST-1062,United Kingdom
INV-538665,PROD-007,Ergonomic Office Chair,3,28-11-2025 14:15,199,CUST-1062,United Kingdom
INV-538666,PROD-002,Mechanical Keyboard,3,28-11-2025 15:24,85,CUST-1016,Germany
INV-538666,PROD-007,Ergonomic Office Chair,1,28-11-2025 15:24,199,CUST-1016,Germany
INV-538667,PROD-007,Ergonomic Office Chair,2,28-11-2025 15:25,199,CUST-1108,France
INV-538668,PROD-002,Mechanical Keyboard,3,28-11-2025 16:07,85,CUST-1019,France
INV-538668,PROD-007,Ergonomic Office Chair,3,28-11-2025 16:07,199,CUST-1019,France
INV-538668,PROD-001,Wireless Mouse,1,28-11-2025 16:07,25,CUST-1019,France
INV-538669,PROD-007,Ergonomic Office Chair,3,28-11-2025 16:26,199,CUST-1053,United Kingdom
INV-538669,PROD-006,Desk Mat,2,28-11-2025 16:26,15.5,CUST-1053,United Kingdom
INV-538669,PROD-008,Laptop Stand,2,28-11-2025 16:26,29.99,CUST-1053,United Kingdom
INV-538669,PROD-003,USB-C Hub,1,28-11-2025 16:26,35,CUST-1053,United Kingdom
INV-538670,PROD-005,Bluetooth Headphones,15,29-11-2025 09:23,59.99,CUST-1045,United Kingdom
INV-538670,PROD-008,Laptop Stand,10,29-11-2025 09:23,29.99,CUST-1045,United Kingdom
INV-538670,PROD-004,27-inch Monitor,10,29-11-2025 09:23,249.99,CUST-1045,United Kingdom
INV-538670,PROD-002,Mechanical Keyboard,15,29-11-2025 09:23,85,CUST-1045,United Kingdom
INV-538671,PROD-008,Laptop Stand,15,29-11-2025 09:50,29.99,CUST-1055,France
INV-538671,PROD-002,Mechanical Keyboard,5,29-11-2025 09:50,85,CUST-1055,France
INV-538672,PROD-001,Wireless Mouse,1,29-11-2025 10:24,25,CUST-1062,Germany
INV-538672,PROD-007,Ergonomic Office Chair,1,29-11-2025 10:24,199,CUST-1062,Germany
INV-538672,PROD-002,Mechanical Keyboard,3,29-11-2025 10:24,85,CUST-1062,Germany
INV-538673,PROD-007,Ergonomic Office Chair,3,29-11-2025 14:14,199,CUST-1066,Germany
INV-538673,PROD-001,Wireless Mouse,2,29-11-2025 14:14,25,CUST-1066,Germany
INV-538674,PROD-001,Wireless Mouse,2,29-11-2025 15:20,25,CUST-1153,France
INV-538675,PROD-002,Mechanical Keyboard,3,29-11-2025 15:54,85,CUST-1098,Germany
INV-538675,PROD-001,Wireless Mouse,2,29-11-2025 15:54,25,CUST-1098,Germany
INV-538676,PROD-004,27-inch Monitor,2,29-11-2025 17:11,249.99,CUST-1082,Germany
INV-538676,PROD-003,USB-C Hub,3,29-11-2025 17:11,35,CUST-1082,Germany
INV-538676,PROD-008,Laptop Stand,1,29-11-2025 17:11,29.99,CUST-1082,Germany
INV-538676,PROD-006,Desk Mat,3,29-11-2025 17:11,15.5,CUST-1082,Germany
INV-538677,PROD-006,Desk Mat,2,30-11-2025 10:08,15.5,CUST-1189,France
INV-538677,PROD-004,27-inch Monitor,2,30-11-2025 10:08,249.99,CUST-1189,France
INV-538677,PROD-003,USB-C Hub,3,30-11-2025 10:08,35,CUST-1189,France
INV-538678,PROD-004,27-inch Monitor,1,30-11-2025 11:29,249.99,CUST-1014,Germany
INV-538678,PROD-007,Ergonomic Office Chair,1,30-11-2025 11:29,199,CUST-1014,Germany
INV-538678,PROD-002,Mechanical Keyboard,3,30-11-2025 11:29,85,CUST-1014,Germany
INV-538678,PROD-008,Laptop Stand,3,30-11-2025 11:29,29.99,CUST-1014,Germany
INV-538679,PROD-006,Desk Mat,2,30-11-2025 12:47,15.5,CUST-1034,France
INV-538679,PROD-005,Bluetooth Headphones,1,30-11-2025 12:47,59.99,CUST-1034,France
INV-538680,PROD-001,Wireless Mouse,21,30-11-2025 13:17,25,CUST-1110,United Kingdom
INV-538681,PROD-005,Bluetooth Headphones,1,30-11-2025 16:08,59.99,CUST-1004,United Kingdom
INV-538682,PROD-007,Ergonomic Office Chair,3,30-11-2025 17:03,199,CUST-1187,United Kingdom
INV-538683,PROD-005,Bluetooth Headphones,1,30-11-2025 17:35,59.99,CUST-1154,United Kingdom
INV-538683,PROD-002,Mechanical Keyboard,3,30-11-2025 17:35,85,CUST-1154,United Kingdom
INV-538684,PROD-007,Ergonomic Office Chair,6,01-12-2025 09:14,199,CUST-1135,Germany
INV-538684,PROD-005,Bluetooth Headphones,3,01-12-2025 09:14,59.99,CUST-1135,Germany
INV-538684,PROD-002,Mechanical Keyboard,6,01-12-2025 09:14,85,CUST-1135,Germany
INV-538685,PROD-004,27-inch Monitor,2,01-12-2025 09:21,249.99,CUST-1149,United Kingdom
INV-538685,PROD-001,Wireless Mouse,3,01-12-2025 09:21,25,CUST-1149,United Kingdom
INV-538685,PROD-003,USB-C Hub,2,01-12-2025 09:21,35,CUST-1149,United Kingdom
INV-538685,PROD-006,Desk Mat,2,01-12-2025 09:21,15.5,CUST-1149,United Kingdom
INV-538686,PROD-001,Wireless Mouse,2,01-12-2025 11:03,25,CUST-1193,United Kingdom
INV-538686,PROD-008,Laptop Stand,3,01-12-2025 11:03,29.99,CUST-1193,United Kingdom
INV-538686,PROD-006,Desk Mat,3,01-12-2025 11:03,15.5,CUST-1193,United Kingdom
INV-538687,PROD-006,Desk Mat,2,01-12-2025 12:17,15.5,CUST-1157,United Kingdom
INV-538687,PROD-007,Ergonomic Office Chair,1,01-12-2025 12:17,199,CUST-1157,United Kingdom
INV-538687,PROD-005,Bluetooth Headphones,3,01-12-2025 12:17,59.99,CUST-1157,United Kingdom
INV-538688,PROD-001,Wireless Mouse,2,02-12-2025 09:48,25,CUST-1039,France
INV-538688,PROD-005,Bluetooth Headphones,1,02-12-2025 09:48,59.99,CUST-1039,France
INV-538688,PROD-004,27-inch Monitor,1,02-12-2025 09:48,249.99,CUST-1039,France
INV-538689,PROD-001,Wireless Mouse,1,02-12-2025 10:41,25,CUST-1052,Germany
INV-538689,PROD-005,Bluetooth Headphones,2,02-12-2025 10:41,59.99,CUST-1052,Germany
INV-538689,PROD-002,Mechanical Keyboard,2,02-12-2025 10:41,85,CUST-1052,Germany
INV-538689,PROD-007,Ergonomic Office Chair,3,02-12-2025 10:41,199,CUST-1052,Germany
INV-538690,PROD-003,USB-C Hub,1,02-12-2025 11:03,35,CUST-1131,United Kingdom
INV-538690,PROD-006,Desk Mat,1,02-12-2025 11:03,15.5,CUST-1131,United Kingdom
INV-538691,PROD-001,Wireless Mouse,1,02-12-2025 14:27,25,CUST-1093,France
INV-538691,PROD-008,Laptop Stand,3,02-12-2025 14:27,29.99,CUST-1093,France
INV-538692,PROD-001,Wireless Mouse,2,02-12-2025 17:50,25,CUST-1086,Germany
INV-538693,PROD-006,Desk Mat,2,02-12-2025 17:54,15.5,CUST-1088,Germany
INV-538693,PROD-005,Bluetooth Headphones,3,02-12-2025 17:54,59.99,CUST-1088,Germany
INV-538694,PROD-001,Wireless Mouse,1,03-12-2025 09:04,25,CUST-1133,France
INV-538694,PROD-002,Mechanical Keyboard,2,03-12-2025 09:04,85,CUST-1133,France
INV-538695,PROD-003,USB-C Hub,2,03-12-2025 09:48,35,CUST-1173,United Kingdom
INV-538695,PROD-002,Mechanical Keyboard,2,03-12-2025 09:48,85,CUST-1173,United Kingdom
INV-538695,PROD-005,Bluetooth Headphones,3,03-12-2025 09:48,59.99,CUST-1173,United Kingdom
INV-538696,PROD-006,Desk Mat,6,03-12-2025 14:07,15.5,CUST-1125,France
INV-538696,PROD-001,Wireless Mouse,3,03-12-2025 14:07,25,CUST-1125,France
INV-538696,PROD-007,Ergonomic Office Chair,9,03-12-2025 14:07,199,CUST-1125,France
INV-538697,PROD-002,Mechanical Keyboard,1,03-12-2025 15:13,85,CUST-1144,France
INV-538697,PROD-005,Bluetooth Headphones,1,03-12-2025 15:13,59.99,CUST-1144,France
INV-538698,PROD-005,Bluetooth Headphones,3,03-12-2025 15:22,59.99,CUST-1031,United Kingdom
INV-538698,PROD-001,Wireless Mouse,2,03-12-2025 15:22,25,CUST-1031,United Kingdom
INV-538698,PROD-006,Desk Mat,1,03-12-2025 15:22,15.5,CUST-1031,United Kingdom
INV-538698,PROD-002,Mechanical Keyboard,1,03-12-2025 15:22,85,CUST-1031,United Kingdom
INV-538699,PROD-007,Ergonomic Office Chair,2,03-12-2025 17:18,199,CUST-1191,France
INV-538700,PROD-002,Mechanical Keyboard,1,04-12-2025 10:09,85,CUST-1111,France
INV-538700,PROD-001,Wireless Mouse,1,04-12-2025 10:09,25,CUST-1111,France
INV-538700,PROD-003,USB-C Hub,3,04-12-2025 10:09,35,CUST-1111,France
INV-538700,PROD-004,27-inch Monitor,2,04-12-2025 10:09,249.99,CUST-1111,France
INV-538701,PROD-004,27-inch Monitor,1,04-12-2025 10:53,249.99,CUST-1151,United Kingdom
INV-538701,PROD-001,Wireless Mouse,1,04-12-2025 10:53,25,CUST-1151,United Kingdom
INV-538701,PROD-008,Laptop Stand,2,04-12-2025 10:53,29.99,CUST-1151,United Kingdom
INV-538702,PROD-006,Desk Mat,2,04-12-2025 13:29,15.5,CUST-1094,France
INV-538702,PROD-005,Bluetooth Headphones,2,04-12-2025 13:29,59.99,CUST-1094,France
INV-538703,PROD-006,Desk Mat,3,04-12-2025 13:44,15.5,CUST-1181,Germany
INV-538703,PROD-007,Ergonomic Office Chair,2,04-12-2025 13:44,199,CUST-1181,Germany
INV-538703,PROD-003,USB-C Hub,2,04-12-2025 13:44,35,CUST-1181,Germany
INV-538703,PROD-001,Wireless Mouse,1,04-12-2025 13:44,25,CUST-1181,Germany
INV-538704,PROD-008,Laptop Stand,2,04-12-2025 16:58,29.99,CUST-1137,France
INV-538705,PROD-001,Wireless Mouse,2,04-12-2025 17:22,25,CUST-1051,United Kingdom
INV-538706,PROD-007,Ergonomic Office Chair,2,04-12-2025 17:56,199,CUST-1024,United Kingdom
INV-538706,PROD-001,Wireless Mouse,1,04-12-2025 17:56,25,CUST-1024,United Kingdom
INV-538707,PROD-007,Ergonomic Office Chair,12,05-12-2025 09:06,199,CUST-1150,Germany
INV-538708,PROD-007,Ergonomic Office Chair,3,05-12-2025 11:05,199,CUST-1123,Germany
INV-538709,PROD-004,27-inch Monitor,5,05-12-2025 12:24,249.99,CUST-1005,France
INV-538710,PROD-007,Ergonomic Office Chair,2,05-12-2025 12:34,199,CUST-1146,United Kingdom
INV-538710,PROD-008,Laptop Stand,2,05-12-2025 12:34,29.99,CUST-1146,United Kingdom
INV-538710,PROD-001,Wireless Mouse,2,05-12-2025 12:34,25,CUST-1146,United Kingdom
INV-538711,PROD-008,Laptop Stand,3,05-12-2025 13:15,29.99,CUST-1094,Germany
INV-538712,PROD-002,Mechanical Keyboard,2,05-12-2025 13:31,85,CUST-1159,United Kingdom
INV-538712,PROD-004,27-inch Monitor,1,05-12-2025 13:31,249.99,CUST-1159,United Kingdom
INV-538713,PROD-003,USB-C Hub,2,05-12-2025 14:56,35,CUST-1059,United Kingdom
INV-538714,PROD-008,Laptop Stand,2,05-12-2025 16:47,29.99,CUST-1166,France
INV-538714,PROD-002,Mechanical Keyboard,2,05-12-2025 16:47,85,CUST-1166,France
INV-538714,PROD-006,Desk Mat,1,05-12-2025 16:47,15.5,CUST-1166,France
INV-538714,PROD-003,USB-C Hub,3,05-12-2025 16:47,35,CUST-1166,France
INV-538715,PROD-008,Laptop Stand,3,06-12-2025 09:27,29.99,CUST-1101,United Kingdom
INV-538715,PROD-004,27-inch Monitor,2,06-12-2025 09:27,249.99,CUST-1101,United Kingdom
INV-538715,PROD-005,Bluetooth Headphones,3,06-12-2025 09:27,59.99,CUST-1101,United Kingdom
INV-538716,PROD-003,USB-C Hub,2,06-12-2025 09:51,35,CUST-1101,United Kingdom
INV-538717,PROD-002,Mechanical Keyboard,2,06-12-2025 13:00,85,CUST-1103,United Kingdom
INV-538717,PROD-006,Desk Mat,3,06-12-2025 13:00,15.5,CUST-1103,United Kingdom
INV-538718,PROD-005,Bluetooth Headphones,3,06-12-2025 16:06,59.99,CUST-1101,United Kingdom
INV-538718,PROD-001,Wireless Mouse,3,06-12-2025 16:06,25,CUST-1101,United Kingdom
INV-538718,PROD-003,USB-C Hub,1,06-12-2025 16:06,35,CUST-1101,United Kingdom
INV-538719,PROD-004,27-inch Monitor,2,06-12-2025 17:11,249.99,CUST-1063,France
INV-538719,PROD-006,Desk Mat,3,06-12-2025 17:11,15.5,CUST-1063,France
INV-538720,PROD-005,Bluetooth Headphones,3,07-12-2025 11:49,59.99,CUST-1081,United Kingdom
INV-538720,PROD-007,Ergonomic Office Chair,3,07-12-2025 11:49,199,CUST-1081,United Kingdom
INV-538720,PROD-004,27-inch Monitor,3,07-12-2025 11:49,249.99,CUST-1081,United Kingdom
INV-538721,PROD-007,Ergonomic Office Chair,12,07-12-2025 16:19,199,CUST-1200,United Kingdom
INV-538721,PROD-008,Laptop Stand,4,07-12-2025 16:19,29.99,CUST-1200,United Kingdom
INV-538721,PROD-005,Bluetooth Headphones,8,07-12-2025 16:19,59.99,CUST-1200,United Kingdom
INV-538721,PROD-003,USB-C Hub,12,07-12-2025 16:19,35,CUST-1200,United Kingdom
INV-538722,PROD-002,Mechanical Keyboard,3,07-12-2025 16:24,85,CUST-1051,United Kingdom
INV-538723,PROD-006,Desk Mat,1,07-12-2025 17:21,15.5,CUST-1011,United Kingdom
INV-538723,PROD-004,27-inch Monitor,3,07-12-2025 17:21,249.99,CUST-1011,United Kingdom
INV-538724,PROD-005,Bluetooth Headphones,1,07-12-2025 17:25,59.99,CUST-1017,United Kingdom
INV-538724,PROD-007,Ergonomic Office Chair,2,07-12-2025 17:25,199,CUST-1017,United Kingdom
INV-538724,PROD-002,Mechanical Keyboard,1,07-12-2025 17:25,85,CUST-1017,United Kingdom
INV-538724,PROD-001,Wireless Mouse,2,07-12-2025 17:25,25,CUST-1017,United Kingdom
INV-538725,PROD-007,Ergonomic Office Chair,1,08-12-2025 09:25,199,CUST-1074,United Kingdom
INV-538725,PROD-004,27-inch Monitor,1,08-12-2025 09:25,249.99,CUST-1074,United Kingdom
INV-538726,PROD-007,Ergonomic Office Chair,3,08-12-2025 10:23,199,CUST-1067,United Kingdom
INV-538726,PROD-002,Mechanical Keyboard,2,08-12-2025 10:23,85,CUST-1067,United Kingdom
INV-538726,PROD-003,USB-C Hub,2,08-12-2025 10:23,35,CUST-1067,United Kingdom
INV-538727,PROD-004,27-inch Monitor,14,08-12-2025 12:16,249.99,CUST-1065,United Kingdom
INV-538727,PROD-005,Bluetooth Headphones,7,08-12-2025 12:16,59.99,CUST-1065,United Kingdom
INV-538728,PROD-003,USB-C Hub,2,08-12-2025 13:51,35,CUST-1143,United Kingdom
INV-538728,PROD-006,Desk Mat,3,08-12-2025 13:51,15.5,CUST-1143,United Kingdom
INV-538728,PROD-004,27-inch Monitor,2,08-12-2025 13:51,249.99,CUST-1143,United Kingdom
INV-538728,PROD-001,Wireless Mouse,3,08-12-2025 13:51,25,CUST-1143,United Kingdom
INV-538729,PROD-004,27-inch Monitor,1,08-12-2025 15:01,249.99,CUST-1032,United Kingdom
INV-538729,PROD-006,Desk Mat,3,08-12-2025 15:01,15.5,CUST-1032,United Kingdom
INV-538729,PROD-003,USB-C Hub,2,08-12-2025 15:01,35,CUST-1032,United Kingdom
INV-538729,PROD-001,Wireless Mouse,2,08-12-2025 15:01,25,CUST-1032,United Kingdom
INV-538730,PROD-008,Laptop Stand,1,08-12-2025 15:05,29.99,CUST-1054,France
INV-538730,PROD-006,Desk Mat,3,08-12-2025 15:05,15.5,CUST-1054,France
INV-538730,PROD-005,Bluetooth Headphones,1,08-12-2025 15:05,59.99,CUST-1054,France
INV-538731,PROD-003,USB-C Hub,1,08-12-2025 16:45,35,CUST-1004,United Kingdom
INV-538731,PROD-007,Ergonomic Office Chair,2,08-12-2025 16:45,199,CUST-1004,United Kingdom
INV-538731,PROD-005,Bluetooth Headphones,2,08-12-2025 16:45,59.99,CUST-1004,United Kingdom
INV-538731,PROD-008,Laptop Stand,1,08-12-2025 16:45,29.99,CUST-1004,United Kingdom
INV-538732,PROD-004,27-inch Monitor,6,09-12-2025 13:21,249.99,CUST-1005,United Kingdom
INV-538732,PROD-002,Mechanical Keyboard,18,09-12-2025 13:21,85,CUST-1005,United Kingdom
INV-538732,PROD-005,Bluetooth Headphones,6,09-12-2025 13:21,59.99,CUST-1005,United Kingdom
INV-538732,PROD-008,Laptop Stand,12,09-12-2025 13:21,29.99,CUST-1005,United Kingdom
INV-538733,PROD-001,Wireless Mouse,2,09-12-2025 14:21,25,CUST-1126,Germany
INV-538733,PROD-005,Bluetooth Headphones,1,09-12-2025 14:21,59.99,CUST-1126,Germany
INV-538733,PROD-006,Desk Mat,2,09-12-2025 14:21,15.5,CUST-1126,Germany
INV-538734,PROD-001,Wireless Mouse,1,09-12-2025 15:46,25,CUST-1172,United Kingdom
INV-538734,PROD-006,Desk Mat,1,09-12-2025 15:46,15.5,CUST-1172,United Kingdom
INV-538734,PROD-005,Bluetooth Headphones,3,09-12-2025 15:46,59.99,CUST-1172,United Kingdom
INV-538734,PROD-002,Mechanical Keyboard,2,09-12-2025 15:46,85,CUST-1172,United Kingdom
INV-538735,PROD-001,Wireless Mouse,1,10-12-2025 09:11,25,CUST-1167,United Kingdom
INV-538735,PROD-008,Laptop Stand,1,10-12-2025 09:11,29.99,CUST-1167,United Kingdom
INV-538735,PROD-003,USB-C Hub,2,10-12-2025 09:11,35,CUST-1167,United Kingdom
INV-538736,PROD-004,27-inch Monitor,2,10-12-2025 11:18,249.99,CUST-1186,France
INV-538737,PROD-008,Laptop Stand,2,10-12-2025 11:45,29.99,CUST-1091,United Kingdom
INV-538737,PROD-002,Mechanical Keyboard,2,10-12-2025 11:45,85,CUST-1091,United Kingdom
INV-538737,PROD-007,Ergonomic Office Chair,2,10-12-2025 11:45,199,CUST-1091,United Kingdom
INV-538737,PROD-005,Bluetooth Headphones,2,10-12-2025 11:45,59.99,CUST-1091,United Kingdom
INV-538738,PROD-006,Desk Mat,1,10-12-2025 13:32,15.5,CUST-1068,United Kingdom
INV-538738,PROD-005,Bluetooth Headphones,1,10-12-2025 13:32,59.99,CUST-1068,United Kingdom
INV-538738,PROD-002,Mechanical Keyboard,1,10-12-2025 13:32,85,CUST-1068,United Kingdom
INV-538738,PROD-003,USB-C Hub,1,10-12-2025 13:32,35,CUST-1068,United Kingdom
INV-538739,PROD-004,27-inch Monitor,3,10-12-2025 16:10,249.99,CUST-1117,France
INV-538739,PROD-007,Ergonomic Office Chair,3,10-12-2025 16:10,199,CUST-1117,France
INV-538739,PROD-008,Laptop Stand,1,10-12-2025 16:10,29.99,CUST-1117,France
INV-538739,PROD-005,Bluetooth Headphones,2,10-12-2025 16:10,59.99,CUST-1117,France
INV-538740,PROD-005,Bluetooth Headphones,3,11-12-2025 12:32,59.99,CUST-1072,United Kingdom
INV-538740,PROD-001,Wireless Mouse,3,11-12-2025 12:32,25,CUST-1072,United Kingdom
INV-538740,PROD-006,Desk Mat,1,11-12-2025 12:32,15.5,CUST-1072,United Kingdom
INV-538740,PROD-002,Mechanical Keyboard,1,11-12-2025 12:32,85,CUST-1072,United Kingdom
INV-538741,PROD-001,Wireless Mouse,3,11-12-2025 12:48,25,CUST-1138,United Kingdom
INV-538741,PROD-003,USB-C Hub,3,11-12-2025 12:48,35,CUST-1138,United Kingdom
INV-538742,PROD-001,Wireless Mouse,4,11-12-2025 13:41,25,CUST-1045,Germany
INV-538742,PROD-007,Ergonomic Office Chair,12,11-12-2025 13:41,199,CUST-1045,Germany
INV-538742,PROD-002,Mechanical Keyboard,12,11-12-2025 13:41,85,CUST-1045,Germany
INV-538742,PROD-003,USB-C Hub,8,11-12-2025 13:41,35,CUST-1045,Germany
INV-538743,PROD-007,Ergonomic Office Chair,2,11-12-2025 14:20,199,CUST-1034,United Kingdom
INV-538743,PROD-001,Wireless Mouse,1,11-12-2025 14:20,25,CUST-1034,United Kingdom
INV-538743,PROD-008,Laptop Stand,1,11-12-2025 14:20,29.99,CUST-1034,United Kingdom
INV-538743,PROD-005,Bluetooth Headphones,1,11-12-2025 14:20,59.99,CUST-1034,United Kingdom
INV-538744,PROD-001,Wireless Mouse,2,11-12-2025 16:12,25,CUST-1187,France
INV-538745,PROD-007,Ergonomic Office Chair,2,11-12-2025 16:42,199,CUST-1076,Germany
INV-538746,PROD-005,Bluetooth Headphones,3,11-12-2025 17:27,59.99,CUST-1123,United Kingdom
INV-538746,PROD-002,Mechanical Keyboard,2,11-12-2025 17:27,85,CUST-1123,United Kingdom
INV-538747,PROD-002,Mechanical Keyboard,1,12-12-2025 11:18,85,CUST-1187,Germany
INV-538747,PROD-008,Laptop Stand,1,12-12-2025 11:18,29.99,CUST-1187,Germany
INV-538747,PROD-006,Desk Mat,3,12-12-2025 11:18,15.5,CUST-1187,Germany
INV-538748,PROD-004,27-inch Monitor,2,12-12-2025 12:21,249.99,CUST-1096,United Kingdom
INV-538748,PROD-003,USB-C Hub,2,12-12-2025 12:21,35,CUST-1096,United Kingdom
INV-538748,PROD-008,Laptop Stand,3,12-12-2025 12:21,29.99,CUST-1096,United Kingdom
INV-538748,PROD-002,Mechanical Keyboard,2,12-12-2025 12:21,85,CUST-1096,United Kingdom
INV-538749,PROD-007,Ergonomic Office Chair,1,12-12-2025 12:48,199,CUST-1122,United Kingdom
INV-538749,PROD-005,Bluetooth Headphones,3,12-12-2025 12:48,59.99,CUST-1122,United Kingdom
INV-538750,PROD-004,27-inch Monitor,2,12-12-2025 13:08,249.99,CUST-1144,Germany
INV-538750,PROD-001,Wireless Mouse,3,12-12-2025 13:08,25,CUST-1144,Germany
INV-538751,PROD-003,USB-C Hub,3,12-12-2025 13:49,35,CUST-1066,United Kingdom
INV-538752,PROD-007,Ergonomic Office Chair,3,12-12-2025 14:00,199,CUST-1188,Germany
INV-538752,PROD-005,Bluetooth Headphones,1,12-12-2025 14:00,59.99,CUST-1188,Germany
INV-538752,PROD-006,Desk Mat,1,12-12-2025 14:00,15.5,CUST-1188,Germany
INV-538753,PROD-008,Laptop Stand,3,12-12-2025 14:03,29.99,CUST-1188,Germany
INV-538753,PROD-004,27-inch Monitor,1,12-12-2025 14:03,249.99,CUST-1188,Germany
INV-538753,PROD-007,Ergonomic Office Chair,1,12-12-2025 14:03,199,CUST-1188,Germany
INV-538754,PROD-008,Laptop Stand,1,12-12-2025 14:56,29.99,CUST-1187,Germany
INV-538754,PROD-004,27-inch Monitor,3,12-12-2025 14:56,249.99,CUST-1187,Germany
INV-538755,PROD-003,USB-C Hub,3,12-12-2025 15:17,35,CUST-1178,United Kingdom
INV-538755,PROD-004,27-inch Monitor,3,12-12-2025 15:17,249.99,CUST-1178,United Kingdom
INV-538755,PROD-008,Laptop Stand,3,12-12-2025 15:17,29.99,CUST-1178,United Kingdom
INV-538755,PROD-001,Wireless Mouse,1,12-12-2025 15:17,25,CUST-1178,United Kingdom
INV-538756,PROD-006,Desk Mat,1,12-12-2025 17:09,15.5,CUST-1076,United Kingdom
INV-538756,PROD-007,Ergonomic Office Chair,2,12-12-2025 17:09,199,CUST-1076,United Kingdom
INV-538756,PROD-004,27-inch Monitor,2,12-12-2025 17:09,249.99,CUST-1076,United Kingdom
INV-538756,PROD-005,Bluetooth Headphones,2,12-12-2025 17:09,59.99,CUST-1076,United Kingdom
INV-538757,PROD-007,Ergonomic Office Chair,2,12-12-2025 17:51,199,CUST-1144,Germany
INV-538757,PROD-004,27-inch Monitor,2,12-12-2025 17:51,249.99,CUST-1144,Germany
INV-538758,PROD-002,Mechanical Keyboard,12,13-12-2025 10:51,85,CUST-1175,United Kingdom
INV-538758,PROD-003,USB-C Hub,12,13-12-2025 10:51,35,CUST-1175,United Kingdom
INV-538759,PROD-002,Mechanical Keyboard,2,13-12-2025 12:38,85,CUST-1063,United Kingdom
INV-538759,PROD-004,27-inch Monitor,2,13-12-2025 12:38,249.99,CUST-1063,United Kingdom
INV-538759,PROD-003,USB-C Hub,1,13-12-2025 12:38,35,CUST-1063,United Kingdom
INV-538759,PROD-005,Bluetooth Headphones,2,13-12-2025 12:38,59.99,CUST-1063,United Kingdom
INV-538760,PROD-007,Ergonomic Office Chair,3,13-12-2025 13:03,199,CUST-1154,United Kingdom
INV-538761,PROD-002,Mechanical Keyboard,2,14-12-2025 11:39,85,CUST-1023,France
INV-538761,PROD-004,27-inch Monitor,2,14-12-2025 11:39,249.99,CUST-1023,France
INV-538761,PROD-005,Bluetooth Headphones,1,14-12-2025 11:39,59.99,CUST-1023,France
INV-538762,PROD-008,Laptop Stand,3,14-12-2025 14:40,29.99,CUST-1011,France
INV-538762,PROD-004,27-inch Monitor,1,14-12-2025 14:40,249.99,CUST-1011,France
INV-538762,PROD-006,Desk Mat,2,14-12-2025 14:40,15.5,CUST-1011,France
INV-538762,PROD-002,Mechanical Keyboard,1,14-12-2025 14:40,85,CUST-1011,France
INV-538763,PROD-003,USB-C Hub,15,14-12-2025 15:29,35,CUST-1095,United Kingdom
INV-538764,PROD-002,Mechanical Keyboard,2,14-12-2025 17:38,85,CUST-1128,United Kingdom
INV-538764,PROD-005,Bluetooth Headphones,3,14-12-2025 17:38,59.99,CUST-1128,United Kingdom
INV-538765,PROD-003,USB-C Hub,1,14-12-2025 17:51,35,CUST-1158,United Kingdom
INV-538765,PROD-002,Mechanical Keyboard,2,14-12-2025 17:51,85,CUST-1158,United Kingdom
INV-538765,PROD-004,27-inch Monitor,1,14-12-2025 17:51,249.99,CUST-1158,United Kingdom
INV-538765,PROD-008,Laptop Stand,2,14-12-2025 17:51,29.99,CUST-1158,United Kingdom
INV-538766,PROD-007,Ergonomic Office Chair,14,15-12-2025 11:19,199,CUST-1070,Germany
INV-538766,PROD-008,Laptop Stand,7,15-12-2025 11:19,29.99,CUST-1070,Germany
INV-538766,PROD-001,Wireless Mouse,21,15-12-2025 11:19,25,CUST-1070,Germany
INV-538766,PROD-002,Mechanical Keyboard,14,15-12-2025 11:19,85,CUST-1070,Germany
INV-538767,PROD-008,Laptop Stand,3,15-12-2025 11:53,29.99,CUST-1191,France
INV-538767,PROD-001,Wireless Mouse,1,15-12-2025 11:53,25,CUST-1191,France
INV-538768,PROD-005,Bluetooth Headphones,8,15-12-2025 12:37,59.99,CUST-1085,Germany
INV-538768,PROD-003,USB-C Hub,12,15-12-2025 12:37,35,CUST-1085,Germany
INV-538768,PROD-004,27-inch Monitor,12,15-12-2025 12:37,249.99,CUST-1085,Germany
INV-538768,PROD-007,Ergonomic Office Chair,4,15-12-2025 12:37,199,CUST-1085,Germany
INV-538769,PROD-006,Desk Mat,3,15-12-2025 12:52,15.5,CUST-1116,United Kingdom
INV-538769,PROD-003,USB-C Hub,3,15-12-2025 12:52,35,CUST-1116,United Kingdom
INV-538769,PROD-007,Ergonomic Office Chair,2,15-12-2025 12:52,199,CUST-1116,United Kingdom
INV-538769,PROD-008,Laptop Stand,2,15-12-2025 12:52,29.99,CUST-1116,United Kingdom
INV-538770,PROD-008,Laptop Stand,3,15-12-2025 13:08,29.99,CUST-1102,United Kingdom
INV-538770,PROD-003,USB-C Hub,2,15-12-2025 13:08,35,CUST-1102,United Kingdom
INV-538770,PROD-002,Mechanical Keyboard,1,15-12-2025 13:08,85,CUST-1102,United Kingdom
INV-538770,PROD-004,27-inch Monitor,2,15-12-2025 13:08,249.99,CUST-1102,United Kingdom
INV-538771,PROD-006,Desk Mat,3,15-12-2025 14:24,15.5,CUST-1004,France
INV-538771,PROD-003,USB-C Hub,3,15-12-2025 14:24,35,CUST-1004,France
INV-538771,PROD-005,Bluetooth Headphones,1,15-12-2025 14:24,59.99,CUST-1004,France
INV-538772,PROD-002,Mechanical Keyboard,1,15-12-2025 16:20,85,CUST-1103,United Kingdom
INV-538772,PROD-005,Bluetooth Headphones,3,15-12-2025 16:20,59.99,CUST-1103,United Kingdom
INV-538772,PROD-008,Laptop Stand,2,15-12-2025 16:20,29.99,CUST-1103,United Kingdom
INV-538773,PROD-002,Mechanical Keyboard,3,16-12-2025 09:25,85,CUST-1056,Germany
INV-538773,PROD-006,Desk Mat,1,16-12-2025 09:25,15.5,CUST-1056,Germany
INV-538774,PROD-008,Laptop Stand,8,16-12-2025 10:31,29.99,CUST-1130,United Kingdom
INV-538774,PROD-005,Bluetooth Headphones,8,16-12-2025 10:31,59.99,CUST-1130,United Kingdom
INV-538774,PROD-007,Ergonomic Office Chair,4,16-12-2025 10:31,199,CUST-1130,United Kingdom
INV-538775,PROD-004,27-inch Monitor,2,16-12-2025 13:30,249.99,CUST-1049,United Kingdom
INV-538775,PROD-008,Laptop Stand,1,16-12-2025 13:30,29.99,CUST-1049,United Kingdom
INV-538776,PROD-005,Bluetooth Headphones,3,17-12-2025 09:34,59.99,CUST-1163,Germany
INV-538777,PROD-001,Wireless Mouse,2,17-12-2025 10:15,25,CUST-1004,Germany
INV-538778,PROD-001,Wireless Mouse,1,17-12-2025 13:28,25,CUST-1017,United Kingdom
INV-538779,PROD-001,Wireless Mouse,1,17-12-2025 13:40,25,CUST-1069,United Kingdom
INV-538779,PROD-004,27-inch Monitor,2,17-12-2025 13:40,249.99,CUST-1069,United Kingdom
INV-538780,PROD-008,Laptop Stand,1,17-12-2025 15:12,29.99,CUST-1007,United Kingdom
INV-538780,PROD-004,27-inch Monitor,1,17-12-2025 15:12,249.99,CUST-1007,United Kingdom
INV-538780,PROD-001,Wireless Mouse,1,17-12-2025 15:12,25,CUST-1007,United Kingdom
INV-538781,PROD-006,Desk Mat,1,17-12-2025 16:13,15.5,CUST-1014,Germany
INV-538781,PROD-001,Wireless Mouse,1,17-12-2025 16:13,25,CUST-1014,Germany
INV-538781,PROD-004,27-inch Monitor,2,17-12-2025 16:13,249.99,CUST-1014,Germany
INV-538781,PROD-005,Bluetooth Headphones,3,17-12-2025 16:13,59.99,CUST-1014,Germany
INV-538782,PROD-002,Mechanical Keyboard,2,17-12-2025 16:15,85,CUST-1047,United Kingdom
INV-538783,PROD-006,Desk Mat,1,18-12-2025 10:22,15.5,CUST-1107,United Kingdom
INV-538783,PROD-003,USB-C Hub,3,18-12-2025 10:22,35,CUST-1107,United Kingdom
INV-538784,PROD-008,Laptop Stand,2,18-12-2025 10:30,29.99,CUST-1028,United Kingdom
INV-538785,PROD-003,USB-C Hub,1,18-12-2025 15:52,35,CUST-1017,United Kingdom
INV-538785,PROD-007,Ergonomic Office Chair,3,18-12-2025 15:52,199,CUST-1017,United Kingdom
INV-538786,PROD-003,USB-C Hub,3,18-12-2025 17:47,35,CUST-1070,United Kingdom
INV-538787,PROD-001,Wireless Mouse,1,19-12-2025 09:44,25,CUST-1128,United Kingdom
INV-538787,PROD-003,USB-C Hub,3,19-12-2025 09:44,35,CUST-1128,United Kingdom
INV-538787,PROD-007,Ergonomic Office Chair,2,19-12-2025 09:44,199,CUST-1128,United Kingdom
INV-538787,PROD-008,Laptop Stand,3,19-12-2025 09:44,29.99,CUST-1128,United Kingdom
INV-538788,PROD-006,Desk Mat,15,19-12-2025 10:58,15.5,CUST-1040,Germany
INV-538788,PROD-003,USB-C Hub,10,19-12-2025 10:58,35,CUST-1040,Germany
INV-538789,PROD-001,Wireless Mouse,1,19-12-2025 14:43,25,CUST-1188,France
INV-538789,PROD-007,Ergonomic Office Chair,3,19-12-2025 14:43,199,CUST-1188,France
INV-538789,PROD-005,Bluetooth Headphones,2,19-12-2025 14:43,59.99,CUST-1188,France
INV-538790,PROD-006,Desk Mat,21,19-12-2025 15:14,15.5,CUST-1125,United Kingdom
INV-538790,PROD-007,Ergonomic Office Chair,21,19-12-2025 15:14,199,CUST-1125,United Kingdom
INV-538791,PROD-002,Mechanical Keyboard,3,19-12-2025 15:42,85,CUST-1059,United Kingdom
INV-538791,PROD-004,27-inch Monitor,2,19-12-2025 15:42,249.99,CUST-1059,United Kingdom
INV-538792,PROD-007,Ergonomic Office Chair,3,19-12-2025 16:02,199,CUST-1189,United Kingdom
INV-538793,PROD-002,Mechanical Keyboard,2,19-12-2025 16:19,85,CUST-1076,France
INV-538793,PROD-001,Wireless Mouse,2,19-12-2025 16:19,25,CUST-1076,France
INV-538794,PROD-008,Laptop Stand,6,20-12-2025 09:42,29.99,CUST-1125,United Kingdom
INV-538794,PROD-003,USB-C Hub,3,20-12-2025 09:42,35,CUST-1125,United Kingdom
INV-538795,PROD-005,Bluetooth Headphones,3,20-12-2025 11:12,59.99,CUST-1193,United Kingdom
INV-538795,PROD-003,USB-C Hub,2,20-12-2025 11:12,35,CUST-1193,United Kingdom
INV-538795,PROD-002,Mechanical Keyboard,3,20-12-2025 11:12,85,CUST-1193,United Kingdom
INV-538795,PROD-004,27-inch Monitor,3,20-12-2025 11:12,249.99,CUST-1193,United Kingdom
INV-538796,PROD-002,Mechanical Keyboard,1,20-12-2025 12:01,85,CUST-1117,United Kingdom
INV-538796,PROD-007,Ergonomic Office Chair,2,20-12-2025 12:01,199,CUST-1117,United Kingdom
INV-538797,PROD-001,Wireless Mouse,2,20-12-2025 12:50,25,CUST-1111,France
INV-538798,PROD-002,Mechanical Keyboard,3,20-12-2025 14:10,85,CUST-1018,United Kingdom
INV-538798,PROD-004,27-inch Monitor,1,20-12-2025 14:10,249.99,CUST-1018,United Kingdom
INV-538799,PROD-008,Laptop Stand,8,20-12-2025 16:39,29.99,CUST-1105,France
INV-538799,PROD-003,USB-C Hub,8,20-12-2025 16:39,35,CUST-1105,France
INV-538799,PROD-004,27-inch Monitor,8,20-12-2025 16:39,249.99,CUST-1105,France
INV-538800,PROD-006,Desk Mat,2,20-12-2025 17:22,15.5,CUST-1186,United Kingdom
INV-538800,PROD-003,USB-C Hub,1,20-12-2025 17:22,35,CUST-1186,United Kingdom
INV-538801,PROD-005,Bluetooth Headphones,3,21-12-2025 09:03,59.99,CUST-1062,Germany
INV-538801,PROD-008,Laptop Stand,3,21-12-2025 09:03,29.99,CUST-1062,Germany
INV-538801,PROD-001,Wireless Mouse,3,21-12-2025 09:03,25,CUST-1062,Germany
INV-538802,PROD-007,Ergonomic Office Chair,3,21-12-2025 09:23,199,CUST-1117,United Kingdom
INV-538803,PROD-007,Ergonomic Office Chair,3,21-12-2025 10:13,199,CUST-1041,United Kingdom
INV-538803,PROD-006,Desk Mat,1,21-12-2025 10:13,15.5,CUST-1041,United Kingdom
INV-538803,PROD-004,27-inch Monitor,1,21-12-2025 10:13,249.99,CUST-1041,United Kingdom
INV-538804,PROD-001,Wireless Mouse,2,21-12-2025 11:15,25,CUST-1186,France
INV-538804,PROD-002,Mechanical Keyboard,1,21-12-2025 11:15,85,CUST-1186,France
INV-538805,PROD-006,Desk Mat,8,21-12-2025 12:12,15.5,CUST-1065,United Kingdom
INV-538806,PROD-002,Mechanical Keyboard,18,21-12-2025 12:20,85,CUST-1160,United Kingdom
INV-538806,PROD-005,Bluetooth Headphones,6,21-12-2025 12:20,59.99,CUST-1160,United Kingdom
INV-538806,PROD-007,Ergonomic Office Chair,12,21-12-2025 12:20,199,CUST-1160,United Kingdom
INV-538807,PROD-008,Laptop Stand,3,21-12-2025 12:57,29.99,CUST-1053,Germany
INV-538807,PROD-003,USB-C Hub,2,21-12-2025 12:57,35,CUST-1053,Germany
INV-538808,PROD-002,Mechanical Keyboard,12,21-12-2025 16:07,85,CUST-1065,United Kingdom
INV-538809,PROD-007,Ergonomic Office Chair,4,21-12-2025 16:53,199,CUST-1140,United Kingdom
INV-538809,PROD-006,Desk Mat,4,21-12-2025 16:53,15.5,CUST-1140,United Kingdom
INV-538809,PROD-005,Bluetooth Headphones,4,21-12-2025 16:53,59.99,CUST-1140,United Kingdom
INV-538810,PROD-004,27-inch Monitor,1,22-12-2025 13:22,249.99,CUST-1142,France
INV-538810,PROD-006,Desk Mat,1,22-12-2025 13:22,15.5,CUST-1142,France
INV-538811,PROD-004,27-inch Monitor,2,22-12-2025 15:14,249.99,CUST-1177,United Kingdom
INV-538812,PROD-006,Desk Mat,8,22-12-2025 15:57,15.5,CUST-1150,France
INV-538812,PROD-002,Mechanical Keyboard,8,22-12-2025 15:57,85,CUST-1150,France
INV-538813,PROD-003,USB-C Hub,2,22-12-2025 16:11,35,CUST-1107,United Kingdom
INV-538813,PROD-002,Mechanical Keyboard,2,22-12-2025 16:11,85,CUST-1107,United Kingdom
INV-538813,PROD-001,Wireless Mouse,3,22-12-2025 16:11,25,CUST-1107,United Kingdom
INV-538814,PROD-007,Ergonomic Office Chair,3,22-12-2025 16:38,199,CUST-1149,France
INV-538814,PROD-001,Wireless Mouse,2,22-12-2025 16:38,25,CUST-1149,France
INV-538814,PROD-006,Desk Mat,1,22-12-2025 16:38,15.5,CUST-1149,France
INV-538815,PROD-005,Bluetooth Headphones,1,23-12-2025 12:33,59.99,CUST-1073,United Kingdom
INV-538815,PROD-004,27-inch Monitor,2,23-12-2025 12:33,249.99,CUST-1073,United Kingdom
INV-538815,PROD-002,Mechanical Keyboard,2,23-12-2025 12:33,85,CUST-1073,United Kingdom
INV-538816,PROD-003,USB-C Hub,3,23-12-2025 13:35,35,CUST-1109,Germany
INV-538816,PROD-001,Wireless Mouse,1,23-12-2025 13:35,25,CUST-1109,Germany
INV-538816,PROD-002,Mechanical Keyboard,3,23-12-2025 13:35,85,CUST-1109,Germany
INV-538816,PROD-005,Bluetooth Headphones,1,23-12-2025 13:35,59.99,CUST-1109,Germany
INV-538817,PROD-006,Desk Mat,3,23-12-2025 14:48,15.5,CUST-1123,United Kingdom
INV-538817,PROD-001,Wireless Mouse,1,23-12-2025 14:48,25,CUST-1123,United Kingdom
INV-538817,PROD-008,Laptop Stand,1,23-12-2025 14:48,29.99,CUST-1123,United Kingdom
INV-538818,PROD-007,Ergonomic Office Chair,2,23-12-2025 15:07,199,CUST-1172,France
INV-538818,PROD-003,USB-C Hub,3,23-12-2025 15:07,35,CUST-1172,France
INV-538818,PROD-001,Wireless Mouse,2,23-12-2025 15:07,25,CUST-1172,France
INV-538818,PROD-006,Desk Mat,1,23-12-2025 15:07,15.5,CUST-1172,France
INV-538819,PROD-003,USB-C Hub,1,23-12-2025 17:23,35,CUST-1138,United Kingdom
INV-538819,PROD-004,27-inch Monitor,3,23-12-2025 17:23,249.99,CUST-1138,United Kingdom
INV-538820,PROD-002,Mechanical Keyboard,3,24-12-2025 13:51,85,CUST-1168,Germany
INV-538820,PROD-001,Wireless Mouse,2,24-12-2025 13:51,25,CUST-1168,Germany
INV-538820,PROD-006,Desk Mat,2,24-12-2025 13:51,15.5,CUST-1168,Germany
INV-538820,PROD-008,Laptop Stand,3,24-12-2025 13:51,29.99,CUST-1168,Germany
INV-538821,PROD-004,27-inch Monitor,3,24-12-2025 14:58,249.99,CUST-1011,United Kingdom
INV-538821,PROD-008,Laptop Stand,1,24-12-2025 14:58,29.99,CUST-1011,United Kingdom
INV-538821,PROD-006,Desk Mat,3,24-12-2025 14:58,15.5,CUST-1011,United Kingdom
INV-538821,PROD-003,USB-C Hub,3,24-12-2025 14:58,35,CUST-1011,United Kingdom
INV-538822,PROD-004,27-inch Monitor,9,24-12-2025 15:03,249.99,CUST-1180,Germany
INV-538822,PROD-001,Wireless Mouse,3,24-12-2025 15:03,25,CUST-1180,Germany
INV-538823,PROD-002,Mechanical Keyboard,12,24-12-2025 16:09,85,CUST-1050,Germany
INV-538823,PROD-005,Bluetooth Headphones,18,24-12-2025 16:09,59.99,CUST-1050,Germany
INV-538823,PROD-003,USB-C Hub,6,24-12-2025 16:09,35,CUST-1050,Germany
INV-538823,PROD-004,27-inch Monitor,6,24-12-2025 16:09,249.99,CUST-1050,Germany
INV-538824,PROD-001,Wireless Mouse,1,24-12-2025 16:58,25,CUST-1164,France
INV-538824,PROD-007,Ergonomic Office Chair,2,24-12-2025 16:58,199,CUST-1164,France
INV-538824,PROD-008,Laptop Stand,2,24-12-2025 16:58,29.99,CUST-1164,France
INV-538825,PROD-004,27-inch Monitor,3,24-12-2025 17:11,249.99,CUST-1103,France
INV-538826,PROD-006,Desk Mat,5,25-12-2025 10:01,15.5,CUST-1140,United Kingdom
INV-538826,PROD-003,USB-C Hub,5,25-12-2025 10:01,35,CUST-1140,United Kingdom
INV-538826,PROD-004,27-inch Monitor,15,25-12-2025 10:01,249.99,CUST-1140,United Kingdom
INV-538826,PROD-001,Wireless Mouse,5,25-12-2025 10:01,25,CUST-1140,United Kingdom
INV-538827,PROD-005,Bluetooth Headphones,3,25-12-2025 10:14,59.99,CUST-1166,United Kingdom
INV-538827,PROD-003,USB-C Hub,3,25-12-2025 10:14,35,CUST-1166,United Kingdom
INV-538827,PROD-007,Ergonomic Office Chair,2,25-12-2025 10:14,199,CUST-1166,United Kingdom
INV-538828,PROD-005,Bluetooth Headphones,6,25-12-2025 11:31,59.99,CUST-1055,United Kingdom
INV-538828,PROD-002,Mechanical Keyboard,12,25-12-2025 11:31,85,CUST-1055,United Kingdom
INV-538829,PROD-001,Wireless Mouse,3,25-12-2025 14:07,25,CUST-1003,United Kingdom
INV-538829,PROD-008,Laptop Stand,3,25-12-2025 14:07,29.99,CUST-1003,United Kingdom
INV-538829,PROD-007,Ergonomic Office Chair,1,25-12-2025 14:07,199,CUST-1003,United Kingdom
INV-538830,PROD-006,Desk Mat,2,25-12-2025 14:13,15.5,CUST-1056,United Kingdom
INV-538831,PROD-005,Bluetooth Headphones,3,25-12-2025 16:12,59.99,CUST-1181,United Kingdom
INV-538832,PROD-005,Bluetooth Headphones,7,25-12-2025 16:20,59.99,CUST-1125,United Kingdom
INV-538832,PROD-008,Laptop Stand,7,25-12-2025 16:20,29.99,CUST-1125,United Kingdom
INV-538833,PROD-007,Ergonomic Office Chair,3,26-12-2025 09:55,199,CUST-1056,Germany
INV-538833,PROD-008,Laptop Stand,2,26-12-2025 09:55,29.99,CUST-1056,Germany
INV-538833,PROD-001,Wireless Mouse,1,26-12-2025 09:55,25,CUST-1056,Germany
INV-538833,PROD-002,Mechanical Keyboard,3,26-12-2025 09:55,85,CUST-1056,Germany
INV-538834,PROD-008,Laptop Stand,2,26-12-2025 11:22,29.99,CUST-1139,France
INV-538835,PROD-001,Wireless Mouse,2,26-12-2025 11:29,25,CUST-1002,United Kingdom
INV-538835,PROD-004,27-inch Monitor,3,26-12-2025 11:29,249.99,CUST-1002,United Kingdom
INV-538836,PROD-001,Wireless Mouse,18,26-12-2025 12:14,25,CUST-1185,Germany
INV-538836,PROD-003,USB-C Hub,6,26-12-2025 12:14,35,CUST-1185,Germany
INV-538836,PROD-002,Mechanical Keyboard,6,26-12-2025 12:14,85,CUST-1185,Germany
INV-538836,PROD-006,Desk Mat,6,26-12-2025 12:14,15.5,CUST-1185,Germany
INV-538837,PROD-004,27-inch Monitor,2,26-12-2025 12:46,249.99,CUST-1181,Germany
INV-538837,PROD-003,USB-C Hub,3,26-12-2025 12:46,35,CUST-1181,Germany
INV-538837,PROD-005,Bluetooth Headphones,3,26-12-2025 12:46,59.99,CUST-1181,Germany
INV-538838,PROD-004,27-inch Monitor,1,26-12-2025 14:05,249.99,CUST-1074,United Kingdom
INV-538839,PROD-002,Mechanical Keyboard,1,27-12-2025 09:07,85,CUST-1091,United Kingdom
INV-538840,PROD-001,Wireless Mouse,1,27-12-2025 13:01,25,CUST-1066,United Kingdom
INV-538840,PROD-005,Bluetooth Headphones,1,27-12-2025 13:01,59.99,CUST-1066,United Kingdom
INV-538840,PROD-007,Ergonomic Office Chair,3,27-12-2025 13:01,199,CUST-1066,United Kingdom
INV-538840,PROD-003,USB-C Hub,2,27-12-2025 13:01,35,CUST-1066,United Kingdom
INV-538841,PROD-008,Laptop Stand,2,27-12-2025 16:13,29.99,CUST-1191,United Kingdom
INV-538841,PROD-004,27-inch Monitor,2,27-12-2025 16:13,249.99,CUST-1191,United Kingdom
INV-538842,PROD-003,USB-C Hub,3,27-12-2025 16:53,35,CUST-1052,United Kingdom
INV-538842,PROD-006,Desk Mat,3,27-12-2025 16:53,15.5,CUST-1052,United Kingdom
INV-538842,PROD-001,Wireless Mouse,1,27-12-2025 16:53,25,CUST-1052,United Kingdom
INV-538842,PROD-008,Laptop Stand,1,27-12-2025 16:53,29.99,CUST-1052,United Kingdom
INV-538843,PROD-006,Desk Mat,3,28-12-2025 09:56,15.5,CUST-1136,France
INV-538843,PROD-008,Laptop Stand,2,28-12-2025 09:56,29.99,CUST-1136,France
INV-538843,PROD-002,Mechanical Keyboard,3,28-12-2025 09:56,85,CUST-1136,France
INV-538844,PROD-001,Wireless Mouse,2,28-12-2025 12:14,25,CUST-1023,United Kingdom
INV-538844,PROD-004,27-inch Monitor,1,28-12-2025 12:14,249.99,CUST-1023,United Kingdom
INV-538844,PROD-003,USB-C Hub,2,28-12-2025 12:14,35,CUST-1023,United Kingdom
INV-538844,PROD-007,Ergonomic Office Chair,1,28-12-2025 12:14,199,CUST-1023,United Kingdom
INV-538845,PROD-003,USB-C Hub,1,28-12-2025 12:51,35,CUST-1191,United Kingdom
INV-538845,PROD-005,Bluetooth Headphones,2,28-12-2025 12:51,59.99,CUST-1191,United Kingdom
INV-538846,PROD-006,Desk Mat,1,28-12-2025 14:04,15.5,CUST-1041,France
INV-538846,PROD-008,Laptop Stand,3,28-12-2025 14:04,29.99,CUST-1041,France
INV-538847,PROD-005,Bluetooth Headphones,1,28-12-2025 16:06,59.99,CUST-1143,Germany
INV-538847,PROD-002,Mechanical Keyboard,1,28-12-2025 16:06,85,CUST-1143,Germany
INV-538847,PROD-007,Ergonomic Office Chair,3,28-12-2025 16:06,199,CUST-1143,Germany
INV-538847,PROD-003,USB-C Hub,2,28-12-2025 16:06,35,CUST-1143,Germany
INV-538848,PROD-004,27-inch Monitor,3,28-12-2025 16:55,249.99,CUST-1087,United Kingdom
INV-538848,PROD-002,Mechanical Keyboard,1,28-12-2025 16:55,85,CUST-1087,United Kingdom
INV-538848,PROD-007,Ergonomic Office Chair,1,28-12-2025 16:55,199,CUST-1087,United Kingdom
INV-538848,PROD-005,Bluetooth Headphones,1,28-12-2025 16:55,59.99,CUST-1087,United Kingdom
INV-538849,PROD-008,Laptop Stand,2,29-12-2025 11:49,29.99,CUST-1174,United Kingdom
INV-538849,PROD-006,Desk Mat,3,29-12-2025 11:49,15.5,CUST-1174,United Kingdom
INV-538849,PROD-007,Ergonomic Office Chair,2,29-12-2025 11:49,199,CUST-1174,United Kingdom
INV-538850,PROD-001,Wireless Mouse,12,29-12-2025 15:01,25,CUST-1070,United Kingdom
INV-538850,PROD-004,27-inch Monitor,6,29-12-2025 15:01,249.99,CUST-1070,United Kingdom
INV-538851,PROD-008,Laptop Stand,3,29-12-2025 16:17,29.99,CUST-1046,United Kingdom
INV-538852,PROD-008,Laptop Stand,2,30-12-2025 09:29,29.99,CUST-1031,Germany
INV-538852,PROD-003,USB-C Hub,1,30-12-2025 09:29,35,CUST-1031,Germany
INV-538852,PROD-006,Desk Mat,2,30-12-2025 09:29,15.5,CUST-1031,Germany
INV-538852,PROD-007,Ergonomic Office Chair,2,30-12-2025 09:29,199,CUST-1031,Germany
INV-538853,PROD-002,Mechanical Keyboard,3,30-12-2025 10:29,85,CUST-1109,Germany
INV-538853,PROD-008,Laptop Stand,3,30-12-2025 10:29,29.99,CUST-1109,Germany
INV-538853,PROD-006,Desk Mat,3,30-12-2025 10:29,15.5,CUST-1109,Germany
INV-538853,PROD-005,Bluetooth Headphones,1,30-12-2025 10:29,59.99,CUST-1109,Germany
INV-538854,PROD-007,Ergonomic Office Chair,2,30-12-2025 12:58,199,CUST-1186,United Kingdom
INV-538854,PROD-002,Mechanical Keyboard,3,30-12-2025 12:58,85,CUST-1186,United Kingdom
INV-538854,PROD-001,Wireless Mouse,2,30-12-2025 12:58,25,CUST-1186,United Kingdom
INV-538854,PROD-004,27-inch Monitor,3,30-12-2025 12:58,249.99,CUST-1186,United Kingdom
INV-538855,PROD-002,Mechanical Keyboard,2,30-12-2025 17:06,85,CUST-1132,Germany
INV-538855,PROD-005,Bluetooth Headphones,2,30-12-2025 17:06,59.99,CUST-1132,Germany
INV-538855,PROD-004,27-inch Monitor,3,30-12-2025 17:06,249.99,CUST-1132,Germany
INV-538856,PROD-005,Bluetooth Headphones,1,30-12-2025 17:20,59.99,CUST-1121,United Kingdom
INV-538857,PROD-001,Wireless Mouse,1,31-12-2025 10:08,25,CUST-1081,United Kingdom
INV-538857,PROD-006,Desk Mat,3,31-12-2025 10:08,15.5,CUST-1081,United Kingdom
INV-538857,PROD-003,USB-C Hub,1,31-12-2025 10:08,35,CUST-1081,United Kingdom
INV-538858,PROD-005,Bluetooth Headphones,3,31-12-2025 11:46,59.99,CUST-1053,France
INV-538858,PROD-004,27-inch Monitor,3,31-12-2025 11:46,249.99,CUST-1053,France
INV-538859,PROD-006,Desk Mat,1,31-12-2025 12:29,15.5,CUST-1006,United Kingdom
INV-538859,PROD-002,Mechanical Keyboard,3,31-12-2025 12:29,85,CUST-1006,United Kingdom
INV-538859,PROD-004,27-inch Monitor,3,31-12-2025 12:29,249.99,CUST-1006,United Kingdom
INV-538860,PROD-003,USB-C Hub,15,31-12-2025 12:32,35,CUST-1115,Germany
INV-538860,PROD-008,Laptop Stand,15,31-12-2025 12:32,29.99,CUST-1115,Germany
INV-538861,PROD-004,27-inch Monitor,1,31-12-2025 13:03,249.99,CUST-1151,France
INV-538861,PROD-001,Wireless Mouse,1,31-12-2025 13:03,25,CUST-1151,France
INV-538861,PROD-002,Mechanical Keyboard,3,31-12-2025 13:03,85,CUST-1151,France
INV-538862,PROD-001,Wireless Mouse,6,31-12-2025 14:23,25,CUST-1135,United Kingdom
INV-538862,PROD-006,Desk Mat,9,31-12-2025 14:23,15.5,CUST-1135,United Kingdom
INV-538862,PROD-002,Mechanical Keyboard,3,31-12-2025 14:23,85,CUST-1135,United Kingdom
INV-538862,PROD-005,Bluetooth Headphones,9,31-12-2025 14:23,59.99,CUST-1135,United Kingdom
INV-538863,PROD-003,USB-C Hub,3,31-12-2025 14:27,35,CUST-1139,France
INV-538863,PROD-008,Laptop Stand,3,31-12-2025 14:27,29.99,CUST-1139,France
INV-538863,PROD-005,Bluetooth Headphones,3,31-12-2025 14:27,59.99,CUST-1139,France
INV-538863,PROD-002,Mechanical Keyboard,1,31-12-2025 14:27,85,CUST-1139,France
INV-538864,PROD-001,Wireless Mouse,1,31-12-2025 14:36,25,CUST-1084,United Kingdom
INV-538864,PROD-004,27-inch Monitor,2,31-12-2025 14:36,249.99,CUST-1084,United Kingdom
